가맹점명,가맹점유형,업종명,시도명,시군구명,시군구코드,소재지도로명주소,전화번호,관리기관명,관리기관전화번호,데이터기준일자
(뉴)진수성찬,일반가맹점,한식,강원특별자치도,춘천시,4181000,강원특별자치도 춘천시 공지로 450 1층,,강원특별자치도 춘천시청,033-250-4043,2025-07-14
(사) 담배인삼공제회 (세인트콕스),일반가맹점,일반대중음식,강원특별자치도,춘천시,4181000,"강원특별자치도춘천시 스포츠타운길399번길 22, 1층 (삼천동)",033-253-4757,강원특별자치도 춘천시청,033-250-4043,2025-07-14
(주) 아워홈 더플레이어스GC점,일반가맹점,한식,강원특별자치도,춘천시,4181000,강원특별자치도 춘천시 동산면 새술막길 438 1층,033-250-5042,강원특별자치도 춘천시청,033-250-4043,2025-07-14
(주) 코리아세븐 춘천퇴계마루점,편의점,편의점,강원특별자치도,춘천시,4181000,"강원특별자치도춘천시 퇴계농공로 12, 1동 109호 (석사동, 로얄프라자)",02-1577-0711,강원특별자치도 춘천시청,033-250-4043,2025-07-14
(주) 통나무집닭갈비,일반가맹점,한식,강원특별자치도,춘천시,4181000,강원특별자치도춘천시 신북읍 신샘밭로 763,033-241-5999,강원특별자치도 춘천시청,033-250-4043,2025-07-14
(주) 플로팅플로우 (Floating Flow Co Ltd),일반가맹점,일반대중음식,강원특별자치도,춘천시,4181000,강원특별자치도 춘천시 남면 충효로 1219-110 .,,강원특별자치도 춘천시청,033-250-4043,2025-07-14
(주)더원 춘천명동지점,일반가맹점,일식,강원특별자치도,춘천시,4181000,강원특별자치도 춘천시 시청길10번길 4 1층,033-253-8899,강원특별자치도 춘천시청,033-250-4043,2025-07-14
(주)보광훼미리춘천명동점,편의점,편의점,강원특별자치도,춘천시,4181000,강원특별자치도춘천시 중앙로 63-1 (중앙로2가),033-256-3561,강원특별자치도 춘천시청,033-250-4043,2025-07-14
(주)비지에프리테일 강원대BTL기숙사점,편의점,편의점,강원특별자치도,춘천시,4181000,"강원특별자치도춘천시 강원대학길 1, 민자학생생활관 1층 (효자동, 강원대학교)",02-1577-8007,강원특별자치도 춘천시청,033-250-4043,2025-07-14
(주)비지에프리테일 한림춘천성심병원점,편의점,편의점,강원특별자치도,춘천시,4181000,"강원특별자치도춘천시 삭주로 77 (교동, 춘천성심병원)",033-2522-2510,강원특별자치도 춘천시청,033-250-4043,2025-07-14
(주)빌텍 강원대병원점,일반가맹점,일반대중음식,강원특별자치도,춘천시,4181000,강원특별자치도 춘천시 백령로 156 지하1층,02-2052-2854,강원특별자치도 춘천시청,033-250-4043,2025-07-14
(주)아워홈 한림대학교점,일반가맹점,한식,강원특별자치도,춘천시,4181000,강원특별자치도춘천시 옥천동 1번지,02-2175-4188,강원특별자치도 춘천시청,033-250-4043,2025-07-14
(주)아워홈 한림대학교점,일반가맹점,한식,강원특별자치도,춘천시,4181000,강원특별자치도춘천시 봉의산길22번길 29 (옥천동),070-8662-2102,강원특별자치도 춘천시청,033-250-4043,2025-07-14
(주)예인미술 그리고 봄,일반가맹점,일반대중음식,강원특별자치도,춘천시,4181000,"강원특별자치도 춘천시 남산면 강촌구곡길 171 1,2층",,강원특별자치도 춘천시청,033-250-4043,2025-07-14
(주)유포리막국수,일반가맹점,한식,강원특별자치도,춘천시,4181000,강원특별자치도 춘천시 신북읍 맥국2길 123 1층,033-242-5168,강원특별자치도 춘천시청,033-250-4043,2025-07-14
(주)육설모 춘천점,일반가맹점,한식,강원특별자치도,춘천시,4181000,강원특별자치도 춘천시 영서로2279번길 16 1층,033-251-2900,강원특별자치도 춘천시청,033-250-4043,2025-07-14
(주)이마트 춘천점,주부식가맹점,할인점/슈퍼마켓,강원특별자치도,춘천시,4181000,강원특별자치도춘천시 온의동 511,033-240-1234,강원특별자치도 춘천시청,033-250-4043,2025-07-14
(주)이씨엠디강원대병원,일반가맹점,한식,강원특별자치도,춘천시,4181000,강원특별자치도춘천시 백령로 156 (효자동),033-244-9749,강원특별자치도 춘천시청,033-250-4043,2025-07-14
(주)춘천민물장어,일반가맹점,한식,강원특별자치도,춘천시,4181000,강원특별자치도 춘천시 동내면 거두택지길 41-93 춘천민물장어,033-263-8252,강원특별자치도 춘천시청,033-250-4043,2025-07-14
(주)춤추는산토리니,일반가맹점,양식,강원특별자치도,춘천시,4181000,"강원특별자치도춘천시 동면 순환대로 1154-97, 2층",033-242-0069,강원특별자치도 춘천시청,033-250-4043,2025-07-14
(주)코리아세븐 춘천석사제일점,편의점,편의점,강원특별자치도,춘천시,4181000,"강원특별자치도춘천시 벌말길 111, 1층 (석사동)",033-1577-0711,강원특별자치도 춘천시청,033-250-4043,2025-07-14
(주)코리아세븐 춘천세영리첼점,편의점,편의점,강원특별자치도,춘천시,4181000,"강원특별자치도춘천시 김유정로 1864 , 상가동 102호, 103호 (퇴계동)",033-1577-0711,강원특별자치도 춘천시청,033-250-4043,2025-07-14
(주)코리아세븐 춘천장학주공점,편의점,편의점,강원특별자치도,춘천시,4181000,"강원특별자치도춘천시 동면 소양강로 100, 상가 1층 103호 (춘천장학엘에이치1단지아파트)",02-1577-0711,강원특별자치도 춘천시청,033-250-4043,2025-07-14
(주)코리아세븐 춘천한림대점,편의점,편의점,강원특별자치도,춘천시,4181000,"강원특별자치도춘천시 봉의산길22번길 24-1, 1층 (옥천동)",033-1577-0711,강원특별자치도 춘천시청,033-250-4043,2025-07-14
(주)코리아세븐춘천남춘천로점,편의점,편의점,강원특별자치도,춘천시,4181000,강원특별자치도춘천시 남춘로 36 (효자동),02-1577-0711,강원특별자치도 춘천시청,033-250-4043,2025-07-14
(주)텐시코리아,일반가맹점,한식,강원특별자치도,춘천시,4181000,강원특별자치도 춘천시 동면 춘천순환로 388 1층,033-242-9990,강원특별자치도 춘천시청,033-250-4043,2025-07-14
(주)토담,일반가맹점,한식,강원특별자치도,춘천시,4181000,강원특별자치도춘천시 신북읍 신샘밭로 658,033-241-5399,강원특별자치도 춘천시청,033-250-4043,2025-07-14
(주)토담(어스17),일반가맹점,일반대중음식,강원특별자치도,춘천시,4181000,강원특별자치도 춘천시 신북읍 신샘밭로 766 .,033-244-7877,강원특별자치도 춘천시청,033-250-4043,2025-07-14
100년명동한식,일반가맹점,일식,강원특별자치도,춘천시,4181000,"강원특별자치도춘천시 중앙로 41-3, 2층 (중앙로1가)",033-255-7303,강원특별자치도 춘천시청,033-250-4043,2025-07-14
102국밥,일반가맹점,한식,강원특별자치도,춘천시,4181000,강원특별자치도 춘천시 신북읍 영서로 3278 .,033-255-0102,강원특별자치도 춘천시청,033-250-4043,2025-07-14
119닭갈비,일반가맹점,한식,강원특별자치도,춘천시,4181000,강원특별자치도춘천시 남춘로36번길 89 (퇴계동),031-435-3376,강원특별자치도 춘천시청,033-250-4043,2025-07-14
1973우육면관,일반가맹점,한식,강원특별자치도,춘천시,4181000,강원특별자치도 춘천시 춘천로 335 (후평동),033-255-3555,강원특별자치도 춘천시청,033-250-4043,2025-07-14
1973우육면관,일반가맹점,중식,강원특별자치도,춘천시,4181000,강원특별자치도 춘천시 춘천로 335 1층,033-255-3555,강원특별자치도 춘천시청,033-250-4043,2025-07-14
19티,일반가맹점,일반대중음식,강원특별자치도,춘천시,4181000,강원특별자치도 춘천시 서부대성로239번길 13 1층,,강원특별자치도 춘천시청,033-250-4043,2025-07-14
1단지 김밥,일반가맹점,한식,강원특별자치도,춘천시,4181000,강원특별자치도 춘천시 춘천로310번길 24 1층(후평동),,강원특별자치도 춘천시청,033-250-4043,2025-07-14
1박2일모곡편의점,일반가맹점,한식,강원특별자치도,춘천시,4181000,강원특별자치도 춘천시 남면 한덕발산길 17 1층,,강원특별자치도 춘천시청,033-250-4043,2025-07-14
214도넛,일반가맹점,제과점,강원특별자치도,춘천시,4181000,강원특별자치도 춘천시 효자로150번길 23 1층,033-261-1002,강원특별자치도 춘천시청,033-250-4043,2025-07-14
234산장가든,일반가맹점,한식,강원특별자치도,춘천시,4181000,강원특별자치도춘천시 남산면 서백길 86-9,033-263-2523,강원특별자치도 춘천시청,033-250-4043,2025-07-14
24 전주명가콩나물국밥 장학점,일반가맹점,한식,강원특별자치도,춘천시,4181000,"강원특별자치도 춘천시 동면 춘천로 451 1층 101,102호",033-243-9882,강원특별자치도 춘천시청,033-250-4043,2025-07-14
25시김밥,일반가맹점,한식,강원특별자치도,춘천시,4181000,강원특별자치도춘천시 퇴계동 945번지 퇴계금호상가 1층 3호,033-264-2477,강원특별자치도 춘천시청,033-250-4043,2025-07-14
29페이지,일반가맹점,양식,강원특별자치도,춘천시,4181000,"강원특별자치도 춘천시 둥지길 18-9 1,2층",,강원특별자치도 춘천시청,033-250-4043,2025-07-14
2린닭갈비,일반가맹점,한식,강원특별자치도,춘천시,4181000,"강원특별자치도 춘천시 서부대성로239번길 47-26 ,2층",033-255-2632,강원특별자치도 춘천시청,033-250-4043,2025-07-14
3.6.3숯불구이,일반가맹점,한식,강원특별자치도,춘천시,4181000,강원특별자치도춘천시 삭주로 194 (후평동),033-257-3353,강원특별자치도 춘천시청,033-250-4043,2025-07-14
30년전통최인숙손두부,일반가맹점,한식,강원특별자치도,춘천시,4181000,"강원특별자치도 춘천시 동면 춘천순환로 709 2동,1층",033-241-0092,강원특별자치도 춘천시청,033-250-4043,2025-07-14
33떡볶이 후평점,일반가맹점,한식,강원특별자치도,춘천시,4181000,강원특별자치도 춘천시 후석로326번길 11 후평동,033-244-7733,강원특별자치도 춘천시청,033-250-4043,2025-07-14
33떡볶이앤꼬마김밥온의점,일반가맹점,한식,강원특별자치도,춘천시,4181000,강원특별자치도 춘천시 스포츠타운길 533 1층101호(온의동),033-257-9933,강원특별자치도 춘천시청,033-250-4043,2025-07-14
33떡볶이우두점,일반가맹점,한식,강원특별자치도,춘천시,4181000,강원특별자치도 춘천시 충열로 10-14 1층(우두동),033-251-3353,강원특별자치도 춘천시청,033-250-4043,2025-07-14
33떡볶이춘천거두점,일반가맹점,한식,강원특별자치도,춘천시,4181000,강원특별자치도 춘천시 동내면 춘천순환로 66 1층,033-264-3352,강원특별자치도 춘천시청,033-250-4043,2025-07-14
33떡볶이퇴계석사점,일반가맹점,일반대중음식,강원특별자치도,춘천시,4181000,강원특별자치도 춘천시 퇴계로 205 1층 102호,033-253-8833,강원특별자치도 춘천시청,033-250-4043,2025-07-14
486식당,일반가맹점,한식,강원특별자치도,춘천시,4181000,강원특별자치도 춘천시 벌말길 62 1층,,강원특별자치도 춘천시청,033-250-4043,2025-07-14
5.5닭갈비,일반가맹점,한식,강원특별자치도,춘천시,4181000,강원특별자치도춘천시 남춘로 33 (퇴계동),033-254-8327,강원특별자치도 춘천시청,033-250-4043,2025-07-14
"50년전통닭갈비,막국수",일반가맹점,한식,강원특별자치도,춘천시,4181000,강원특별자치도춘천시 춘주로92번길 38 (온의동),033-243-7776,강원특별자치도 춘천시청,033-250-4043,2025-07-14
59쌀피자,일반가맹점,패스트푸드,강원특별자치도,춘천시,4181000,강원특별자치도 춘천시 충열로 39 a동 108호,033-256-5956,강원특별자치도 춘천시청,033-250-4043,2025-07-14
59피자 퇴계점,일반가맹점,일반대중음식,강원특별자치도,춘천시,4181000,"강원특별자치도춘천시 승지골길16번길 16, 상가동 104호 (퇴계동, 퇴계7단지주공아파트)",033-255-5950,강원특별자치도 춘천시청,033-250-4043,2025-07-14
5감족발,일반가맹점,한식,강원특별자치도,춘천시,4181000,강원특별자치도 춘천시 효평길 43 1층,033-255-3098,강원특별자치도 춘천시청,033-250-4043,2025-07-14
60계 강원춘천후평점,일반가맹점,일반대중음식,강원특별자치도,춘천시,4181000,"강원특별자치도 춘천시 백령로 190 상가동 101호, 102호",033-255-0060,강원특별자치도 춘천시청,033-250-4043,2025-07-14
60계치킨 춘천교대점,일반가맹점,일반대중음식,강원특별자치도,춘천시,4181000,강원특별자치도 춘천시 공지로 119 1층,033-264-5122,강원특별자치도 춘천시청,033-250-4043,2025-07-14
60계치킨(춘천우두점),일반가맹점,일반대중음식,강원특별자치도,춘천시,4181000,강원특별자치도 춘천시 충열로16번길 5-15 1층,033-256-1060,강원특별자치도 춘천시청,033-250-4043,2025-07-14
60계치킨강대온의점,일반가맹점,일반대중음식,강원특별자치도,춘천시,4181000,"강원특별자치도춘천시 방송길 77, 1층 1115호 1135호 (온의동, 춘천센트럴타워푸르지오)",033-251-8043,강원특별자치도 춘천시청,033-250-4043,2025-07-14
7-ELEVEN남춘천광장점,편의점,편의점,강원특별자치도,춘천시,4181000,강원특별자치도춘천시 퇴계동 11토지구획정리사업지구38B5L1층,02-3284-8187,강원특별자치도 춘천시청,033-250-4043,2025-07-14
798삼천동고깃집,일반가맹점,한식,강원특별자치도,춘천시,4181000,강원특별자치도 춘천시 옛경춘로 798 1층(삼천동),033-257-8592,강원특별자치도 춘천시청,033-250-4043,2025-07-14
79치킨춘천1호점,일반가맹점,한식,강원특별자치도,춘천시,4181000,강원특별자치도 춘천시 윗무린개길 26 1층,033-264-7670,강원특별자치도 춘천시청,033-250-4043,2025-07-14
7번가피자춘천점,일반가맹점,패스트푸드,강원특별자치도,춘천시,4181000,강원특별자치도춘천시 후석로 55-1 (석사동),033-264-7277,강원특별자치도 춘천시청,033-250-4043,2025-07-14
88제육춘천점,일반가맹점,한식,강원특별자치도,춘천시,4181000,강원특별자치도 춘천시 후석로393번길 51 1층 좌측 상가(후평동),,강원특별자치도 춘천시청,033-250-4043,2025-07-14
88켄터키 파크자이점,일반가맹점,일반대중음식,강원특별자치도,춘천시,4181000,강원특별자치도 춘천시 스포츠타운길 458 상가동203호,,강원특별자치도 춘천시청,033-250-4043,2025-07-14
8월의중식,일반가맹점,중식,강원특별자치도,춘천시,4181000,강원특별자치도 춘천시 후석로393번길 39 (후평동),033-353-4033,강원특별자치도 춘천시청,033-250-4043,2025-07-14
9우미닭갈비,일반가맹점,한식,강원특별자치도,춘천시,4181000,강원특별자치도 춘천시 삭주로 116 1층,033-244-2614,강원특별자치도 춘천시청,033-250-4043,2025-07-14
9우미닭갈비만천점,일반가맹점,한식,강원특별자치도,춘천시,4181000,"강원특별자치도춘천시 동면 만천로143번길 46-4, 1층",033-255-8422,강원특별자치도 춘천시청,033-250-4043,2025-07-14
빽다방춘천강북점,일반가맹점,일반대중음식,강원특별자치도,춘천시,4181000,"강원특별자치도춘천시 충열로 1, 1층 102호 (우두동)",,강원특별자치도 춘천시청,033-250-4043,2025-07-14
BBQ 봄내행운점,일반가맹점,일반대중음식,강원특별자치도,춘천시,4181000,강원특별자치도 춘천시 퇴계로 221 .,033-261-9289,강원특별자치도 춘천시청,033-250-4043,2025-07-14
BBQ 애막골점,일반가맹점,일반대중음식,강원특별자치도,춘천시,4181000,강원특별자치도춘천시 우석로85번길 20-6 (석사동),033-263-9280,강원특별자치도 춘천시청,033-250-4043,2025-07-14
BBQ춘천강북점,일반가맹점,일반대중음식,강원특별자치도,춘천시,4181000,강원특별자치도 춘천시 충열로16번길 21-20 1층,033-243-9285,강원특별자치도 춘천시청,033-250-4043,2025-07-14
Blatter,일반가맹점,일반대중음식,강원특별자치도,춘천시,4181000,강원특별자치도 춘천시 동내면 금촌로 84-58 2층,,강원특별자치도 춘천시청,033-250-4043,2025-07-14
CHO O. K치킨,일반가맹점,일반대중음식,강원특별자치도,춘천시,4181000,강원특별자치도춘천시 춘천로 288  CHO O. K치킨,02-255-0989,강원특별자치도 춘천시청,033-250-4043,2025-07-14
CU 강원대 동문점,편의점,편의점,강원특별자치도,춘천시,4181000,"강원특별자치도춘천시 강원대학길 1 (효자동, 강원대학교)",033-250-7339,강원특별자치도 춘천시청,033-250-4043,2025-07-14
CU 강원대 백령점,편의점,편의점,강원특별자치도,춘천시,4181000,"강원특별자치도춘천시 강원대학길 1, 친환경농업연구센터 1층 (효자동, 강원대학교)",033-250-7794,강원특별자치도 춘천시청,033-250-4043,2025-07-14
CU 강원대60주년 기념관점,편의점,편의점,강원특별자치도,춘천시,4181000,"강원특별자치도춘천시 강원대학길 1, 1층 (효자동, 강원대학교)",033-250-7790,강원특별자치도 춘천시청,033-250-4043,2025-07-14
CU 강원대제3학생회관점,편의점,편의점,강원특별자치도,춘천시,4181000,"강원특별자치도춘천시 강원대학길 1, 1층 (효자동, 강원대학교)",02-1577-8007,강원특별자치도 춘천시청,033-250-4043,2025-07-14
CU 춘천 효제점,편의점,편의점,강원특별자치도,춘천시,4181000,강원특별자치도춘천시 효제길 24 (효자동),033-244-3283,강원특별자치도 춘천시청,033-250-4043,2025-07-14
CU 춘천강원일보점,편의점,편의점,강원특별자치도,춘천시,4181000,"강원특별자치도춘천시 중앙로 23, 지하1층 (중앙로1가, 강원일보사)",033-255-0920,강원특별자치도 춘천시청,033-250-4043,2025-07-14
CU 춘천고은쉼터점,편의점,편의점,강원특별자치도,춘천시,4181000,강원특별자치도춘천시 동내면 동내로 194,033-262-4454,강원특별자치도 춘천시청,033-250-4043,2025-07-14
CU 춘천교대원룸점,편의점,편의점,강원특별자치도,춘천시,4181000,"강원특별자치도춘천시 공지로 151, 1층 (석사동)",,강원특별자치도 춘천시청,033-250-4043,2025-07-14
CU 춘천동면점,편의점,편의점,강원특별자치도,춘천시,4181000,강원특별자치도춘천시 동면 가산로 81,033-241-4477,강원특별자치도 춘천시청,033-250-4043,2025-07-14
CU 춘천두미르2차점,편의점,편의점,강원특별자치도,춘천시,4181000,강원특별자치도춘천시 근화동 236-31 1층,033-256-3925,강원특별자치도 춘천시청,033-250-4043,2025-07-14
CU 춘천미소점,편의점,편의점,강원특별자치도,춘천시,4181000,강원특별자치도춘천시 근화길15번길 37 (근화동),033-243-1118,강원특별자치도 춘천시청,033-250-4043,2025-07-14
CU 춘천사농쉼터점,편의점,편의점,강원특별자치도,춘천시,4181000,"강원특별자치도춘천시 영서로 3057, 1층 (사농동)",033-242-9185,강원특별자치도 춘천시청,033-250-4043,2025-07-14
CU 춘천소양강점,편의점,편의점,강원특별자치도,춘천시,4181000,강원특별자치도춘천시 신북읍 신샘밭로 727,033-1577-3663,강원특별자치도 춘천시청,033-250-4043,2025-07-14
CU 춘천신북산천점,편의점,편의점,강원특별자치도,춘천시,4181000,"강원특별자치도춘천시 신북읍 장본길 2, 1층",033-244-1504,강원특별자치도 춘천시청,033-250-4043,2025-07-14
CU 춘천온의동점,편의점,편의점,강원특별자치도,춘천시,4181000,"강원특별자치도춘천시 영서로 2315-2, 1층 (온의동)",033-257-0778,강원특별자치도 춘천시청,033-250-4043,2025-07-14
CU 춘천칠전부영점,편의점,편의점,강원특별자치도,춘천시,4181000,"강원특별자치도춘천시 칠전서길 45, 상가동 101호 사랑으로부영아파트 (칠전동, 춘천칠전사랑으로부영아파트)",033-264-1894,강원특별자치도 춘천시청,033-250-4043,2025-07-14
CU 춘천터미널길점,편의점,편의점,강원특별자치도,춘천시,4181000,강원특별자치도춘천시 터미널길14번길 20 (온의동),033-252-0575,강원특별자치도 춘천시청,033-250-4043,2025-07-14
CU 춘천퇴계빌리지점,편의점,편의점,강원특별자치도,춘천시,4181000,"강원특별자치도춘천시 퇴계로69번길 11, 1층 (퇴계동)",,강원특별자치도 춘천시청,033-250-4043,2025-07-14
CU 춘천효자바위점,편의점,편의점,강원특별자치도,춘천시,4181000,강원특별자치도춘천시 춘천로213번길 8 (효자동),033-256-4007,강원특별자치도 춘천시청,033-250-4043,2025-07-14
CU 춘천효자법원점,편의점,편의점,강원특별자치도,춘천시,4181000,강원특별자치도춘천시 남춘로55번길 3 (효자동),033-244-0221,강원특별자치도 춘천시청,033-250-4043,2025-07-14
CU 춘천효자푸른점,편의점,편의점,강원특별자치도,춘천시,4181000,강원특별자치도춘천시 공지로 242 (효자동),080-080-3663,강원특별자치도 춘천시청,033-250-4043,2025-07-14
CU 춘천후평공단점,편의점,편의점,강원특별자치도,춘천시,4181000,강원특별자치도춘천시 공단로 70 (후평동),033-251-5249,강원특별자치도 춘천시청,033-250-4043,2025-07-14
CU 춘천후평점,편의점,편의점,강원특별자치도,춘천시,4181000,"강원특별자치도춘천시 춘천로 283, 1층 (후평동)",033-243-5569,강원특별자치도 춘천시청,033-250-4043,2025-07-14
CU 춘천후평현대점,편의점,편의점,강원특별자치도,춘천시,4181000,"강원특별자치도춘천시 후만로24번길 13, 상가동 102호 103호 104호 (후평동, 현대5차아파트)",033-254-0771,강원특별자치도 춘천시청,033-250-4043,2025-07-14
CU 한림성심대학교점,편의점,편의점,강원특별자치도,춘천시,4181000,강원특별자치도춘천시 동면 장학길 48 (한림성심대학교),02-1577-8007,강원특별자치도 춘천시청,033-250-4043,2025-07-14
CU춘천 인벤스점,편의점,편의점,강원특별자치도,춘천시,4181000,"강원특별자치도춘천시 충열로 27, 상가동 105호 (우두동, 롯데인벤스아파트)",033-255-5753,강원특별자치도 춘천시청,033-250-4043,2025-07-14
CU춘천현대점,편의점,편의점,강원특별자치도,춘천시,4181000,강원특별자치도춘천시 춘천로 177 (운교동),033-252-8600,강원특별자치도 춘천시청,033-250-4043,2025-07-14
CU춘천효자점,편의점,편의점,강원특별자치도,춘천시,4181000,강원특별자치도춘천시 서부대성로 163 (효자동),033-241-0016,강원특별자치도 춘천시청,033-250-4043,2025-07-14
DAO베트남쌀국수,일반가맹점,일반대중음식,강원특별자치도,춘천시,4181000,강원특별자치도 춘천시 중앙로68번길 7 1층(낙원동),02-2679-6605,강원특별자치도 춘천시청,033-250-4043,2025-07-14
GC ATELIER,일반가맹점,일반대중음식,강원특별자치도,춘천시,4181000,강원특별자치도 춘천시 동면 건일길 236 1-3층,033-255-5678,강원특별자치도 춘천시청,033-250-4043,2025-07-14
GS25 강원대기숙사점,편의점,편의점,강원특별자치도,춘천시,4181000,강원특별자치도 춘천시 강원대학길 1 이룸관동 1층,,강원특별자치도 춘천시청,033-250-4043,2025-07-14
GS25 강원대정문점,편의점,편의점,강원특별자치도,춘천시,4181000,강원특별자치도 춘천시 백령로 7 1층,,강원특별자치도 춘천시청,033-250-4043,2025-07-14
GS25 강원특별자치도청점,편의점,편의점,강원특별자치도,춘천시,4181000,"강원특별자치도춘천시 중앙로 1 (봉의동, 강원특별자치도청)",,강원특별자치도 춘천시청,033-250-4043,2025-07-14
GS25 강촌방곡로드점,편의점,편의점,강원특별자치도,춘천시,4181000,강원특별자치도 춘천시 남산면 강촌로 124 강원특별자치도 춘천시 남산면 방곡리 280-4,,강원특별자치도 춘천시청,033-250-4043,2025-07-14
GS25 강촌중앙,편의점,편의점,강원특별자치도,춘천시,4181000,강원특별자치도 춘천시 남산면 강촌로 63 1층,,강원특별자치도 춘천시청,033-250-4043,2025-07-14
GS25 거두에이스점,편의점,편의점,강원특별자치도,춘천시,4181000,강원특별자치도 춘천시 동내면 외솔길19번길 66 1층,,강원특별자치도 춘천시청,033-250-4043,2025-07-14
GS25 김유정역점,편의점,편의점,강원특별자치도,춘천시,4181000,"강원특별자치도춘천시 신동면 김유정로 1417, A동 101호",033-262-2128,강원특별자치도 춘천시청,033-250-4043,2025-07-14
GS25 남춘천본점,편의점,편의점,강원특별자치도,춘천시,4181000,강원특별자치도 춘천시 우묵들길 4 1층,,강원특별자치도 춘천시청,033-250-4043,2025-07-14
GS25 남춘천코아루점,편의점,편의점,강원특별자치도,춘천시,4181000,강원특별자치도 춘천시 남춘로 17 106호,02-244-6936,강원특별자치도 춘천시청,033-250-4043,2025-07-14
GS25 만천학마을,편의점,편의점,강원특별자치도,춘천시,4181000,강원특별자치도 춘천시 동면 춘천순환로 422 623-1,,강원특별자치도 춘천시청,033-250-4043,2025-07-14
GS25 신북산천점,편의점,편의점,강원특별자치도,춘천시,4181000,강원특별자치도춘천시 신북읍 장본길 3,080-555-2525,강원특별자치도 춘천시청,033-250-4043,2025-07-14
GS25 엘리시안강촌CC점,편의점,편의점,강원특별자치도,춘천시,4181000,강원특별자치도 춘천시 남산면 북한강변길 688 1층,,강원특별자치도 춘천시청,033-250-4043,2025-07-14
GS25 엘리시안강촌점,편의점,편의점,강원특별자치도,춘천시,4181000,"강원특별자치도춘천시 남산면 북한강변길 688, 콘도 1층",,강원특별자치도 춘천시청,033-250-4043,2025-07-14
GS25 장학춘천로점,편의점,편의점,강원특별자치도,춘천시,4181000,강원특별자치도 춘천시 동면 춘천로449번길 20 1층,,강원특별자치도 춘천시청,033-250-4043,2025-07-14
GS25 춘천 웰라움점,편의점,편의점,강원특별자치도,춘천시,4181000,강원특별자치도춘천시 효자동 216-5 상가동 101호,,강원특별자치도 춘천시청,033-250-4043,2025-07-14
GS25 춘천 춘주로점,편의점,편의점,강원특별자치도,춘천시,4181000,강원특별자치도 춘천시 춘주로92번길 38 1층,,강원특별자치도 춘천시청,033-250-4043,2025-07-14
GS25 춘천경강점,편의점,편의점,강원특별자치도,춘천시,4181000,강원특별자치도춘천시 남산면 서백길 80,,강원특별자치도 춘천시청,033-250-4043,2025-07-14
GS25 춘천교동점,편의점,편의점,강원특별자치도,춘천시,4181000,강원특별자치도 춘천시 삭주로70번길 18 1층,,강원특별자치도 춘천시청,033-250-4043,2025-07-14
GS25 춘천그린점,편의점,편의점,강원특별자치도,춘천시,4181000,강원특별자치도춘천시 효자문길 3 (효자동),,강원특별자치도 춘천시청,033-250-4043,2025-07-14
GS25 춘천대로점,편의점,편의점,강원특별자치도,춘천시,4181000,강원특별자치도 춘천시 영서로 2025 1층,,강원특별자치도 춘천시청,033-250-4043,2025-07-14
GS25 춘천대학로점,편의점,편의점,강원특별자치도,춘천시,4181000,강원특별자치도춘천시 백령로 115 (효자동),033-255-1778,강원특별자치도 춘천시청,033-250-4043,2025-07-14
GS25 춘천동면점,편의점,편의점,강원특별자치도,춘천시,4181000,강원특별자치도춘천시 동면 가산로 90-4,080-555-2525,강원특별자치도 춘천시청,033-250-4043,2025-07-14
GS25 춘천럭키점,편의점,편의점,강원특별자치도,춘천시,4181000,"강원특별자치도춘천시 벌말길 106-1, 1층 (석사동)",,강원특별자치도 춘천시청,033-250-4043,2025-07-14
GS25 춘천백령점,편의점,편의점,강원특별자치도,춘천시,4181000,"강원특별자치도춘천시 청운길 7 (효자동,1층)",02-2006-2485,강원특별자치도 춘천시청,033-250-4043,2025-07-14
GS25 춘천본점,편의점,편의점,강원특별자치도,춘천시,4181000,"강원특별자치도춘천시 후석로 45, 1층 (석사동)",,강원특별자치도 춘천시청,033-250-4043,2025-07-14
GS25 춘천부영점,편의점,편의점,강원특별자치도,춘천시,4181000,"강원특별자치도춘천시 우석로101번길 83, 상가동 103호 (석사동, 석사3지구부영아파트)",,강원특별자치도 춘천시청,033-250-4043,2025-07-14
GS25 춘천사우로점,편의점,편의점,강원특별자치도,춘천시,4181000,강원특별자치도 춘천시 충열로 153 1층,,강원특별자치도 춘천시청,033-250-4043,2025-07-14
GS25 춘천세경,편의점,편의점,강원특별자치도,춘천시,4181000,"강원특별자치도 춘천시 삭주로 125 1층 103호, 104호",,강원특별자치도 춘천시청,033-250-4043,2025-07-14
GS25 춘천센터점,편의점,편의점,강원특별자치도,춘천시,4181000,강원특별자치도춘천시 춘천로 360 (후평동),033-253-1031,강원특별자치도 춘천시청,033-250-4043,2025-07-14
GS25 춘천스무숲점,편의점,편의점,강원특별자치도,춘천시,4181000,강원특별자치도춘천시 스무숲4길 25 (석사동),,강원특별자치도 춘천시청,033-250-4043,2025-07-14
GS25 춘천승리점,편의점,편의점,강원특별자치도,춘천시,4181000,"강원특별자치도춘천시 우묵길78번길 18 , 18",,강원특별자치도 춘천시청,033-250-4043,2025-07-14
GS25 춘천신북점,편의점,편의점,강원특별자치도,춘천시,4181000,강원특별자치도춘천시 신북읍 신샘밭로 364,02-2006-2485,강원특별자치도 춘천시청,033-250-4043,2025-07-14
GS25 춘천엘타워점,편의점,편의점,강원특별자치도,춘천시,4181000,"강원특별자치도 춘천시 공지로 455 112,112-1,112-2호",,강원특별자치도 춘천시청,033-250-4043,2025-07-14
GS25 춘천영서로점,편의점,편의점,강원특별자치도,춘천시,4181000,강원특별자치도 춘천시 영서로 2496 1층,,강원특별자치도 춘천시청,033-250-4043,2025-07-14
GS25 춘천외솔점,편의점,편의점,강원특별자치도,춘천시,4181000,"강원특별자치도춘천시 동내면 외솔길19번길 66, 1층",,강원특별자치도 춘천시청,033-250-4043,2025-07-14
GS25 춘천우두LH점,편의점,편의점,강원특별자치도,춘천시,4181000,강원특별자치도 춘천시 우두로 130 상가동 101-103호,,강원특별자치도 춘천시청,033-250-4043,2025-07-14
GS25 춘천우미린,편의점,편의점,강원특별자치도,춘천시,4181000,"강원특별자치도 춘천시 후석로 294 1층4호,5호",,강원특별자치도 춘천시청,033-250-4043,2025-07-14
GS25 춘천장학,편의점,편의점,강원특별자치도,춘천시,4181000,강원특별자치도 춘천시 동면 만천로 240 104호,,강원특별자치도 춘천시청,033-250-4043,2025-07-14
GS25 춘천제일점,편의점,편의점,강원특별자치도,춘천시,4181000,강원특별자치도춘천시 후평동 486-10,033-255-1465,강원특별자치도 춘천시청,033-250-4043,2025-07-14
GS25 춘천중앙로,편의점,편의점,강원특별자치도,춘천시,4181000,강원특별자치도 춘천시 금강로 42 1층,,강원특별자치도 춘천시청,033-250-4043,2025-07-14
GS25 춘천타운점,편의점,편의점,강원특별자치도,춘천시,4181000,"강원특별자치도 춘천시 춘주로 174 103호, 104호(퇴계동)",,강원특별자치도 춘천시청,033-250-4043,2025-07-14
GS25 춘천향교점,편의점,편의점,강원특별자치도,춘천시,4181000,강원특별자치도춘천시 교동길 2 (교동),,강원특별자치도 춘천시청,033-250-4043,2025-07-14
GS25 춘천현대점,편의점,편의점,강원특별자치도,춘천시,4181000,강원특별자치도 춘천시 모수물길 54 .,,강원특별자치도 춘천시청,033-250-4043,2025-07-14
GS25 춘천현진점,편의점,편의점,강원특별자치도,춘천시,4181000,강원특별자치도 춘천시 스무숲길 1 1층,,강원특별자치도 춘천시청,033-250-4043,2025-07-14
GS25 춘천효제길,편의점,편의점,강원특별자치도,춘천시,4181000,강원특별자치도 춘천시 효제길37번길 6 1층,,강원특별자치도 춘천시청,033-250-4043,2025-07-14
GS25 춘천후석로점,편의점,편의점,강원특별자치도,춘천시,4181000,강원특별자치도춘천시 후석로46번길 18 (석사동),070-1644-5425,강원특별자치도 춘천시청,033-250-4043,2025-07-14
GS25 춘천후평대로점,편의점,편의점,강원특별자치도,춘천시,4181000,강원특별자치도 춘천시 춘천로 402 (후평동),,강원특별자치도 춘천시청,033-250-4043,2025-07-14
GS25 한림대기숙사점,편의점,편의점,강원특별자치도,춘천시,4181000,강원특별자치도춘천시 봉의산길22번길 29 (옥천동),02-2006-2485,강원특별자치도 춘천시청,033-250-4043,2025-07-14
GS25 한림대점,편의점,편의점,강원특별자치도,춘천시,4181000,강원특별자치도춘천시 삭주로 66 (교동),080-555-2525,강원특별자치도 춘천시청,033-250-4043,2025-07-14
GS25강대사랑점,편의점,편의점,강원특별자치도,춘천시,4181000,강원특별자치도춘천시 백령로138번길 47 (효자동),02-2006-2118,강원특별자치도 춘천시청,033-250-4043,2025-07-14
GS25남춘천점,편의점,편의점,강원특별자치도,춘천시,4181000,강원특별자치도춘천시 퇴계동 11번지,02-2006-2118,강원특별자치도 춘천시청,033-250-4043,2025-07-14
GS25봄내위도점,편의점,편의점,강원특별자치도,춘천시,4181000,강원특별자치도춘천시 영서로 3020 (사농동),02-2006-2118,강원특별자치도 춘천시청,033-250-4043,2025-07-14
GS25춘천그랜드점,편의점,편의점,강원특별자치도,춘천시,4181000,"강원특별자치도 춘천시 우석로101번길 20 (석사동,그랜드아파트상가101,102,103호)",,강원특별자치도 춘천시청,033-250-4043,2025-07-14
GS25춘천메가시티점,편의점,편의점,강원특별자치도,춘천시,4181000,"강원특별자치도춘천시 춘천로 188, 101호 102호 (효자동)",,강원특별자치도 춘천시청,033-250-4043,2025-07-14
GS25춘천미소점,편의점,편의점,강원특별자치도,춘천시,4181000,강원특별자치도춘천시 근화동 291-14번지 1층 1호,02-2006-2118,강원특별자치도 춘천시청,033-250-4043,2025-07-14
GS25춘천산수빌점,편의점,편의점,강원특별자치도,춘천시,4181000,"강원특별자치도춘천시 동내면 향군길 25, 1층 상가 (산수빌아파트)",,강원특별자치도 춘천시청,033-250-4043,2025-07-14
GS25춘천시티점,편의점,편의점,강원특별자치도,춘천시,4181000,강원특별자치도춘천시 서부대성로 205 (효자동),02-2006-2118,강원특별자치도 춘천시청,033-250-4043,2025-07-14
GS25춘천애막골점,편의점,편의점,강원특별자치도,춘천시,4181000,"강원특별자치도춘천시 우석로79번길 25, 1층 (석사동)",,강원특별자치도 춘천시청,033-250-4043,2025-07-14
GS25춘천에이스점,편의점,편의점,강원특별자치도,춘천시,4181000,강원특별자치도춘천시 삭주로108번길 32 (후평동),033-080-1111,강원특별자치도 춘천시청,033-250-4043,2025-07-14
GS25춘천으뜸점,편의점,편의점,강원특별자치도,춘천시,4181000,강원특별자치도춘천시 춘천로 70 (효자동),02-2006-2118,강원특별자치도 춘천시청,033-250-4043,2025-07-14
GS25춘천중앙점,편의점,편의점,강원특별자치도,춘천시,4181000,강원특별자치도춘천시 효자2동 712-11번지,02-2006-2485,강원특별자치도 춘천시청,033-250-4043,2025-07-14
GS25춘천칠전점,편의점,편의점,강원특별자치도,춘천시,4181000,강원특별자치도춘천시 칠전서길 11-3 (칠전동),080-555-2525,강원특별자치도 춘천시청,033-250-4043,2025-07-14
GS25춘천행촌로점,편의점,편의점,강원특별자치도,춘천시,4181000,"강원특별자치도춘천시 행촌로 11, 상가동 101호 (퇴계동, 한진한성아파트)",,강원특별자치도 춘천시청,033-250-4043,2025-07-14
GS25한림대학사1점,편의점,편의점,강원특별자치도,춘천시,4181000,강원특별자치도춘천시 옥천동 1번지,02-2006-2118,강원특별자치도 춘천시청,033-250-4043,2025-07-14
GS25한림대학사2점,편의점,편의점,강원특별자치도,춘천시,4181000,강원특별자치도춘천시 옥천동 1번지,02-2006-2118,강원특별자치도 춘천시청,033-250-4043,2025-07-14
KFC춘천석사,일반가맹점,패스트푸드,강원특별자치도,춘천시,4181000,강원특별자치도춘천시 영서로 2027 (석사동),033-252-3369,강원특별자치도 춘천시청,033-250-4043,2025-07-14
KFC춘천이마트,일반가맹점,패스트푸드,강원특별자치도,춘천시,4181000,강원특별자치도춘천시 온의동 511번지 이마트춘천 1층,033-252-3369,강원특별자치도 춘천시청,033-250-4043,2025-07-14
Marron,일반가맹점,일반대중음식,강원특별자치도,춘천시,4181000,"강원특별자치도 춘천시 후석로 449 , 좌측 1층(후평동)",,강원특별자치도 춘천시청,033-250-4043,2025-07-14
PURADAK CHICKEN,일반가맹점,일반대중음식,강원특별자치도,춘천시,4181000,강원특별자치도 춘천시 충열로16번길 5-9 1층,,강원특별자치도 춘천시청,033-250-4043,2025-07-14
VINO(비노),일반가맹점,양식,강원특별자치도,춘천시,4181000,강원특별자치도 춘천시 우석로79번길 16-20 1층 (석사동),033-252-0533,강원특별자치도 춘천시청,033-250-4043,2025-07-14
bhc온의점,일반가맹점,일반대중음식,강원특별자치도,춘천시,4181000,강원특별자치도 춘천시 스포츠타운길 533 1층 100호,033-251-9949,강원특별자치도 춘천시청,033-250-4043,2025-07-14
pokeallday,일반가맹점,일반대중음식,강원특별자치도,춘천시,4181000,강원특별자치도 춘천시 방송길 77 지하층 B123호,033-8702-0158,강원특별자치도 춘천시청,033-250-4043,2025-07-14
salondenomad,일반가맹점,일반대중음식,강원특별자치도,춘천시,4181000,강원특별자치도 춘천시 서면 덕두원길 108-27 1층,,강원특별자치도 춘천시청,033-250-4043,2025-07-14
unsalted butter cake,일반가맹점,제과점,강원특별자치도,춘천시,4181000,강원특별자치도 춘천시 충혼길5번길 4-4 1층,,강원특별자치도 춘천시청,033-250-4043,2025-07-14
샵비육일이(#B-612),일반가맹점,일반대중음식,강원특별자치도,춘천시,4181000,강원특별자치도 춘천시 충혼길8번길 9-1 1층,033-262-9416,강원특별자치도 춘천시청,033-250-4043,2025-07-14
가거도횟집,일반가맹점,일식,강원특별자치도,춘천시,4181000,강원특별자치도 춘천시 중앙로190번길 80 1층,033-241-3222,강원특별자치도 춘천시청,033-250-4043,2025-07-14
가고파닭발,일반가맹점,일반대중음식,강원특별자치도,춘천시,4181000,강원특별자치도춘천시 후석로 431 (후평동),033-243-4925,강원특별자치도 춘천시청,033-250-4043,2025-07-14
가나 전집,일반가맹점,일반대중음식,강원특별자치도,춘천시,4181000,강원특별자치도 춘천시 소양정길 10 1층(소양로1가),,강원특별자치도 춘천시청,033-250-4043,2025-07-14
가내수공업 춘천점,일반가맹점,양식,강원특별자치도,춘천시,4181000,강원특별자치도춘천시 동내면 춘천순환로 131,033-262-7977,강원특별자치도 춘천시청,033-250-4043,2025-07-14
가든은행나무,일반가맹점,한식,강원특별자치도,춘천시,4181000,강원특별자치도춘천시 행촌로 55-6 (퇴계동),033-254-4790,강원특별자치도 춘천시청,033-250-4043,2025-07-14
가든파티,일반가맹점,한식,강원특별자치도,춘천시,4181000,"강원특별자치도춘천시 퇴계로145번길 3-12, 1층 (퇴계동)",033-264-4243,강원특별자치도 춘천시청,033-250-4043,2025-07-14
가라와라국물닭발춘천퇴계점,일반가맹점,한식,강원특별자치도,춘천시,4181000,강원특별자치도 춘천시 퇴계로105번길 5 1층 (퇴계동),033-262-7758,강원특별자치도 춘천시청,033-250-4043,2025-07-14
가락재정상쉼터,일반가맹점,한식,강원특별자치도,춘천시,4181000,강원특별자치도춘천시 동면 상걸리 53-3,033-244-9632,강원특별자치도 춘천시청,033-250-4043,2025-07-14
가람스낵,일반가맹점,일반대중음식,강원특별자치도,춘천시,4181000,강원특별자치도 춘천시 봉의산길22번길 30-1 1층,033-231-1111,강원특별자치도 춘천시청,033-250-4043,2025-07-14
가람푸드써비스(주)춘천숲체원지점,일반가맹점,일반대중음식,강원특별자치도,춘천시,4181000,강원특별자치도 춘천시 신북읍 장본2길 331 .,,강원특별자치도 춘천시청,033-250-4043,2025-07-14
가르텐보리정원(퇴계점),일반가맹점,일반대중음식,강원특별자치도,춘천시,4181000,강원특별자치도 춘천시 행촌로 39 1층,033-251-4284,강원특별자치도 춘천시청,033-250-4043,2025-07-14
가리미김밥(온의점),일반가맹점,한식,강원특별자치도,춘천시,4181000,강원특별자치도춘천시 영서로2279번길 13 (온의동),033-252-7631,강원특별자치도 춘천시청,033-250-4043,2025-07-14
가리미김밥거두점,일반가맹점,한식,강원특별자치도,춘천시,4181000,강원특별자치도춘천시 동내면 공지로 70-57,033-264-3883,강원특별자치도 춘천시청,033-250-4043,2025-07-14
가리미김밥김유정역점,일반가맹점,한식,강원특별자치도,춘천시,4181000,강원특별자치도 춘천시 신동면 김유정로 1417 A동 102호,033-262-7188,강원특별자치도 춘천시청,033-250-4043,2025-07-14
가리미김밥봄내점,일반가맹점,한식,강원특별자치도,춘천시,4181000,"강원특별자치도춘천시 퇴계로 215, 1층 2호 (석사동)",033-264-0375,강원특별자치도 춘천시청,033-250-4043,2025-07-14
가리미김밥석사세경점,일반가맹점,한식,강원특별자치도,춘천시,4181000,"강원특별자치도춘천시 남춘천새길 39, 1층 (효자동)",033-257-6643,강원특별자치도 춘천시청,033-250-4043,2025-07-14
가리미김밥퇴계금호한주점,일반가맹점,일반대중음식,강원특별자치도,춘천시,4181000,강원특별자치도 춘천시 안마산로 227 1층,033-252-6770,강원특별자치도 춘천시청,033-250-4043,2025-07-14
가마골소머리곰탕,일반가맹점,한식,강원특별자치도,춘천시,4181000,강원특별자치도춘천시 동내면 영서로 1761,033-262-0559,강원특별자치도 춘천시청,033-250-4043,2025-07-14
가마골인삼순대,일반가맹점,한식,강원특별자치도,춘천시,4181000,강원특별자치도 춘천시 효석로89번길 29-1 .,033-264-8656,강원특별자치도 춘천시청,033-250-4043,2025-07-14
가마솥,일반가맹점,한식,강원특별자치도,춘천시,4181000,강원특별자치도 춘천시 신동면 풍류길 12 1층,033-243-2298,강원특별자치도 춘천시청,033-250-4043,2025-07-14
가마솥곰탕,일반가맹점,한식,강원특별자치도,춘천시,4181000,강원특별자치도 춘천시 영서로 2847-6 1층,033-244-5233,강원특별자치도 춘천시청,033-250-4043,2025-07-14
가마솥소머리곰탕,일반가맹점,한식,강원특별자치도,춘천시,4181000,강원특별자치도 춘천시 충열로 292-4 .,033-244-2297,강원특별자치도 춘천시청,033-250-4043,2025-07-14
가마솥순대국,일반가맹점,한식,강원특별자치도,춘천시,4181000,강원특별자치도 춘천시 효자로 11 1층,033-242-5989,강원특별자치도 춘천시청,033-250-4043,2025-07-14
가마솥순대국(애막골점),일반가맹점,한식,강원특별자치도,춘천시,4181000,강원특별자치도 춘천시 애막골길7번길 21 1층,033-261-0139,강원특별자치도 춘천시청,033-250-4043,2025-07-14
가마솥순대국거두점,일반가맹점,일반대중음식,강원특별자치도,춘천시,4181000,"강원특별자치도 춘천시 동내면 춘천순환로94번길 13 1층 103, 104호",,강원특별자치도 춘천시청,033-250-4043,2025-07-14
가마솥통닭,일반가맹점,일반대중음식,강원특별자치도,춘천시,4181000,강원특별자치도춘천시 석사길 9 (석사동),033-262-4465,강원특별자치도 춘천시청,033-250-4043,2025-07-14
가마솥해장국,일반가맹점,한식,강원특별자치도,춘천시,4181000,강원특별자치도춘천시 삭주로 82 (교동),033-257-2241,강원특별자치도 춘천시청,033-250-4043,2025-07-14
가마치통닭 한린대점,일반가맹점,일반대중음식,강원특별자치도,춘천시,4181000,강원특별자치도 춘천시 삭주로 89-4 지하1층,033-242-0503,강원특별자치도 춘천시청,033-250-4043,2025-07-14
가마치통닭만천점,일반가맹점,일반대중음식,강원특별자치도,춘천시,4181000,강원특별자치도 춘천시 동면 만천로143번길 58 1층,033-242-1999,강원특별자치도 춘천시청,033-250-4043,2025-07-14
가마치통닭장학점,일반가맹점,일반대중음식,강원특별자치도,춘천시,4181000,"강원특별자치도춘천시 동면 소양강로 100-1, 장학LH1단지 좌측상가 101 (춘천장학엘에이치1단지아파트)",033-241-1588,강원특별자치도 춘천시청,033-250-4043,2025-07-14
가마치통닭퇴계점,일반가맹점,일반대중음식,강원특별자치도,춘천시,4181000,"강원특별자치도춘천시 행촌로 11, 상가동 1층 104호 105호 (퇴계동, 한성한진아파트)",033-264-9985,강원특별자치도 춘천시청,033-250-4043,2025-07-14
가마치통닭후평트루엘점,일반가맹점,일반대중음식,강원특별자치도,춘천시,4181000,강원특별자치도 춘천시 백령로 215 상자2동1층102호,,강원특별자치도 춘천시청,033-250-4043,2025-07-14
가보자식당,일반가맹점,한식,강원특별자치도,춘천시,4181000,"강원특별자치도춘천시 신북읍 율문2길 11, 가보자순대국",033-243-7607,강원특별자치도 춘천시청,033-250-4043,2025-07-14
가비상회,일반가맹점,일반대중음식,강원특별자치도,춘천시,4181000,강원특별자치도 춘천시 삭주로 113 상가동1층101호,033-000-7945,강원특별자치도 춘천시청,033-250-4043,2025-07-14
가우숲,일반가맹점,한식,강원특별자치도,춘천시,4181000,강원특별자치도 춘천시 새청말길 43 1층,,강원특별자치도 춘천시청,033-250-4043,2025-07-14
가원,일반가맹점,한식,강원특별자치도,춘천시,4181000,강원특별자치도 춘천시 동내면 거두택지길 61-16 1층,033-264-2615,강원특별자치도 춘천시청,033-250-4043,2025-07-14
가장맛있는족발,일반가맹점,한식,강원특별자치도,춘천시,4181000,"강원특별자치도춘천시 동내면 춘천순환로 66, 1층",033-262-5849,강원특별자치도 춘천시청,033-250-4043,2025-07-14
가장맛있는족발(후평점),일반가맹점,한식,강원특별자치도,춘천시,4181000,강원특별자치도 춘천시 후석로 278 1층(후평동),033-252-7849,강원특별자치도 춘천시청,033-250-4043,2025-07-14
가정식당,일반가맹점,한식,강원특별자치도,춘천시,4181000,강원특별자치도춘천시 외솔길 20 (석사동),033-261-9900,강원특별자치도 춘천시청,033-250-4043,2025-07-14
가족쉼터,일반가맹점,한식,강원특별자치도,춘천시,4181000,강원특별자치도춘천시 사북면 지암리 70 /1,033-243-1880,강원특별자치도 춘천시청,033-250-4043,2025-07-14
가평솥뚜껑볶음탕춘천점,일반가맹점,한식,강원특별자치도,춘천시,4181000,강원특별자치도 춘천시 우두벌5길 82 .,,강원특별자치도 춘천시청,033-250-4043,2025-07-14
가평애향식당,일반가맹점,한식,강원특별자치도,춘천시,4181000,강원특별자치도춘천시 칠전서길 42-6 (칠전동),033-263-2212,강원특별자치도 춘천시청,033-250-4043,2025-07-14
간식대장,일반가맹점,한식,강원특별자치도,춘천시,4181000,강원특별자치도 춘천시 승지골길16번길 49 상가동 104호,033-257-2022,강원특별자치도 춘천시청,033-250-4043,2025-07-14
갈비꽃,일반가맹점,한식,강원특별자치도,춘천시,4181000,강원특별자치도 춘천시 동내면 공지로 70-51 1층101호,033-262-9990,강원특별자치도 춘천시청,033-250-4043,2025-07-14
감돈,일반가맹점,한식,강원특별자치도,춘천시,4181000,강원특별자치도 춘천시 동내면 거두택지길4번길 7-13 1층,033-264-9293,강원특별자치도 춘천시청,033-250-4043,2025-07-14
감미옥 설렁탕,일반가맹점,한식,강원특별자치도,춘천시,4181000,강원특별자치도춘천시 춘천로 217 (효자동),033-256-3808,강원특별자치도 춘천시청,033-250-4043,2025-07-14
감자골 옹심이,일반가맹점,한식,강원특별자치도,춘천시,4181000,강원특별자치도춘천시 공지로317번길 24 감자골 옹심이 (효자동),033-257-0676,강원특별자치도 춘천시청,033-250-4043,2025-07-14
감자골막국수,일반가맹점,한식,강원특별자치도,춘천시,4181000,강원특별자치도 춘천시 동면 연산골길 18 감정리,033-242-7474,강원특별자치도 춘천시청,033-250-4043,2025-07-14
감자니,일반가맹점,일반대중음식,강원특별자치도,춘천시,4181000,강원특별자치도 춘천시 신동면 김유정로 1417 A동 106호,,강원특별자치도 춘천시청,033-250-4043,2025-07-14
감자바위,일반가맹점,한식,강원특별자치도,춘천시,4181000,강원특별자치도춘천시 보안길 17 (후평동),033-252-0953,강원특별자치도 춘천시청,033-250-4043,2025-07-14
감자밭,일반가맹점,양식,강원특별자치도,춘천시,4181000,"강원특별자치도춘천시 동내면 거두택지길14번길 9, 1층",033-261-9910,강원특별자치도 춘천시청,033-250-4043,2025-07-14
감탄(춘천석사점),일반가맹점,한식,강원특별자치도,춘천시,4181000,"강원특별자치도춘천시 지석로 75, 1층 105호 (석사동, 프라임존빌딩)",033-262-8262,강원특별자치도 춘천시청,033-250-4043,2025-07-14
감탄떡볶이 엘리시안강촌점,일반가맹점,한식,강원특별자치도,춘천시,4181000,강원특별자치도 춘천시 남산면 북한강변길 688 1층,,강원특별자치도 춘천시청,033-250-4043,2025-07-14
감탄떡볶이 엘리시안강촌점2호,일반가맹점,한식,강원특별자치도,춘천시,4181000,강원특별자치도 춘천시 남산면 북한강변길 688 .,,강원특별자치도 춘천시청,033-250-4043,2025-07-14
감포생아구찜,일반가맹점,한식,강원특별자치도,춘천시,4181000,강원특별자치도 춘천시 영서로2279번길 25 1층 5호,033-255-5988,강원특별자치도 춘천시청,033-250-4043,2025-07-14
갑순이네,일반가맹점,한식,강원특별자치도,춘천시,4181000,"강원특별자치도 춘천시 동부시장길 8 1층 79,80호",,강원특별자치도 춘천시청,033-250-4043,2025-07-14
갑진양곰탕,일반가맹점,한식,강원특별자치도,춘천시,4181000,강원특별자치도 춘천시 김유정로 1852-35 1층(퇴계동),,강원특별자치도 춘천시청,033-250-4043,2025-07-14
갓골가든,일반가맹점,한식,강원특별자치도,춘천시,4181000,강원특별자치도춘천시 사북면 화악지암길 765,033-243-8802,강원특별자치도 춘천시청,033-250-4043,2025-07-14
갓돈,일반가맹점,한식,강원특별자치도,춘천시,4181000,강원특별자치도 춘천시 동내면 거두택지길 55-7 1층,,강원특별자치도 춘천시청,033-250-4043,2025-07-14
강가,일반가맹점,한식,강원특별자치도,춘천시,4181000,강원특별자치도 춘천시 영서로2753번길 18 우두동,,강원특별자치도 춘천시청,033-250-4043,2025-07-14
강가에닭갈비(강가에포차),일반가맹점,일반대중음식,강원특별자치도,춘천시,4181000,강원특별자치도 춘천시 남산면 방하로 1166-3 1층,033-263-3388,강원특별자치도 춘천시청,033-250-4043,2025-07-14
강남동골목원조닭갈비,일반가맹점,한식,강원특별자치도,춘천시,4181000,강원특별자치도춘천시 충혼길52번길 20-4 (온의동),033-251-5909,강원특별자치도 춘천시청,033-250-4043,2025-07-14
강남숯불구이,일반가맹점,한식,강원특별자치도,춘천시,4181000,강원특별자치도춘천시 영서로2279번길 21 (온의동),033-242-1256,강원특별자치도 춘천시청,033-250-4043,2025-07-14
강남제비,일반가맹점,한식,강원특별자치도,춘천시,4181000,"강원특별자치도 춘천시 동내면 춘천순환로 79 , 1층",033-261-6766,강원특별자치도 춘천시청,033-250-4043,2025-07-14
강남참숯불구이,일반가맹점,한식,강원특별자치도,춘천시,4181000,강원특별자치도춘천시 칠전서길 38-15 (칠전동),033-263-9252,강원특별자치도 춘천시청,033-250-4043,2025-07-14
강남해장국,일반가맹점,한식,강원특별자치도,춘천시,4181000,강원특별자치도춘천시 중앙로 170 (근화동),033-251-8236,강원특별자치도 춘천시청,033-250-4043,2025-07-14
강대곱창타운,일반가맹점,한식,강원특별자치도,춘천시,4181000,강원특별자치도춘천시 백령로138번길 34 (효자동),033-254-9239,강원특별자치도 춘천시청,033-250-4043,2025-07-14
강대정문점 위드미,편의점,편의점,강원특별자치도,춘천시,4181000,강원특별자치도춘천시 효석로9번길 21 (효자동),02-6916-1500,강원특별자치도 춘천시청,033-250-4043,2025-07-14
강릉과질,일반가맹점,제과점,강원특별자치도,춘천시,4181000,강원특별자치도춘천시 춘천로185번길 12 (운교동),033-242-1464,강원특별자치도 춘천시청,033-250-4043,2025-07-14
강릉얼큰이냉면춘천점,일반가맹점,일반대중음식,강원특별자치도,춘천시,4181000,강원특별자치도 춘천시 춘천로151번길 19 (운교동),033-243-1879,강원특별자치도 춘천시청,033-250-4043,2025-07-14
강릉집,일반가맹점,한식,강원특별자치도,춘천시,4181000,강원특별자치도춘천시 서부대성로 46 (요선동),033-242-7779,강원특별자치도 춘천시청,033-250-4043,2025-07-14
강바람식당,일반가맹점,한식,강원특별자치도,춘천시,4181000,강원특별자치도춘천시 남산면 북한강변길 910-26,033-262-6785,강원특별자치도 춘천시청,033-250-4043,2025-07-14
강변식당,일반가맹점,한식,강원특별자치도,춘천시,4181000,강원특별자치도 춘천시 사북면 화악지암길 785 1층,033-263-1770,강원특별자치도 춘천시청,033-250-4043,2025-07-14
강변푸드,일반가맹점,한식,강원특별자치도,춘천시,4181000,강원특별자치도 춘천시 방송길 70 117동 120호,033-254-6668,강원특별자치도 춘천시청,033-250-4043,2025-07-14
강산닭갈비막국수,일반가맹점,한식,강원특별자치도,춘천시,4181000,강원특별자치도춘천시 영서로2279번길 28 (온의동),033-251-8582,강원특별자치도 춘천시청,033-250-4043,2025-07-14
강산숯불닭갈비막국수,일반가맹점,한식,강원특별자치도,춘천시,4181000,강원특별자치도춘천시 신북읍 신샘밭로 621,033-242-9972,강원특별자치도 춘천시청,033-250-4043,2025-07-14
강원감자탕,일반가맹점,한식,강원특별자치도,춘천시,4181000,강원특별자치도춘천시 남산면 김유정로 322,033-263-9244,강원특별자치도 춘천시청,033-250-4043,2025-07-14
강원녹두삼계탕,일반가맹점,한식,강원특별자치도,춘천시,4181000,강원특별자치도 춘천시 동내면 거두택지길 41-38 1층,033-242-8847,강원특별자치도 춘천시청,033-250-4043,2025-07-14
강원대학교병원,일반가맹점,제과점,강원특별자치도,춘천시,4181000,강원특별자치도 춘천시 백령로 156 효자동 강원대학교병원 어린이병동,033-2582-2260,강원특별자치도 춘천시청,033-250-4043,2025-07-14
강원대학교병원 던킨도너츠(강원대병원점),일반가맹점,제과점,강원특별자치도,춘천시,4181000,"강원특별자치도춘천시 백령로 156 (효자동, 강원대학교병원)",033-255-5716,강원특별자치도 춘천시청,033-250-4043,2025-07-14
강원대학교병원 뚜레쥬르,일반가맹점,제과점,강원특별자치도,춘천시,4181000,"강원특별자치도춘천시 백령로 156 (효자동, 강원대학교병원)",033-244-2045,강원특별자치도 춘천시청,033-250-4043,2025-07-14
강원대학교생활협동조합,일반가맹점,일반대중음식,강원특별자치도,춘천시,4181000,강원특별자치도 춘천시 강원대학길 1 2층,,강원특별자치도 춘천시청,033-250-4043,2025-07-14
강원대학교생활협동조합,일반가맹점,제과점,강원특별자치도,춘천시,4181000,강원특별자치도춘천시 강원대학길 1 (효자동),033-250-7792,강원특별자치도 춘천시청,033-250-4043,2025-07-14
강원수산,일반가맹점,한식,강원특별자치도,춘천시,4181000,"강원특별자치도춘천시 충열로 32, 101동 707호 (우두동, 동부아파트)",033-244-3477,강원특별자치도 춘천시청,033-250-4043,2025-07-14
강원재활병원춘천점,일반가맹점,일반대중음식,강원특별자치도,춘천시,4181000,강원특별자치도 춘천시 충열로142번길 24-16 지하1층,,강원특별자치도 춘천시청,033-250-4043,2025-07-14
강원푸드트럭협동조합,일반가맹점,한식,강원특별자치도,춘천시,4181000,강원특별자치도 춘천시 서부대성로47번길 17 205호,,강원특별자치도 춘천시청,033-250-4043,2025-07-14
강원한우타운,일반가맹점,한식,강원특별자치도,춘천시,4181000,"강원특별자치도춘천시 지석로 11, 외15필지 2층 (퇴계동)",033-261-9253,강원특별자치도 춘천시청,033-250-4043,2025-07-14
강원해장국(본점),일반가맹점,한식,강원특별자치도,춘천시,4181000,강원특별자치도춘천시 서부대성로48번길 11 (요선동),033-251-5459,강원특별자치도 춘천시청,033-250-4043,2025-07-14
강정이기가막혀,일반가맹점,일반대중음식,강원특별자치도,춘천시,4181000,"강원특별자치도춘천시 우석로 11, 1층 101호 (석사동)",033-261-9388,강원특별자치도 춘천시청,033-250-4043,2025-07-14
강촌걸리버여행기,일반가맹점,한식,강원특별자치도,춘천시,4181000,강원특별자치도 춘천시 남산면 북한강변길 910-44 1층,033-234-1111,강원특별자치도 춘천시청,033-250-4043,2025-07-14
강촌골능이능이백숙,일반가맹점,한식,강원특별자치도,춘천시,4181000,강원특별자치도 춘천시 남산면 소주고개로 680-40 1층,033-231-1111,강원특별자치도 춘천시청,033-250-4043,2025-07-14
강촌또오리,일반가맹점,일반대중음식,강원특별자치도,춘천시,4181000,강원특별자치도 춘천시 남산면 강촌구곡길 157 1층,033-910-0420,강원특별자치도 춘천시청,033-250-4043,2025-07-14
강촌마루능이백숙,일반가맹점,한식,강원특별자치도,춘천시,4181000,"강원특별자치도춘천시 남면 소주고개로 28, 2층",033-252-8721,강원특별자치도 춘천시청,033-250-4043,2025-07-14
강촌막국수,일반가맹점,한식,강원특별자치도,춘천시,4181000,"강원특별자치도춘천시 남산면 강촌로 62-1, 표고의집",033-262-9868,강원특별자치도 춘천시청,033-250-4043,2025-07-14
강촌명가짬뽕,일반가맹점,중식,강원특별자치도,춘천시,4181000,강원특별자치도춘천시 남산면 강촌로 80,033-262-8556,강원특별자치도 춘천시청,033-250-4043,2025-07-14
강촌명물탕,일반가맹점,한식,강원특별자치도,춘천시,4181000,"강원특별자치도춘천시 남산면 소주고개로 660-2, 외1필지",033-262-3734,강원특별자치도 춘천시청,033-250-4043,2025-07-14
강촌사골칼국수,일반가맹점,일반대중음식,강원특별자치도,춘천시,4181000,강원특별자치도 춘천시 남산면 강촌로 60 1층,,강원특별자치도 춘천시청,033-250-4043,2025-07-14
강촌삼겹살,일반가맹점,한식,강원특별자치도,춘천시,4181000,강원특별자치도 춘천시 남산면 강촌로 66 1층,033-263-4343,강원특별자치도 춘천시청,033-250-4043,2025-07-14
강촌스넥,일반가맹점,한식,강원특별자치도,춘천시,4181000,강원특별자치도 춘천시 남산면 강촌로 60-1 .,033-262-7600,강원특별자치도 춘천시청,033-250-4043,2025-07-14
강촌스카이,일반가맹점,한식,강원특별자치도,춘천시,4181000,강원특별자치도 춘천시 남산면 서백길 80 강촌스카이,033-264-9123,강원특별자치도 춘천시청,033-250-4043,2025-07-14
강촌시골밥집,일반가맹점,한식,강원특별자치도,춘천시,4181000,강원특별자치도춘천시 남산면 강촌로 124,033-261-1639,강원특별자치도 춘천시청,033-250-4043,2025-07-14
강촌식당,일반가맹점,한식,강원특별자치도,춘천시,4181000,강원특별자치도춘천시 남산면 강촌로 56,033-261-0021,강원특별자치도 춘천시청,033-250-4043,2025-07-14
강촌어부네매운탕,일반가맹점,한식,강원특별자치도,춘천시,4181000,강원특별자치도춘천시 남산면 한치로 185,033-263-0130,강원특별자치도 춘천시청,033-250-4043,2025-07-14
강촌역닭갈비,일반가맹점,한식,강원특별자치도,춘천시,4181000,강원특별자치도춘천시 남산면 강촌구곡길 54,033-261-8093,강원특별자치도 춘천시청,033-250-4043,2025-07-14
강촌왕십리재벌곱창,일반가맹점,일반대중음식,강원특별자치도,춘천시,4181000,"강원특별자치도 춘천시 남산면 강촌로 244 ,101호",033-262-6556,강원특별자치도 춘천시청,033-250-4043,2025-07-14
강촌우미숯불닭갈비,일반가맹점,한식,강원특별자치도,춘천시,4181000,강원특별자치도 춘천시 남산면 강촌로 159 2동,033-261-0247,강원특별자치도 춘천시청,033-250-4043,2025-07-14
강촌이모네,일반가맹점,한식,강원특별자치도,춘천시,4181000,"강원특별자치도춘천시 남산면 강촌구곡길 51, 1층",070-7736-5353,강원특별자치도 춘천시청,033-250-4043,2025-07-14
강촌찐해물칼국수,일반가맹점,한식,강원특별자치도,춘천시,4181000,"강원특별자치도춘천시 남산면 강촌로 151-1, 1층",033-253-9731,강원특별자치도 춘천시청,033-250-4043,2025-07-14
강촌토종닭갈비,일반가맹점,한식,강원특별자치도,춘천시,4181000,강원특별자치도춘천시 남산면 강촌로 97,033-261-5949,강원특별자치도 춘천시청,033-250-4043,2025-07-14
개골짬뽕,일반가맹점,중식,강원특별자치도,춘천시,4181000,강원특별자치도 춘천시 서부대성로 120 1층,033-243-0084,강원특별자치도 춘천시청,033-250-4043,2025-07-14
개화강원,일반가맹점,일반대중음식,강원특별자치도,춘천시,4181000,강원특별자치도 춘천시 소양고개길 46 1층 104호,,강원특별자치도 춘천시청,033-250-4043,2025-07-14
갯골영양마을,일반가맹점,한식,강원특별자치도,춘천시,4181000,"강원특별자치도춘천시 영서로2277번길 12, 1동 별관 (온의동)",033-256-8480,강원특별자치도 춘천시청,033-250-4043,2025-07-14
갯바위산꼼장어숯불구이,일반가맹점,한식,강원특별자치도,춘천시,4181000,강원특별자치도 춘천시 공지로 216 1층 좌측상가,033-261-1210,강원특별자치도 춘천시청,033-250-4043,2025-07-14
갱스터떡볶이 춘천점,일반가맹점,일반대중음식,강원특별자치도,춘천시,4181000,"강원특별자치도 춘천시 동면 춘천로449번길 12 , 101호",033-910-2001,강원특별자치도 춘천시청,033-250-4043,2025-07-14
갱스터피자춘천점,일반가맹점,패스트푸드,강원특별자치도,춘천시,4181000,강원특별자치도 춘천시 퇴계로 175 1층,,강원특별자치도 춘천시청,033-250-4043,2025-07-14
갸또,일반가맹점,일반대중음식,강원특별자치도,춘천시,4181000,"강원특별자치도춘천시 지석로 80, 1층 120호 (퇴계동)",070-4685-5191,강원특별자치도 춘천시청,033-250-4043,2025-07-14
거두 냉삼집,일반가맹점,한식,강원특별자치도,춘천시,4181000,강원특별자치도 춘천시 동내면 거두택지길14번길 15 1층,,강원특별자치도 춘천시청,033-250-4043,2025-07-14
거두리가보자순대국,일반가맹점,한식,강원특별자치도,춘천시,4181000,강원특별자치도 춘천시 동내면 춘천순환로94번길 25 1층,033-261-0877,강원특별자치도 춘천시청,033-250-4043,2025-07-14
거두리닭갈비,일반가맹점,한식,강원특별자치도,춘천시,4181000,강원특별자치도춘천시 동내면 외솔길19번길 80-42,033-263-9998,강원특별자치도 춘천시청,033-250-4043,2025-07-14
거두리박대감,일반가맹점,한식,강원특별자치도,춘천시,4181000,"강원특별자치도춘천시 동내면 춘천순환로72번길 41, 1층",033-264-3433,강원특별자치도 춘천시청,033-250-4043,2025-07-14
거두리밥상,일반가맹점,한식,강원특별자치도,춘천시,4181000,강원특별자치도춘천시 동내면 춘천순환로 61-17,033-261-5569,강원특별자치도 춘천시청,033-250-4043,2025-07-14
거두리시골밥상,일반가맹점,한식,강원특별자치도,춘천시,4181000,강원특별자치도춘천시 동내면 거두택지길4번길 34-1,033-262-1557,강원특별자치도 춘천시청,033-250-4043,2025-07-14
거두리청국장,일반가맹점,한식,강원특별자치도,춘천시,4181000,강원특별자치도춘천시 동내면 거두단지길 6-8,033-262-4313,강원특별자치도 춘천시청,033-250-4043,2025-07-14
거두리해물짬뽕,일반가맹점,중식,강원특별자치도,춘천시,4181000,강원특별자치도 춘천시 동내면 거두택지길4번길 19 ..,033-263-7593,강원특별자치도 춘천시청,033-250-4043,2025-07-14
거두분식,일반가맹점,한식,강원특별자치도,춘천시,4181000,강원특별자치도 춘천시 동내면 거두택지길 24 1층 103호,033-263-5566,강원특별자치도 춘천시청,033-250-4043,2025-07-14
거두생갈비,일반가맹점,한식,강원특별자치도,춘천시,4181000,"강원특별자치도춘천시 동내면 거두택지길 41-11, 101호",,강원특별자치도 춘천시청,033-250-4043,2025-07-14
거두촌두부,일반가맹점,한식,강원특별자치도,춘천시,4181000,"강원특별자치도춘천시 신북읍 율문길 85, 1층",033-261-7074,강원특별자치도 춘천시청,033-250-4043,2025-07-14
거두팔팔순대국,일반가맹점,한식,강원특별자치도,춘천시,4181000,강원특별자치도 춘천시 동내면 거두택지길 56 1층,,강원특별자치도 춘천시청,033-250-4043,2025-07-14
거두호갈비,일반가맹점,한식,강원특별자치도,춘천시,4181000,강원특별자치도춘천시 동내면 춘천순환로72번길 33-6,033-264-9377,강원특별자치도 춘천시청,033-250-4043,2025-07-14
거북당 (수협마트춘천점),일반가맹점,일반대중음식,강원특별자치도,춘천시,4181000,강원특별자치도 춘천시 공지로 345 1층,033-241-2045,강원특별자치도 춘천시청,033-250-4043,2025-07-14
거북당제빵소,일반가맹점,제과점,강원특별자치도,춘천시,4181000,강원특별자치도 춘천시 서부대성로 12 상가동 128호,,강원특별자치도 춘천시청,033-250-4043,2025-07-14
거진명품코다리,일반가맹점,한식,강원특별자치도,춘천시,4181000,강원특별자치도 춘천시 춘천로 390 1층 (후평동),033-244-1470,강원특별자치도 춘천시청,033-250-4043,2025-07-14
거진명품코다리네,일반가맹점,한식,강원특별자치도,춘천시,4181000,강원특별자치도 춘천시 퇴계로145번길 15-7 (퇴계동),033-253-9930,강원특별자치도 춘천시청,033-250-4043,2025-07-14
걸작떡볶이치킨춘천한림대점,일반가맹점,일반대중음식,강원특별자치도,춘천시,4181000,강원특별자치도 춘천시 삭주로 31-1 1층,070-7313-2821,강원특별자치도 춘천시청,033-250-4043,2025-07-14
검봉산 칡국수,일반가맹점,한식,강원특별자치도,춘천시,4181000,강원특별자치도춘천시 남산면 강촌구곡길 164-6,033-261-2986,강원특별자치도 춘천시청,033-250-4043,2025-07-14
게르,일반가맹점,일반대중음식,강원특별자치도,춘천시,4181000,강원특별자치도 춘천시 서부대성로 130 .1층,,강원특별자치도 춘천시청,033-250-4043,2025-07-14
겨루,일반가맹점,일반대중음식,강원특별자치도,춘천시,4181000,"강원특별자치도춘천시 효제길 18-1, 1층 (효자동)",,강원특별자치도 춘천시청,033-250-4043,2025-07-14
견우성소갈비살,일반가맹점,한식,강원특별자치도,춘천시,4181000,강원특별자치도춘천시 동내면 춘천순환로72번길 33-18,033-261-8201,강원특별자치도 춘천시청,033-250-4043,2025-07-14
경가네,일반가맹점,한식,강원특별자치도,춘천시,4181000,강원특별자치도춘천시 금강로121번길 6 (운교동),033-252-2232,강원특별자치도 춘천시청,033-250-4043,2025-07-14
경강막국수,일반가맹점,한식,강원특별자치도,춘천시,4181000,강원특별자치도 춘천시 남산면 서백길 62-4 1층,031-263-1138,강원특별자치도 춘천시청,033-250-4043,2025-07-14
경강손두부,일반가맹점,한식,강원특별자치도,춘천시,4181000,"강원특별자치도춘천시 남산면 서백길 28, 외3필지",033-263-1944,강원특별자치도 춘천시청,033-250-4043,2025-07-14
경강오리구이,일반가맹점,한식,강원특별자치도,춘천시,4181000,"강원특별자치도춘천시 남산면 서천리 28-4, 28-8",033-263-6281,강원특별자치도 춘천시청,033-250-4043,2025-07-14
경강오리구이 후평점,일반가맹점,한식,강원특별자치도,춘천시,4181000,강원특별자치도 춘천시 춘천로296번길 24-1 1층,033-263-1935,강원특별자치도 춘천시청,033-250-4043,2025-07-14
경복궁개성손만두요리전문점,일반가맹점,한식,강원특별자치도,춘천시,4181000,강원특별자치도 춘천시 동면 춘천순환로 420 1층,070-7500-0870,강원특별자치도 춘천시청,033-250-4043,2025-07-14
경북집,일반가맹점,한식,강원특별자치도,춘천시,4181000,강원특별자치도춘천시 스포츠타운길 415 (삼천동),033-251-8550,강원특별자치도 춘천시청,033-250-4043,2025-07-14
경상돈,일반가맹점,한식,강원특별자치도,춘천시,4181000,강원특별자치도 춘천시 금강로 113 1층뒷편,,강원특별자치도 춘천시청,033-250-4043,2025-07-14
경성푸드빌,일반가맹점,일반대중음식,강원특별자치도,춘천시,4181000,강원특별자치도 춘천시 벌말길 104 1층,,강원특별자치도 춘천시청,033-250-4043,2025-07-14
경성한우국밥,일반가맹점,한식,강원특별자치도,춘천시,4181000,강원특별자치도 춘천시 동면 만천로 118 1층,,강원특별자치도 춘천시청,033-250-4043,2025-07-14
경양미가,일반가맹점,양식,강원특별자치도,춘천시,4181000,강원특별자치도춘천시 애막골길7번길 28 (석사동),033-263-7982,강원특별자치도 춘천시청,033-250-4043,2025-07-14
경춘순대국,일반가맹점,한식,강원특별자치도,춘천시,4181000,"강원특별자치도춘천시 공지로 384-9, 2층 (약사동)",033-252-6403,강원특별자치도 춘천시청,033-250-4043,2025-07-14
경춘식당,일반가맹점,한식,강원특별자치도,춘천시,4181000,강원특별자치도 춘천시 퇴계로 24 1층,033-254-6677,강원특별자치도 춘천시청,033-250-4043,2025-07-14
경포대횟집,일반가맹점,한식,강원특별자치도,춘천시,4181000,강원특별자치도 춘천시 새롬공원길 20 1층,033-263-6330,강원특별자치도 춘천시청,033-250-4043,2025-07-14
경화루,일반가맹점,중식,강원특별자치도,춘천시,4181000,강원특별자치도춘천시 효자로 72 (효자동),033-242-5301,강원특별자치도 춘천시청,033-250-4043,2025-07-14
계륵,일반가맹점,한식,강원특별자치도,춘천시,4181000,강원특별자치도 춘천시 남산면 김유정로 351 2.3동 1호,,강원특별자치도 춘천시청,033-250-4043,2025-07-14
계백수제갈비강원직영점,일반가맹점,한식,강원특별자치도,춘천시,4181000,"강원특별자치도 춘천시 동면 만천로 82 ,",033-254-9233,강원특별자치도 춘천시청,033-250-4043,2025-07-14
고구려반점,일반가맹점,중식,강원특별자치도,춘천시,4181000,강원특별자치도 춘천시 동면 금옥길 471-6 .,033-242-3755,강원특별자치도 춘천시청,033-250-4043,2025-07-14
고기굽는마을,일반가맹점,한식,강원특별자치도,춘천시,4181000,강원특별자치도 춘천시 후석로228번길 9 1층 (후평동),033-244-9221,강원특별자치도 춘천시청,033-250-4043,2025-07-14
고기굽당,일반가맹점,한식,강원특별자치도,춘천시,4181000,강원특별자치도 춘천시 퇴계로 13 1층 101호(퇴계동),033-241-9292,강원특별자치도 춘천시청,033-250-4043,2025-07-14
고기극찬춘천점,일반가맹점,일반대중음식,강원특별자치도,춘천시,4181000,강원특별자치도 춘천시 남춘로55번길 3-2 1층,,강원특별자치도 춘천시청,033-250-4043,2025-07-14
고기마을,일반가맹점,한식,강원특별자치도,춘천시,4181000,강원특별자치도춘천시 동면 춘천로 587,033-241-4788,강원특별자치도 춘천시청,033-250-4043,2025-07-14
고기상회강촌점,일반가맹점,일반대중음식,강원특별자치도,춘천시,4181000,강원특별자치도 춘천시 남산면 강촌구곡길 46 1층,,강원특별자치도 춘천시청,033-250-4043,2025-07-14
고기싸롱 후평점,일반가맹점,한식,강원특별자치도,춘천시,4181000,"강원특별자치도춘천시 춘천로 324, 2층 (후평동)",033-255-0111,강원특별자치도 춘천시청,033-250-4043,2025-07-14
고기야,일반가맹점,한식,강원특별자치도,춘천시,4181000,강원특별자치도춘천시 스포츠타운길 536-5 (온의동),033-257-9199,강원특별자치도 춘천시청,033-250-4043,2025-07-14
고기왕 김육즙,일반가맹점,한식,강원특별자치도,춘천시,4181000,강원특별자치도 춘천시 남춘로5번길 16 1층,,강원특별자치도 춘천시청,033-250-4043,2025-07-14
고기촌,일반가맹점,한식,강원특별자치도,춘천시,4181000,강원특별자치도 춘천시 벌말길 63 1층,033-262-2110,강원특별자치도 춘천시청,033-250-4043,2025-07-14
고기혁명 춘천점,일반가맹점,한식,강원특별자치도,춘천시,4181000,강원특별자치도 춘천시 남춘로61번길 17 1층,,강원특별자치도 춘천시청,033-250-4043,2025-07-14
고깃구녕,일반가맹점,일반대중음식,강원특별자치도,춘천시,4181000,강원특별자치도 춘천시 우석로79번길 16-19 1층,033-263-3338,강원특별자치도 춘천시청,033-250-4043,2025-07-14
고니,일반가맹점,일반대중음식,강원특별자치도,춘천시,4181000,강원특별자치도 춘천시 대양당길 27 ..,070-4833-8604,강원특별자치도 춘천시청,033-250-4043,2025-07-14
고담한정식,일반가맹점,한식,강원특별자치도,춘천시,4181000,강원특별자치도춘천시 동내면 동내로 207,033-262-3877,강원특별자치도 춘천시청,033-250-4043,2025-07-14
고대분식,일반가맹점,한식,강원특별자치도,춘천시,4181000,강원특별자치도 춘천시 옥천길54번길 23 1층,033-257-4122,강원특별자치도 춘천시청,033-250-4043,2025-07-14
고도리찜닭,일반가맹점,한식,강원특별자치도,춘천시,4181000,강원특별자치도 춘천시 지석로 74-11 1층 C15호,033-261-0667,강원특별자치도 춘천시청,033-250-4043,2025-07-14
고드래미족발,일반가맹점,한식,강원특별자치도,춘천시,4181000,강원특별자치도춘천시 안마산로 207 (퇴계동),070-4045-9898,강원특별자치도 춘천시청,033-250-4043,2025-07-14
고래밥상,일반가맹점,한식,강원특별자치도,춘천시,4181000,"강원특별자치도춘천시 신북읍 신북로 38, 1층",033-241-7421,강원특별자치도 춘천시청,033-250-4043,2025-07-14
고래의꿈,일반가맹점,한식,강원특별자치도,춘천시,4181000,강원특별자치도 춘천시 남춘로36번길 59 1층,033-261-8891,강원특별자치도 춘천시청,033-250-4043,2025-07-14
고려산장,일반가맹점,일반대중음식,강원특별자치도,춘천시,4181000,"강원특별자치도 춘천시 북산면 오봉산길 697 ,고려산장",033-254-1100,강원특별자치도 춘천시청,033-250-4043,2025-07-14
고모네삼계탕,일반가맹점,한식,강원특별자치도,춘천시,4181000,강원특별자치도춘천시 신동면 순환대로 32,033-261-0277,강원특별자치도 춘천시청,033-250-4043,2025-07-14
고미고미,일반가맹점,한식,강원특별자치도,춘천시,4181000,강원특별자치도춘천시 옥천길 9 (중앙로1가),033-256-1562,강원특별자치도 춘천시청,033-250-4043,2025-07-14
고바우숯불갈비,일반가맹점,한식,강원특별자치도,춘천시,4181000,강원특별자치도 춘천시 안마산로 169-9 .,033-263-0878,강원특별자치도 춘천시청,033-250-4043,2025-07-14
고바우통닭 춘천우두점,일반가맹점,한식,강원특별자치도,춘천시,4181000,강원특별자치도 춘천시 충열로 1-40 우두동,033-253-3392,강원특별자치도 춘천시청,033-250-4043,2025-07-14
고반식당 춘천후평점,일반가맹점,한식,강원특별자치도,춘천시,4181000,강원특별자치도 춘천시 보안길 73 1층,033-252-9255,강원특별자치도 춘천시청,033-250-4043,2025-07-14
고반식당춘천거두리점,일반가맹점,한식,강원특별자치도,춘천시,4181000,강원특별자치도 춘천시 동내면 춘천순환로 114 1층,033-263-9291,강원특별자치도 춘천시청,033-250-4043,2025-07-14
고봉민김밥(장학점),일반가맹점,한식,강원특별자치도,춘천시,4181000,"강원특별자치도춘천시 동면 춘천로449번길 20-1, 103",033-241-9555,강원특별자치도 춘천시청,033-250-4043,2025-07-14
고봉민김밥인춘천거두리점,일반가맹점,일반대중음식,강원특별자치도,춘천시,4181000,강원특별자치도 춘천시 동내면 춘천순환로 64 101호,033-241-7799,강원특별자치도 춘천시청,033-250-4043,2025-07-14
고봉민김밥인춘천석사점,일반가맹점,한식,강원특별자치도,춘천시,4181000,"강원특별자치도 춘천시 퇴계농공로 20 101호(석사동,종로타워)",033-261-9110,강원특별자치도 춘천시청,033-250-4043,2025-07-14
고봉민김밥인춘천후평점,일반가맹점,일반대중음식,강원특별자치도,춘천시,4181000,강원특별자치도 춘천시 후석로 326 102호,033-252-0011,강원특별자치도 춘천시청,033-250-4043,2025-07-14
고산가,일반가맹점,한식,강원특별자치도,춘천시,4181000,강원특별자치도춘천시 동내면 너부래길 7,033-262-4644,강원특별자치도 춘천시청,033-250-4043,2025-07-14
고신,일반가맹점,한식,강원특별자치도,춘천시,4181000,강원특별자치도춘천시 공지로 242 (효자동),033-263-0558,강원특별자치도 춘천시청,033-250-4043,2025-07-14
고씨네카레강원대본점,일반가맹점,한식,강원특별자치도,춘천시,4181000,강원특별자치도 춘천시 백령로138번길 54 2층(효자동),033-911-5453,강원특별자치도 춘천시청,033-250-4043,2025-07-14
고우 춘천점,일반가맹점,일식,강원특별자치도,춘천시,4181000,강원특별자치도 춘천시 금강로 126 1층(운교동),033-252-1110,강원특별자치도 춘천시청,033-250-4043,2025-07-14
고우국밥,일반가맹점,한식,강원특별자치도,춘천시,4181000,강원특별자치도춘천시 남춘천새길41번길 13-2 (효자동),033-261-6796,강원특별자치도 춘천시청,033-250-4043,2025-07-14
고은가든,일반가맹점,한식,강원특별자치도,춘천시,4181000,강원특별자치도춘천시 동내면 고은길 161,033-262-6338,강원특별자치도 춘천시청,033-250-4043,2025-07-14
고은밥상,일반가맹점,한식,강원특별자치도,춘천시,4181000,강원특별자치도 춘천시 동내면 고은길 53 1층,033-263-4567,강원특별자치도 춘천시청,033-250-4043,2025-07-14
고을노적,일반가맹점,한식,강원특별자치도,춘천시,4181000,강원특별자치도 춘천시 남면 충효로 1358 .,033-263-5259,강원특별자치도 춘천시청,033-250-4043,2025-07-14
고창풍천장어,일반가맹점,한식,강원특별자치도,춘천시,4181000,강원특별자치도춘천시 남산면 소주고개로 459-4,033-261-0900,강원특별자치도 춘천시청,033-250-4043,2025-07-14
고쿠텐춘천점,일반가맹점,일식,강원특별자치도,춘천시,4181000,강원특별자치도 춘천시 중앙로67번길 18 4동 4108호,033-818-1217,강원특별자치도 춘천시청,033-250-4043,2025-07-14
고탄막국수,일반가맹점,한식,강원특별자치도,춘천시,4181000,강원특별자치도춘천시 사북면 춘화로 495-2,033-244-2733,강원특별자치도 춘천시청,033-250-4043,2025-07-14
고피자 춘천공지로점,일반가맹점,패스트푸드,강원특별자치도,춘천시,4181000,강원특별자치도 춘천시 공지로 425-2 1층 (근화동),033-251-5678,강원특별자치도 춘천시청,033-250-4043,2025-07-14
고피자(춘천석사점),일반가맹점,패스트푸드,강원특별자치도,춘천시,4181000,"강원특별자치도춘천시 지석로 75, 상가동 109호 (석사동)",033-910-0778,강원특별자치도 춘천시청,033-250-4043,2025-07-14
고향산천,일반가맹점,한식,강원특별자치도,춘천시,4181000,강원특별자치도 춘천시 후석로379번길 12 1층,,강원특별자치도 춘천시청,033-250-4043,2025-07-14
고향산천,일반가맹점,한식,강원특별자치도,춘천시,4181000,강원특별자치도 춘천시 신북읍 신북로 246 1층,033-252-3123,강원특별자치도 춘천시청,033-250-4043,2025-07-14
고향스넥,일반가맹점,한식,강원특별자치도,춘천시,4181000,강원특별자치도춘천시 봉의산길22번길 30-3 (교동),033-252-3609,강원특별자치도 춘천시청,033-250-4043,2025-07-14
고향전집,일반가맹점,한식,강원특별자치도,춘천시,4181000,강원특별자치도 춘천시 석사길5번길 37-1 1층101호,033-262-5539,강원특별자치도 춘천시청,033-250-4043,2025-07-14
곤지암할매소머리국밥,일반가맹점,한식,강원특별자치도,춘천시,4181000,강원특별자치도춘천시 후석로 299 (후평동),033-253-3583,강원특별자치도 춘천시청,033-250-4043,2025-07-14
곤지암할매소머리국밥,일반가맹점,한식,강원특별자치도,춘천시,4181000,강원특별자치도 춘천시 충혼길18번길 4 1층(퇴계동),,강원특별자치도 춘천시청,033-250-4043,2025-07-14
곤지암할매소머리국밥만천점,일반가맹점,일반대중음식,강원특별자치도,춘천시,4181000,"강원특별자치도춘천시 동면 춘천순환로 503, 1층",,강원특별자치도 춘천시청,033-250-4043,2025-07-14
골드차이나,일반가맹점,중식,강원특별자치도,춘천시,4181000,"강원특별자치도 춘천시 퇴계로145번길 15-15 ,1층(퇴계동)",,강원특별자치도 춘천시청,033-250-4043,2025-07-14
골목손팥칼국수,일반가맹점,한식,강원특별자치도,춘천시,4181000,강원특별자치도 춘천시 수풍골길13번길 11-1 1층(후평동),033-253-3469,강원특별자치도 춘천시청,033-250-4043,2025-07-14
골목순두부,일반가맹점,한식,강원특별자치도,춘천시,4181000,강원특별자치도 춘천시 공지로439번길 16-4 (근화동),033-256-6259,강원특별자치도 춘천시청,033-250-4043,2025-07-14
골목전집,일반가맹점,한식,강원특별자치도,춘천시,4181000,강원특별자치도 춘천시 아침길 21 1층,033-241-0256,강원특별자치도 춘천시청,033-250-4043,2025-07-14
골목집,일반가맹점,한식,강원특별자치도,춘천시,4181000,강원특별자치도 춘천시 공지로 162-3 1층(석사동),,강원특별자치도 춘천시청,033-250-4043,2025-07-14
골목집,일반가맹점,한식,강원특별자치도,춘천시,4181000,강원특별자치도 춘천시 공지로 162-3 1층(석사동),,강원특별자치도 춘천시청,033-250-4043,2025-07-14
골목집,일반가맹점,한식,강원특별자치도,춘천시,4181000,강원특별자치도 춘천시 동내면 영서로 1828-7 1층,033-264-6144,강원특별자치도 춘천시청,033-250-4043,2025-07-14
골목횟집,일반가맹점,일반대중음식,강원특별자치도,춘천시,4181000,"강원특별자치도춘천시 충열로16번길 21-11, 1층 (우두동)",033-251-5592,강원특별자치도 춘천시청,033-250-4043,2025-07-14
골목횟집,일반가맹점,일반대중음식,강원특별자치도,춘천시,4181000,강원특별자치도 춘천시 춘천로 339 1층,033-252-5592,강원특별자치도 춘천시청,033-250-4043,2025-07-14
곰돌생삽겹살,일반가맹점,한식,강원특별자치도,춘천시,4181000,강원특별자치도춘천시 효자3동 632-8 3동,033-256-4240,강원특별자치도 춘천시청,033-250-4043,2025-07-14
곰바위,일반가맹점,한식,강원특별자치도,춘천시,4181000,강원특별자치도 춘천시 신북읍 율문길 95 .,033-241-3346,강원특별자치도 춘천시청,033-250-4043,2025-07-14
곰배령,일반가맹점,한식,강원특별자치도,춘천시,4181000,강원특별자치도춘천시 퇴계동 770-3번지,033-255-5500,강원특별자치도 춘천시청,033-250-4043,2025-07-14
곰소젓갈밥상,일반가맹점,한식,강원특별자치도,춘천시,4181000,강원특별자치도 춘천시 닥나무길 17 1층,033-241-9614,강원특별자치도 춘천시청,033-250-4043,2025-07-14
곰실보리밥집,일반가맹점,한식,강원특별자치도,춘천시,4181000,강원특별자치도춘천시 동내면 520-2,033-261-3077,강원특별자치도 춘천시청,033-250-4043,2025-07-14
곱곱창구이,일반가맹점,한식,강원특별자치도,춘천시,4181000,강원특별자치도춘천시 동내면 거두택지길26번길 20,033-264-0868,강원특별자치도 춘천시청,033-250-4043,2025-07-14
곱분이곱창거두점,일반가맹점,한식,강원특별자치도,춘천시,4181000,"강원특별자치도 춘천시 동내면 거두택지길 16-1 ,1층",,강원특별자치도 춘천시청,033-250-4043,2025-07-14
곱분이곱창후평점,일반가맹점,일반대중음식,강원특별자치도,춘천시,4181000,"강원특별자치도 춘천시 후석로 315 ,1층4호,5호(후평동)",033-242-9673,강원특별자치도 춘천시청,033-250-4043,2025-07-14
곱이곱다 춘천점,일반가맹점,일반대중음식,강원특별자치도,춘천시,4181000,강원특별자치도 춘천시 퇴계로 175 1층 102호(퇴계동),,강원특별자치도 춘천시청,033-250-4043,2025-07-14
곱창고 퇴계동점,일반가맹점,한식,강원특별자치도,춘천시,4181000,강원특별자치도 춘천시 공원4길 23 1층,033-261-1400,강원특별자치도 춘천시청,033-250-4043,2025-07-14
곱창수월래,일반가맹점,일반대중음식,강원특별자치도,춘천시,4181000,강원특별자치도 춘천시 우두5길 36 104호 곱창수월래,070-7808-7979,강원특별자치도 춘천시청,033-250-4043,2025-07-14
곱창이야기,일반가맹점,한식,강원특별자치도,춘천시,4181000,"강원특별자치도춘천시 우석로79번길 12-3, (석사동)",033-262-9933,강원특별자치도 춘천시청,033-250-4043,2025-07-14
공간,일반가맹점,일반대중음식,강원특별자치도,춘천시,4181000,강원특별자치도 춘천시 삭주로 74 1층,070-4685-5191,강원특별자치도 춘천시청,033-250-4043,2025-07-14
공간모음,일반가맹점,일반대중음식,강원특별자치도,춘천시,4181000,강원특별자치도 춘천시 후만로116번길 4 (후평동),,강원특별자치도 춘천시청,033-250-4043,2025-07-14
공룡닭발0451후평점,일반가맹점,일반대중음식,강원특별자치도,춘천시,4181000,강원특별자치도 춘천시 동내면 공지로 70-51 1층,033-263-0915,강원특별자치도 춘천시청,033-250-4043,2025-07-14
공원삼겹살,일반가맹점,한식,강원특별자치도,춘천시,4181000,강원특별자치도 춘천시 동내면 춘천순환로72번길 50 1층,033-262-3338,강원특별자치도 춘천시청,033-250-4043,2025-07-14
공지천왕갈비,일반가맹점,한식,강원특별자치도,춘천시,4181000,강원특별자치도 춘천시 효자로 5 .,033-251-0791,강원특별자치도 춘천시청,033-250-4043,2025-07-14
공지천왕갈비 애막골점,일반가맹점,한식,강원특별자치도,춘천시,4181000,강원특별자치도춘천시 석사동 742-15,033-241-6546,강원특별자치도 춘천시청,033-250-4043,2025-07-14
공지천왕갈비스무숲점,일반가맹점,한식,강원특별자치도,춘천시,4181000,강원특별자치도 춘천시 스무숲길 24 1층,,강원특별자치도 춘천시청,033-250-4043,2025-07-14
공지천우미닭갈비,일반가맹점,한식,강원특별자치도,춘천시,4181000,강원특별자치도춘천시 근화동 700,033-252-0092,강원특별자치도 춘천시청,033-250-4043,2025-07-14
공지천제빵소,일반가맹점,일반대중음식,강원특별자치도,춘천시,4181000,강원특별자치도 춘천시 수변공원길 23 1층,,강원특별자치도 춘천시청,033-250-4043,2025-07-14
과일에반하다 프루타,일반가맹점,일반대중음식,강원특별자치도,춘천시,4181000,강원특별자치도춘천시 백령로 214 (후평동),033-255-3326,강원특별자치도 춘천시청,033-250-4043,2025-07-14
곽만근갈비탕,일반가맹점,한식,강원특별자치도,춘천시,4181000,강원특별자치도 춘천시 퇴계농공로 13 .,033-264-1949,강원특별자치도 춘천시청,033-250-4043,2025-07-14
광산골식당,일반가맹점,한식,강원특별자치도,춘천시,4181000,강원특별자치도 춘천시 사북면 말고개길 361 1층,033-244-9302,강원특별자치도 춘천시청,033-250-4043,2025-07-14
광수닭갈비,일반가맹점,한식,강원특별자치도,춘천시,4181000,강원특별자치도춘천시 동면 춘천로449번길 24-4,033-252-2599,강원특별자치도 춘천시청,033-250-4043,2025-07-14
광수생각,일반가맹점,한식,강원특별자치도,춘천시,4181000,강원특별자치도춘천시 옛경춘로 808 (삼천동),033-252-3055,강원특별자치도 춘천시청,033-250-4043,2025-07-14
광어야참치마,일반가맹점,일식,강원특별자치도,춘천시,4181000,"강원특별자치도 춘천시 춘천로 188 112호,113호(효자동)",033-256-8432,강원특별자치도 춘천시청,033-250-4043,2025-07-14
광주리,일반가맹점,한식,강원특별자치도,춘천시,4181000,강원특별자치도춘천시 서면 박사로 923,033-243-3800,강원특별자치도 춘천시청,033-250-4043,2025-07-14
광천순대,일반가맹점,한식,강원특별자치도,춘천시,4181000,강원특별자치도춘천시 동내면 춘천순환로72번길 40-1,033-261-8006,강원특별자치도 춘천시청,033-250-4043,2025-07-14
광치해장국,일반가맹점,한식,강원특별자치도,춘천시,4181000,강원특별자치도춘천시 소양로 108 광치해장국 (소양로3가),033-253-1100,강원특별자치도 춘천시청,033-250-4043,2025-07-14
광판순두부,일반가맹점,한식,강원특별자치도,춘천시,4181000,강원특별자치도 춘천시 남산면 김유정로 167 1층,033-264-0098,강원특별자치도 춘천시청,033-250-4043,2025-07-14
광판팔뚝김밥교대점,일반가맹점,한식,강원특별자치도,춘천시,4181000,강원특별자치도 춘천시 공지로 111 상가동105호,033-264-7796,강원특별자치도 춘천시청,033-250-4043,2025-07-14
광판팔뚝김밥김유정역점,일반가맹점,한식,강원특별자치도,춘천시,4181000,"강원특별자치도 춘천시 신동면 김유정로 1402 , 1층",033-263-7796,강원특별자치도 춘천시청,033-250-4043,2025-07-14
광판팔뚝김밥만천점,일반가맹점,한식,강원특별자치도,춘천시,4181000,강원특별자치도 춘천시 동면 만천양지길 60 1층,033-256-7796,강원특별자치도 춘천시청,033-250-4043,2025-07-14
광판팔뚝김밥우두점,일반가맹점,한식,강원특별자치도,춘천시,4181000,강원특별자치도 춘천시 충열로 1-16 1층,033-253-7796,강원특별자치도 춘천시청,033-250-4043,2025-07-14
광판팔뚝김밥퇴계점,일반가맹점,한식,강원특별자치도,춘천시,4181000,"강원특별자치도 춘천시 안마산로 42 ,1층",033-257-7796,강원특별자치도 춘천시청,033-250-4043,2025-07-14
교동꼬마김밥,일반가맹점,일반대중음식,강원특별자치도,춘천시,4181000,강원특별자치도 춘천시 삭주로 34 1층,033-256-0880,강원특별자치도 춘천시청,033-250-4043,2025-07-14
교동부대찌개,일반가맹점,한식,강원특별자치도,춘천시,4181000,"강원특별자치도춘천시 삭주로 80, 지하1층 (교동)",033-256-5442,강원특별자치도 춘천시청,033-250-4043,2025-07-14
교동짬뽕,일반가맹점,중식,강원특별자치도,춘천시,4181000,강원특별자치도 춘천시 동내면 학곡동1길 8-13 1층,033-264-3992,강원특별자치도 춘천시청,033-250-4043,2025-07-14
교동짬뽕(남춘천점),일반가맹점,중식,강원특별자치도,춘천시,4181000,강원특별자치도춘천시 퇴계동 33블럭3-2롯트,033-243-3060,강원특별자치도 춘천시청,033-250-4043,2025-07-14
교촌치킨 석사점,일반가맹점,일반대중음식,강원특별자치도,춘천시,4181000,강원특별자치도 춘천시 애막골길11번길 2 1층(석사동),033-263-6262,강원특별자치도 춘천시청,033-250-4043,2025-07-14
교촌치킨 춘천교대점,일반가맹점,일반대중음식,강원특별자치도,춘천시,4181000,"강원특별자치도춘천시 동내면 춘천순환로 67, 1층 (장도빌딩)",033-261-6886,강원특별자치도 춘천시청,033-250-4043,2025-07-14
교촌치킨 춘천시청점,일반가맹점,일반대중음식,강원특별자치도,춘천시,4181000,강원특별자치도 춘천시 금강로 24 1층,033-254-1991,강원특별자치도 춘천시청,033-250-4043,2025-07-14
교촌치킨 퇴계1호점,일반가맹점,일반대중음식,강원특별자치도,춘천시,4181000,강원특별자치도춘천시 행촌로 29 (퇴계동),033-244-2477,강원특별자치도 춘천시청,033-250-4043,2025-07-14
교촌치킨 퇴계2호점,일반가맹점,일반대중음식,강원특별자치도,춘천시,4181000,강원특별자치도춘천시 퇴계동 87 110.111호,033-264-8833,강원특별자치도 춘천시청,033-250-4043,2025-07-14
교촌치킨 후평사거리점,일반가맹점,일반대중음식,강원특별자치도,춘천시,4181000,강원특별자치도춘천시 춘천로 299 (후평동),033-251-4593,강원특별자치도 춘천시청,033-250-4043,2025-07-14
교촌치킨(효자점),일반가맹점,일반대중음식,강원특별자치도,춘천시,4181000,"강원특별자치도춘천시 효자로 115, 1층 (효자동)",033-252-9949,강원특별자치도 춘천시청,033-250-4043,2025-07-14
교촌치킨신사우점,일반가맹점,일반대중음식,강원특별자치도,춘천시,4181000,"강원특별자치도춘천시 영서로 2767, 1층 (우두동)",033-244-9505,강원특별자치도 춘천시청,033-250-4043,2025-07-14
교촌치킨장학점,일반가맹점,일반대중음식,강원특별자치도,춘천시,4181000,"강원특별자치도 춘천시 동면 춘천로449번길 12-1 1층 101,102호",033-243-1999,강원특별자치도 춘천시청,033-250-4043,2025-07-14
교촌치킨후평1호점,일반가맹점,일반대중음식,강원특별자치도,춘천시,4181000,강원특별자치도춘천시 후석로 270 (후평동),033-244-9789,강원특별자치도 춘천시청,033-250-4043,2025-07-14
구가네찹쌀탕수육,일반가맹점,중식,강원특별자치도,춘천시,4181000,강원특별자치도춘천시 퇴계로145번길 7-11 (퇴계동),033-261-9961,강원특별자치도 춘천시청,033-250-4043,2025-07-14
구곡촌두부,일반가맹점,한식,강원특별자치도,춘천시,4181000,강원특별자치도춘천시 남산면 강촌구곡길 78,033-261-0271,강원특별자치도 춘천시청,033-250-4043,2025-07-14
구곡휴게소,일반가맹점,한식,강원특별자치도,춘천시,4181000,강원특별자치도 춘천시 남산면 강촌구곡길 259 1층,,강원특별자치도 춘천시청,033-250-4043,2025-07-14
구도로통닭 춘천스무숲점,일반가맹점,일반대중음식,강원특별자치도,춘천시,4181000,강원특별자치도 춘천시 스무숲1길 69 1층(석사동),,강원특별자치도 춘천시청,033-250-4043,2025-07-14
구루냉동삼겹살,일반가맹점,한식,강원특별자치도,춘천시,4181000,강원특별자치도 춘천시 동내면 춘천순환로72번길 33-15 1층,,강원특별자치도 춘천시청,033-250-4043,2025-07-14
구르망디즈,일반가맹점,일반대중음식,강원특별자치도,춘천시,4181000,강원특별자치도 춘천시 보안길 62 1동 102호,033-911-6655,강원특별자치도 춘천시청,033-250-4043,2025-07-14
구명동닭갈비,일반가맹점,한식,강원특별자치도,춘천시,4181000,강원특별자치도춘천시 춘주로92번길 29-4 (온의동),033-254-8582,강원특별자치도 춘천시청,033-250-4043,2025-07-14
구미닭갈비,일반가맹점,한식,강원특별자치도,춘천시,4181000,강원특별자치도 춘천시 금강로62번길 9-1 조양동,033-252-9653,강원특별자치도 춘천시청,033-250-4043,2025-07-14
구봉농원,일반가맹점,한식,강원특별자치도,춘천시,4181000,강원특별자치도 춘천시 동면 만군길 155 1층,,강원특별자치도 춘천시청,033-250-4043,2025-07-14
구오 베이커리,일반가맹점,제과점,강원특별자치도,춘천시,4181000,강원특별자치도 춘천시 국사봉길 16 1층(퇴계동),,강원특별자치도 춘천시청,033-250-4043,2025-07-14
구울래머글래,일반가맹점,한식,강원특별자치도,춘천시,4181000,강원특별자치도 춘천시 대양당길9번길 15 구울래머글래,033-242-6902,강원특별자치도 춘천시청,033-250-4043,2025-07-14
구이가(강원대점),일반가맹점,한식,강원특별자치도,춘천시,4181000,강원특별자치도춘천시 서부대성로239번길 7 2층 (효자동),033-256-9543,강원특별자치도 춘천시청,033-250-4043,2025-07-14
구이본색,일반가맹점,한식,강원특별자치도,춘천시,4181000,강원특별자치도 춘천시 동내면 외솔길 45 1층,033-261-9205,강원특별자치도 춘천시청,033-250-4043,2025-07-14
구이와전골,일반가맹점,일반대중음식,강원특별자치도,춘천시,4181000,강원특별자치도 춘천시 춘천로186번길 19 .,033-910-5767,강원특별자치도 춘천시청,033-250-4043,2025-07-14
구이탕탕,일반가맹점,한식,강원특별자치도,춘천시,4181000,"강원특별자치도춘천시 춘주로187번길 6, 1층 (퇴계동)",033-243-9222,강원특별자치도 춘천시청,033-250-4043,2025-07-14
구정막국수,일반가맹점,일반대중음식,강원특별자치도,춘천시,4181000,"강원특별자치도 춘천시 구마니1길 36-2 (삼천동,외1필지)",033-255-7000,강원특별자치도 춘천시청,033-250-4043,2025-07-14
구주춘천퇴계점,일반가맹점,일반대중음식,강원특별자치도,춘천시,4181000,강원특별자치도 춘천시 우묵길78번길 7 1층우측첫째(퇴계동),033-241-2180,강원특별자치도 춘천시청,033-250-4043,2025-07-14
국가대표푸드마켓,일반가맹점,한식,강원특별자치도,춘천시,4181000,강원특별자치도 춘천시 춘천로204번길 8 (효자동),,강원특별자치도 춘천시청,033-250-4043,2025-07-14
국내산흑염소전문점,일반가맹점,한식,강원특별자치도,춘천시,4181000,강원특별자치도춘천시 우두상리길 37 (우두동),,강원특별자치도 춘천시청,033-250-4043,2025-07-14
국립춘천병원,일반가맹점,일반대중음식,강원특별자치도,춘천시,4181000,강원특별자치도 춘천시 동산면 영서로 824 강원특별자치도 춘천시 동산면 영서로 824,033-260-3236,강원특별자치도 춘천시청,033-250-4043,2025-07-14
국민낙곱새춘천점,일반가맹점,한식,강원특별자치도,춘천시,4181000,강원특별자치도 춘천시 방송길 77 상가동1110호1140호,033-242-8272,강원특별자치도 춘천시청,033-250-4043,2025-07-14
국민생활편의점,편의점,편의점,강원특별자치도,춘천시,4181000,강원특별자치도춘천시 효자3동 40-2번지,033-244-4234,강원특별자치도 춘천시청,033-250-4043,2025-07-14
국민순대국춘천점,일반가맹점,한식,강원특별자치도,춘천시,4181000,강원특별자치도 춘천시 효석로9번길 18 1층 101호,033-262-5989,강원특별자치도 춘천시청,033-250-4043,2025-07-14
국밥참맛있는집 퇴계점,일반가맹점,한식,강원특별자치도,춘천시,4181000,강원특별자치도 춘천시 춘주로187번길 9 1층(퇴계동),033-244-4796,강원특별자치도 춘천시청,033-250-4043,2025-07-14
국사랑 춘천후평점,일반가맹점,식품잡화,강원특별자치도,춘천시,4181000,"강원특별자치도춘천시 세실로 260 (후평동, 초록지붕아파트)",033-244-9283,강원특별자치도 춘천시청,033-250-4043,2025-07-14
국수나라,일반가맹점,한식,강원특별자치도,춘천시,4181000,강원특별자치도춘천시 삭주로 130 (후평동),033-243-5671,강원특별자치도 춘천시청,033-250-4043,2025-07-14
국수나무,일반가맹점,한식,강원특별자치도,춘천시,4181000,강원특별자치도 춘천시 동면 춘천로 451-1 1층 105호,033-242-0065,강원특별자치도 춘천시청,033-250-4043,2025-07-14
국수나무 (춘천후평점),일반가맹점,한식,강원특별자치도,춘천시,4181000,강원특별자치도춘천시 보안길 70-2 (후평동),033-256-0559,강원특별자치도 춘천시청,033-250-4043,2025-07-14
국수나무 춘천CGV점,일반가맹점,한식,강원특별자치도,춘천시,4181000,"강원특별자치도춘천시 퇴계농공로 12, 104호 (석사동, 로얄프라자)",033-261-2267,강원특별자치도 춘천시청,033-250-4043,2025-07-14
국수나무 춘천우두점,일반가맹점,한식,강원특별자치도,춘천시,4181000,강원특별자치도 춘천시 영서로 2767 1층 왼쪽호(우두동),033-255-6870,강원특별자치도 춘천시청,033-250-4043,2025-07-14
국수나무춘천명동점,일반가맹점,일반대중음식,강원특별자치도,춘천시,4181000,"강원특별자치도춘천시 중앙로 63-1, 1층 (중앙로2가)",033-255-7700,강원특별자치도 춘천시청,033-250-4043,2025-07-14
국수나무한숲시티점,일반가맹점,한식,강원특별자치도,춘천시,4181000,"강원특별자치도 춘천시 안마산로 113 상가비2동 108(퇴계동, e편한세상 춘천 한숲시티)",033-910-8355,강원특별자치도 춘천시청,033-250-4043,2025-07-14
국수닭,일반가맹점,한식,강원특별자치도,춘천시,4181000,강원특별자치도춘천시 남춘로36번길 48 (퇴계동),033-262-6399,강원특별자치도 춘천시청,033-250-4043,2025-07-14
국수사랑,일반가맹점,한식,강원특별자치도,춘천시,4181000,강원특별자치도 춘천시 영서로 2922 401동 103호,033-242-6018,강원특별자치도 춘천시청,033-250-4043,2025-07-14
국시집,일반가맹점,한식,강원특별자치도,춘천시,4181000,"강원특별자치도 춘천시 명동길29번길 4-26 ,1층",,강원특별자치도 춘천시청,033-250-4043,2025-07-14
군산식당,일반가맹점,한식,강원특별자치도,춘천시,4181000,"강원특별자치도춘천시 공지로478번길 11-2, 1층 (근화동)",033-256-5516,강원특별자치도 춘천시청,033-250-4043,2025-07-14
군자대한곱창춘천퇴계점,일반가맹점,일반대중음식,강원특별자치도,춘천시,4181000,강원특별자치도 춘천시 영서로 2153 1층 101호(퇴계동),033-818-2222,강원특별자치도 춘천시청,033-250-4043,2025-07-14
군자숯불닭갈비,일반가맹점,한식,강원특별자치도,춘천시,4181000,강원특별자치도 춘천시 동산면 종자리로 148-6 1층,033-263-0668,강원특별자치도 춘천시청,033-250-4043,2025-07-14
군자타운,일반가맹점,한식,강원특별자치도,춘천시,4181000,강원특별자치도 춘천시 동산면 종자리로 331-21 2층,033-262-5289,강원특별자치도 춘천시청,033-250-4043,2025-07-14
굴뚝,일반가맹점,한식,강원특별자치도,춘천시,4181000,강원특별자치도 춘천시 솟발1길 12 1층(퇴계동),,강원특별자치도 춘천시청,033-250-4043,2025-07-14
굴마을춘천강남점,일반가맹점,한식,강원특별자치도,춘천시,4181000,강원특별자치도춘천시 충혼길18번길 11 (온의동),033-256-5536,강원특별자치도 춘천시청,033-250-4043,2025-07-14
굴봉산식당,일반가맹점,한식,강원특별자치도,춘천시,4181000,강원특별자치도 춘천시 남산면 서백길 295 102호,,강원특별자치도 춘천시청,033-250-4043,2025-07-14
굽네치킨 방하리점,일반가맹점,일반대중음식,강원특별자치도,춘천시,4181000,강원특별자치도춘천시 남산면 방하로 469,033-263-9492,강원특별자치도 춘천시청,033-250-4043,2025-07-14
굽네치킨 애막골 후평점,일반가맹점,일반대중음식,강원특별자치도,춘천시,4181000,"강원특별자치도춘천시 후석로 253, 1층 (후평동)",033-253-9952,강원특별자치도 춘천시청,033-250-4043,2025-07-14
굽네치킨 온의퇴계점,일반가맹점,일반대중음식,강원특별자치도,춘천시,4181000,강원특별자치도춘천시 온의동 541-3,033-256-8892,강원특별자치도 춘천시청,033-250-4043,2025-07-14
굽네치킨 춘천석사점,일반가맹점,일반대중음식,강원특별자치도,춘천시,4181000,강원특별자치도춘천시 석사동 642,033-263-9582,강원특별자치도 춘천시청,033-250-4043,2025-07-14
굽네치킨 춘천소양점,일반가맹점,일반대중음식,강원특별자치도,춘천시,4181000,"강원특별자치도 춘천시 서부대성로47번길 4 , 1층",033-243-8892,강원특별자치도 춘천시청,033-250-4043,2025-07-14
굽네치킨(신사우점),일반가맹점,일반대중음식,강원특별자치도,춘천시,4181000,"강원특별자치도 춘천시 충열로 101 , 102호",033-251-9211,강원특별자치도 춘천시청,033-250-4043,2025-07-14
굽네치킨(효자점),일반가맹점,일반대중음식,강원특별자치도,춘천시,4181000,강원특별자치도 춘천시 효자로 108 1층,033-257-8892,강원특별자치도 춘천시청,033-250-4043,2025-07-14
굽네치킨동광오거리점,일반가맹점,일반대중음식,강원특별자치도,춘천시,4181000,강원특별자치도 춘천시 삭주로 206-1 1층,033-254-9494,강원특별자치도 춘천시청,033-250-4043,2025-07-14
굽찌,일반가맹점,한식,강원특별자치도,춘천시,4181000,"강원특별자치도춘천시 남춘로36번길 81, 1층 (퇴계동)",,강원특별자치도 춘천시청,033-250-4043,2025-07-14
굿마트춘천점,일반가맹점,연쇄점,강원특별자치도,춘천시,4181000,강원특별자치도춘천시 동내면 동내로 83,033-254-1822,강원특별자치도 춘천시청,033-250-4043,2025-07-14
굿손춘천엔타점,일반가맹점,일반대중음식,강원특별자치도,춘천시,4181000,"강원특별자치도 춘천시 후석로 120 , 212호(석사동)",033-263-4249,강원특별자치도 춘천시청,033-250-4043,2025-07-14
궁 잔기지떡,일반가맹점,일반대중음식,강원특별자치도,춘천시,4181000,강원특별자치도 춘천시 충혼길4번길 20 1층,033-243-1067,강원특별자치도 춘천시청,033-250-4043,2025-07-14
궁중해물칼국수,일반가맹점,한식,강원특별자치도,춘천시,4181000,강원특별자치도춘천시 영서로 3053-38 (사농동),033-255-3371,강원특별자치도 춘천시청,033-250-4043,2025-07-14
궁채석갈비전문점,일반가맹점,한식,강원특별자치도,춘천시,4181000,"강원특별자치도춘천시 후석로 68-1, 2층 (석사동)",033-261-3840,강원특별자치도 춘천시청,033-250-4043,2025-07-14
권바우부대찌개,일반가맹점,한식,강원특별자치도,춘천시,4181000,"강원특별자치도춘천시 보안길 8, 1층 (후평동)",033-242-8859,강원특별자치도 춘천시청,033-250-4043,2025-07-14
권바우푸드시스템,일반가맹점,한식,강원특별자치도,춘천시,4181000,강원특별자치도 춘천시 솟발1길 4-13 1층,033-262-0019,강원특별자치도 춘천시청,033-250-4043,2025-07-14
권할머니해장국,일반가맹점,일반대중음식,강원특별자치도,춘천시,4181000,강원특별자치도 춘천시 동산면 종자리로 268 1층,,강원특별자치도 춘천시청,033-250-4043,2025-07-14
권할머니흑염소,일반가맹점,일반대중음식,강원특별자치도,춘천시,4181000,강원특별자치도 춘천시 동산면 종자리로 268 1층,,강원특별자치도 춘천시청,033-250-4043,2025-07-14
귀품찬곽만근숯불갈비 (춘천점),일반가맹점,한식,강원특별자치도,춘천시,4181000,강원특별자치도 춘천시 동내면 춘천순환로 65 1층,033-263-9299,강원특별자치도 춘천시청,033-250-4043,2025-07-14
귀한족발,일반가맹점,일반대중음식,강원특별자치도,춘천시,4181000,강원특별자치도 춘천시 충열로20번길 8 .,033-818-9400,강원특별자치도 춘천시청,033-250-4043,2025-07-14
그곳에가면,일반가맹점,한식,강원특별자치도,춘천시,4181000,강원특별자치도 춘천시 동내면 공지로 76 1층,033-264-5354,강원특별자치도 춘천시청,033-250-4043,2025-07-14
그난푸드,일반가맹점,일반대중음식,강원특별자치도,춘천시,4181000,강원특별자치도 춘천시 동면 순환대로 1154-113 2동 1층,,강원특별자치도 춘천시청,033-250-4043,2025-07-14
그날의우리,일반가맹점,일반대중음식,강원특별자치도,춘천시,4181000,강원특별자치도 춘천시 우묵길56번길 24 1층 103호,,강원특별자치도 춘천시청,033-250-4043,2025-07-14
그냥,일반가맹점,한식,강원특별자치도,춘천시,4181000,강원특별자치도춘천시 남산면 갯골길 80-8,033-262-8909,강원특별자치도 춘천시청,033-250-4043,2025-07-14
그늘집,일반가맹점,한식,강원특별자치도,춘천시,4181000,강원특별자치도 춘천시 동면 춘천순환로 797 ..,033-263-6666,강원특별자치도 춘천시청,033-250-4043,2025-07-14
그대 별처럼,일반가맹점,양식,강원특별자치도,춘천시,4181000,강원특별자치도 춘천시 남면 충효로 1364 2층,,강원특별자치도 춘천시청,033-250-4043,2025-07-14
그락스,일반가맹점,양식,강원특별자치도,춘천시,4181000,강원특별자치도 춘천시 동면 춘천순환로 471 1층,,강원특별자치도 춘천시청,033-250-4043,2025-07-14
그랑블루(바다향기 칼국수),일반가맹점,한식,강원특별자치도,춘천시,4181000,"강원특별자치도춘천시 동내면 고은길 168, 2층",033-263-2801,강원특별자치도 춘천시청,033-250-4043,2025-07-14
그래그래피자떡볶이춘첨점,일반가맹점,한식,강원특별자치도,춘천시,4181000,강원특별자치도 춘천시 효평길 44 1층,033-256-0050,강원특별자치도 춘천시청,033-250-4043,2025-07-14
그래도 스시,일반가맹점,일반대중음식,강원특별자치도,춘천시,4181000,강원특별자치도 춘천시 삭주로 96-1 1층(후평동),033-252-8242,강원특별자치도 춘천시청,033-250-4043,2025-07-14
그래도좋아회,일반가맹점,일식,강원특별자치도,춘천시,4181000,강원특별자치도 춘천시 춘천로 260 1층,033-255-8242,강원특별자치도 춘천시청,033-250-4043,2025-07-14
그래요거,일반가맹점,일반대중음식,강원특별자치도,춘천시,4181000,"강원특별자치도춘천시 삭주로70번길 16-2, 1층 2호 (교동)",,강원특별자치도 춘천시청,033-250-4043,2025-07-14
그레잇,일반가맹점,양식,강원특별자치도,춘천시,4181000,강원특별자치도 춘천시 남춘로 17 애비뉴상가동 1층 104호,02-1930-6074,강원특별자치도 춘천시청,033-250-4043,2025-07-14
그로우딥(Grow deep),일반가맹점,일반대중음식,강원특별자치도,춘천시,4181000,강원특별자치도 춘천시 효석로 79 1층,,강원특별자치도 춘천시청,033-250-4043,2025-07-14
그루밍데이,일반가맹점,일반대중음식,강원특별자치도,춘천시,4181000,"강원특별자치도춘천시 성심로 42, 1층 (효자동)",,강원특별자치도 춘천시청,033-250-4043,2025-07-14
그린닭갈비,일반가맹점,한식,강원특별자치도,춘천시,4181000,강원특별자치도 춘천시 신동면 풍류1길 30 1층,,강원특별자치도 춘천시청,033-250-4043,2025-07-14
그린닭갈비,일반가맹점,한식,강원특별자치도,춘천시,4181000,강원특별자치도춘천시 효자3동 7,033-252-3632,강원특별자치도 춘천시청,033-250-4043,2025-07-14
그린벨리바베큐,일반가맹점,일반대중음식,강원특별자치도,춘천시,4181000,강원특별자치도 춘천시 서면 명월길 521 그린벨리바베큐,033-262-8111,강원특별자치도 춘천시청,033-250-4043,2025-07-14
그린스토리,일반가맹점,일반대중음식,강원특별자치도,춘천시,4181000,"강원특별자치도춘천시 신동면 풍류1길 30, 2층",033-255-5592,강원특별자치도 춘천시청,033-250-4043,2025-07-14
그물에걸린바다풍경,일반가맹점,일반대중음식,강원특별자치도,춘천시,4181000,"강원특별자치도춘천시 후석로 262-1, 1층 (후평동)",033-264-2300,강원특별자치도 춘천시청,033-250-4043,2025-07-14
그집과일,일반가맹점,청과물,강원특별자치도,춘천시,4181000,강원특별자치도 춘천시 서부대성로 44-1 1층,,강원특별자치도 춘천시청,033-250-4043,2025-07-14
그집과일,일반가맹점,일반대중음식,강원특별자치도,춘천시,4181000,강원특별자치도춘천시 서부대성로 44-1 (요선동),,강원특별자치도 춘천시청,033-250-4043,2025-07-14
근무중이상무춘천닭갈비,일반가맹점,한식,강원특별자치도,춘천시,4181000,강원특별자치도 춘천시 춘천로296번길 7 1층,033-264-0437,강원특별자치도 춘천시청,033-250-4043,2025-07-14
근화당,일반가맹점,제과점,강원특별자치도,춘천시,4181000,강원특별자치도 춘천시 공지로439번길 15 1층,,강원특별자치도 춘천시청,033-250-4043,2025-07-14
근화순대국밥,일반가맹점,한식,강원특별자치도,춘천시,4181000,강원특별자치도 춘천시 공지로 484-1 1층1층,033-261-7605,강원특별자치도 춘천시청,033-250-4043,2025-07-14
글로리아,일반가맹점,한식,강원특별자치도,춘천시,4181000,강원특별자치도 춘천시 후석로393번길 52-1 1층,,강원특별자치도 춘천시청,033-250-4043,2025-07-14
금강막국수,일반가맹점,한식,강원특별자치도,춘천시,4181000,강원특별자치도춘천시 남산면 서천길 7,033-263-5669,강원특별자치도 춘천시청,033-250-4043,2025-07-14
금계촌두부,일반가맹점,한식,강원특별자치도,춘천시,4181000,강원특별자치도 춘천시 남면 버들1길 8 .,033-263-0315,강원특별자치도 춘천시청,033-250-4043,2025-07-14
금대골,일반가맹점,한식,강원특별자치도,춘천시,4181000,강원특별자치도 춘천시 동면 금촌로 250-1 .,033-243-5582,강원특별자치도 춘천시청,033-250-4043,2025-07-14
금돈,일반가맹점,한식,강원특별자치도,춘천시,4181000,강원특별자치도 춘천시 성심로 48 1층,,강원특별자치도 춘천시청,033-250-4043,2025-07-14
금돼지,일반가맹점,한식,강원특별자치도,춘천시,4181000,강원특별자치도춘천시 서면 박사로 902,033-244-9955,강원특별자치도 춘천시청,033-250-4043,2025-07-14
금바위,일반가맹점,한식,강원특별자치도,춘천시,4181000,강원특별자치도 춘천시 스포츠타운길 419 .,033-253-3253,강원특별자치도 춘천시청,033-250-4043,2025-07-14
금박식당,일반가맹점,한식,강원특별자치도,춘천시,4181000,강원특별자치도 춘천시 춘천로296번길 4 2층,033-241-3739,강원특별자치도 춘천시청,033-250-4043,2025-07-14
금베이숲,일반가맹점,일반대중음식,강원특별자치도,춘천시,4181000,강원특별자치도 춘천시 동면 금베이길 61-90 .,,강원특별자치도 춘천시청,033-250-4043,2025-07-14
금병산숯불철판닭갈비,일반가맹점,한식,강원특별자치도,춘천시,4181000,강원특별자치도춘천시 신동면 금병의숙길 6,033-262-4220,강원특별자치도 춘천시청,033-250-4043,2025-07-14
금병산통나무집,일반가맹점,한식,강원특별자치도,춘천시,4181000,강원특별자치도춘천시 동내면 영서로 1459,033-261-5239,강원특별자치도 춘천시청,033-250-4043,2025-07-14
금상족발,일반가맹점,한식,강원특별자치도,춘천시,4181000,강원특별자치도 춘천시 애막골길7번길 30-1 1층,033-264-2648,강원특별자치도 춘천시청,033-250-4043,2025-07-14
금선식당,일반가맹점,한식,강원특별자치도,춘천시,4181000,"강원특별자치도 춘천시 약사고개길 13 88 2호(죽림동, 제일백화점)",033-242-3376,강원특별자치도 춘천시청,033-250-4043,2025-07-14
금순이네,일반가맹점,한식,강원특별자치도,춘천시,4181000,강원특별자치도 춘천시 중앙로 28-7 1층,033-254-6858,강원특별자치도 춘천시청,033-250-4043,2025-07-14
금오옥토,일반가맹점,한식,강원특별자치도,춘천시,4181000,강원특별자치도 춘천시 춘주로201번길 3 1층(퇴계동),033-256-0292,강원특별자치도 춘천시청,033-250-4043,2025-07-14
금자네해장국,일반가맹점,한식,강원특별자치도,춘천시,4181000,강원특별자치도춘천시 춘천로 179-1 금자네해장국 (운교동),033-257-5538,강원특별자치도 춘천시청,033-250-4043,2025-07-14
금촌집,일반가맹점,한식,강원특별자치도,춘천시,4181000,강원특별자치도 춘천시 동면 춘천순환로 391 1층,033-252-3989,강원특별자치도 춘천시청,033-250-4043,2025-07-14
금화왕돈까스춘천만천점,일반가맹점,일반대중음식,강원특별자치도,춘천시,4181000,강원특별자치도 춘천시 동면 춘천순환로 515 1층102호,033-243-2225,강원특별자치도 춘천시청,033-250-4043,2025-07-14
기대만족 춘천점,일반가맹점,일반대중음식,강원특별자치도,춘천시,4181000,강원특별자치도 춘천시 성심로 98-1 1층,033-255-8258,강원특별자치도 춘천시청,033-250-4043,2025-07-14
기륜각,일반가맹점,중식,강원특별자치도,춘천시,4181000,강원특별자치도 춘천시 행촌로32번길 5-10 (퇴계동),033-251-1110,강원특별자치도 춘천시청,033-250-4043,2025-07-14
기막힌밥상,일반가맹점,일반대중음식,강원특별자치도,춘천시,4181000,강원특별자치도 춘천시 후석로46번길 10-1 .,,강원특별자치도 춘천시청,033-250-4043,2025-07-14
기쁨이네,일반가맹점,한식,강원특별자치도,춘천시,4181000,강원특별자치도 춘천시 춘천로296번길 10 1층,033-256-3480,강원특별자치도 춘천시청,033-250-4043,2025-07-14
기세국수,일반가맹점,한식,강원특별자치도,춘천시,4181000,강원특별자치도 춘천시 소양강로 10 1층 111호,,강원특별자치도 춘천시청,033-250-4043,2025-07-14
기영이 숯불두마리치킨 춘천퇴계점,일반가맹점,일반대중음식,강원특별자치도,춘천시,4181000,"강원특별자치도 춘천시 승지골길16번길 50 1층 102호(퇴계동, 퇴계8단지주공아파트상가)",033-252-9989,강원특별자치도 춘천시청,033-250-4043,2025-07-14
기영이숯불두마리치킨춘천후평점,일반가맹점,일반대중음식,강원특별자치도,춘천시,4181000,강원특별자치도 춘천시 백령로 215 상가2동 1층 101호,033-253-3370,강원특별자치도 춘천시청,033-250-4043,2025-07-14
기와집,일반가맹점,한식,강원특별자치도,춘천시,4181000,강원특별자치도 춘천시 후석로 427 1층,033-255-4555,강원특별자치도 춘천시청,033-250-4043,2025-07-14
기와집골,일반가맹점,한식,강원특별자치도,춘천시,4181000,강원특별자치도 춘천시 동내면 거두택지길26번길 9-13 1층,033-262-9291,강원특별자치도 춘천시청,033-250-4043,2025-07-14
긱스피자,일반가맹점,패스트푸드,강원특별자치도,춘천시,4181000,강원특별자치도 춘천시 효제길 13 1층,,강원특별자치도 춘천시청,033-250-4043,2025-07-14
길동우동 춘천팔호광장점,일반가맹점,한식,강원특별자치도,춘천시,4181000,강원특별자치도 춘천시 서부대성로 195 1층(효자동),033-251-3428,강원특별자치도 춘천시청,033-250-4043,2025-07-14
길림성,일반가맹점,중식,강원특별자치도,춘천시,4181000,강원특별자치도 춘천시 새롬공원길 24 1층,033-263-0351,강원특별자치도 춘천시청,033-250-4043,2025-07-14
길모퉁이,일반가맹점,한식,강원특별자치도,춘천시,4181000,강원특별자치도 춘천시 공지로439번길 2 .,033-253-8843,강원특별자치도 춘천시청,033-250-4043,2025-07-14
길목식당,일반가맹점,한식,강원특별자치도,춘천시,4181000,강원특별자치도 춘천시 소양정길 5 1층,033-252-3914,강원특별자치도 춘천시청,033-250-4043,2025-07-14
길성식당,일반가맹점,한식,강원특별자치도,춘천시,4181000,강원특별자치도춘천시 명동길29번길 8-7 (죽림동),033-254-2411,강원특별자치도 춘천시청,033-250-4043,2025-07-14
길손기사식당,일반가맹점,한식,강원특별자치도,춘천시,4181000,강원특별자치도춘천시 공지로 677 (근화동),033-256-9087,강원특별자치도 춘천시청,033-250-4043,2025-07-14
김가네가마솥순대국,일반가맹점,한식,강원특별자치도,춘천시,4181000,"강원특별자치도춘천시 남산면 한치로 106, 1층",033-262-8520,강원특별자치도 춘천시청,033-250-4043,2025-07-14
김가네왕갈비탕,일반가맹점,한식,강원특별자치도,춘천시,4181000,강원특별자치도춘천시 남산면 서백길 79-6,033-268-7748,강원특별자치도 춘천시청,033-250-4043,2025-07-14
김밥과친구들2호점,일반가맹점,한식,강원특별자치도,춘천시,4181000,강원특별자치도 춘천시 효평길 97 1층,,강원특별자치도 춘천시청,033-250-4043,2025-07-14
김밥나라,일반가맹점,한식,강원특별자치도,춘천시,4181000,강원특별자치도 춘천시 서부대성로239번길 3 1층,033-257-4926,강원특별자치도 춘천시청,033-250-4043,2025-07-14
김밥나라,일반가맹점,한식,강원특별자치도,춘천시,4181000,강원특별자치도춘천시 동내면 학곡리 306-33번지,033-263-7119,강원특별자치도 춘천시청,033-250-4043,2025-07-14
김밥나라,일반가맹점,한식,강원특별자치도,춘천시,4181000,강원특별자치도춘천시 금강로 93 (운교동),033-257-2527,강원특별자치도 춘천시청,033-250-4043,2025-07-14
김밥나라,일반가맹점,한식,강원특별자치도,춘천시,4181000,"강원특별자치도춘천시 안마산로 346, 1층 (석사동)",033-263-9956,강원특별자치도 춘천시청,033-250-4043,2025-07-14
김밥나라 애막골점,일반가맹점,한식,강원특별자치도,춘천시,4181000,강원특별자치도춘천시 후석로186번길 9 상가-106(석사동),033-261-5931,강원특별자치도 춘천시청,033-250-4043,2025-07-14
김밥나라 칠전점,일반가맹점,한식,강원특별자치도,춘천시,4181000,"강원특별자치도춘천시 칠전서길 28-1, 1층 (칠전동)",033-263-7007,강원특별자치도 춘천시청,033-250-4043,2025-07-14
김밥나라(우두점),일반가맹점,한식,강원특별자치도,춘천시,4181000,강원특별자치도춘천시 영서로 2761 (우두동),033-242-1094,강원특별자치도 춘천시청,033-250-4043,2025-07-14
김밥나라만천점,일반가맹점,한식,강원특별자치도,춘천시,4181000,강원특별자치도춘천시 춘천로 381-2 (후평동),033-256-0301,강원특별자치도 춘천시청,033-250-4043,2025-07-14
김밥나라봄내초교점,일반가맹점,한식,강원특별자치도,춘천시,4181000,강원특별자치도 춘천시 퇴계로 217 1층,033-264-5218,강원특별자치도 춘천시청,033-250-4043,2025-07-14
김밥나라퇴계점,일반가맹점,한식,강원특별자치도,춘천시,4181000,강원특별자치도춘천시 춘주로 145-1 (퇴계동),033-244-0448,강원특별자치도 춘천시청,033-250-4043,2025-07-14
김밥마녀,일반가맹점,일반대중음식,강원특별자치도,춘천시,4181000,강원특별자치도 춘천시 사우4길 36 1층,033-252-7787,강원특별자치도 춘천시청,033-250-4043,2025-07-14
김밥박사,일반가맹점,한식,강원특별자치도,춘천시,4181000,강원특별자치도춘천시 대양당길 1 (후평동),033-256-7557,강원특별자치도 춘천시청,033-250-4043,2025-07-14
김밥세상,일반가맹점,일반대중음식,강원특별자치도,춘천시,4181000,강원특별자치도춘천시 공지로 133 (석사동),033-262-0517,강원특별자치도 춘천시청,033-250-4043,2025-07-14
김밥옆구리,일반가맹점,일반대중음식,강원특별자치도,춘천시,4181000,강원특별자치도 춘천시 동내면 거두택지길 39 1층 103호,033-261-0583,강원특별자치도 춘천시청,033-250-4043,2025-07-14
김밥의달인,일반가맹점,한식,강원특별자치도,춘천시,4181000,"강원특별자치도춘천시 중앙로 78, 1층 (중앙로2가)",033-251-7002,강원특별자치도 춘천시청,033-250-4043,2025-07-14
김밥이선생,일반가맹점,한식,강원특별자치도,춘천시,4181000,강원특별자치도 춘천시 백령로 4 1층 103호,033-261-7809,강원특별자치도 춘천시청,033-250-4043,2025-07-14
김밥천국,일반가맹점,한식,강원특별자치도,춘천시,4181000,강원특별자치도춘천시 춘천로 191 (운교동),033-254-5009,강원특별자치도 춘천시청,033-250-4043,2025-07-14
김밥천국 장학점,일반가맹점,일반대중음식,강원특별자치도,춘천시,4181000,"강원특별자치도춘천시 동면 춘천로449번길 20-3, 102호",033-251-0188,강원특별자치도 춘천시청,033-250-4043,2025-07-14
김밥천국(우두점),일반가맹점,한식,강원특별자치도,춘천시,4181000,"강원특별자치도춘천시 충열로 39 , A동 3호 (우두동)",033-243-7768,강원특별자치도 춘천시청,033-250-4043,2025-07-14
김밥친구들,일반가맹점,한식,강원특별자치도,춘천시,4181000,강원특별자치도 춘천시 동면 만천로 155 1층,,강원특별자치도 춘천시청,033-250-4043,2025-07-14
김밥킹 석사점,일반가맹점,일반대중음식,강원특별자치도,춘천시,4181000,강원특별자치도 춘천시 퇴계농공로 11 104호,033-261-3337,강원특별자치도 춘천시청,033-250-4043,2025-07-14
김삿갓,일반가맹점,한식,강원특별자치도,춘천시,4181000,강원특별자치도춘천시 남산면 강촌로 68-1,033-261-9241,강원특별자치도 춘천시청,033-250-4043,2025-07-14
김삿갓한식전문점,일반가맹점,한식,강원특별자치도,춘천시,4181000,강원특별자치도춘천시 운교동 113,033-253-1601,강원특별자치도 춘천시청,033-250-4043,2025-07-14
김서방닭발,일반가맹점,한식,강원특별자치도,춘천시,4181000,"강원특별자치도춘천시 보안길 16, 1층 (후평동)",033-251-7477,강원특별자치도 춘천시청,033-250-4043,2025-07-14
김선달,일반가맹점,한식,강원특별자치도,춘천시,4181000,강원특별자치도춘천시 춘주로147번길 22-4 (퇴계동),033-243-7172,강원특별자치도 춘천시청,033-250-4043,2025-07-14
김앤밥,일반가맹점,한식,강원특별자치도,춘천시,4181000,강원특별자치도 춘천시 보안길 1 1층,033-252-5737,강원특별자치도 춘천시청,033-250-4043,2025-07-14
김여사네등갈비찜,일반가맹점,일반대중음식,강원특별자치도,춘천시,4181000,강원특별자치도 춘천시 전원길 41-1 1층,033-254-0133,강원특별자치도 춘천시청,033-250-4043,2025-07-14
김영자원조나주곰탕 춘천점,일반가맹점,한식,강원특별자치도,춘천시,4181000,강원특별자치도 춘천시 서부대성로 108 1층,033-9100-0540,강원특별자치도 춘천시청,033-250-4043,2025-07-14
김유정역 닭갈비,일반가맹점,한식,강원특별자치도,춘천시,4181000,강원특별자치도 춘천시 신동면 김유정로 1421 1층,033-264-2041,강원특별자치도 춘천시청,033-250-4043,2025-07-14
김종용 누룽지통닭(춘천점),일반가맹점,한식,강원특별자치도,춘천시,4181000,강원특별자치도 춘천시 공지로451번길 1 1층,033-241-0797,강원특별자치도 춘천시청,033-250-4043,2025-07-14
김준호의대단한갈비 춘천후평점,일반가맹점,식품잡화,강원특별자치도,춘천시,4181000,강원특별자치도 춘천시 후석로 266 1층 (후평동),033-252-4783,강원특별자치도 춘천시청,033-250-4043,2025-07-14
김치찜은못참지,일반가맹점,한식,강원특별자치도,춘천시,4181000,"강원특별자치도춘천시 춘천로17번길 31, 1층 117호 (온의동)",033-263-4066,강원특별자치도 춘천시청,033-250-4043,2025-07-14
김태백 축산물판매점 2호점,일반가맹점,정육점,강원특별자치도,춘천시,4181000,강원특별자치도 춘천시 춘천로296번길 6 후평동,033-911-9249,강원특별자치도 춘천시청,033-250-4043,2025-07-14
김태백축산물판매점,일반가맹점,정육점,강원특별자치도,춘천시,4181000,강원특별자치도 춘천시 춘천로 303-1 1층(후평동),,강원특별자치도 춘천시청,033-250-4043,2025-07-14
김포식당,일반가맹점,한식,강원특별자치도,춘천시,4181000,강원특별자치도춘천시 사우로 31-14 (사농동),033-256-3073,강원특별자치도 춘천시청,033-250-4043,2025-07-14
김홍석들밥,일반가맹점,일반대중음식,강원특별자치도,춘천시,4181000,강원특별자치도 춘천시 칠전동1길 6-2 1층,033-264-8883,강원특별자치도 춘천시청,033-250-4043,2025-07-14
까몬,일반가맹점,일반대중음식,강원특별자치도,춘천시,4181000,강원특별자치도 춘천시 옥천길 9 1층,,강원특별자치도 춘천시청,033-250-4043,2025-07-14
깐부치킨 춘천온의롯데캐슬점,일반가맹점,일반대중음식,강원특별자치도,춘천시,4181000,"강원특별자치도 춘천시 방송길 70 ,117동1층121호(온의동,온의롯데캐슬 스카이클래스)",033-912-9982,강원특별자치도 춘천시청,033-250-4043,2025-07-14
깐부치킨 후평점,일반가맹점,일반대중음식,강원특별자치도,춘천시,4181000,"강원특별자치도춘천시 후석로 247, 1층 102호 (후평동, 후평프라자)",033-255-9289,강원특별자치도 춘천시청,033-250-4043,2025-07-14
깻잎두마리치킨,일반가맹점,일반대중음식,강원특별자치도,춘천시,4181000,강원특별자치도춘천시 삭주로193번길 1 (후평동),033-254-4157,강원특별자치도 춘천시청,033-250-4043,2025-07-14
꺄호(carreau),일반가맹점,일반대중음식,강원특별자치도,춘천시,4181000,강원특별자치도 춘천시 애막골길16번길 16-7 101호,,강원특별자치도 춘천시청,033-250-4043,2025-07-14
꺼벙이 소양점,일반가맹점,한식,강원특별자치도,춘천시,4181000,강원특별자치도춘천시 소양로 122 (소양로2가),033-252-0866,강원특별자치도 춘천시청,033-250-4043,2025-07-14
꼬꼬나라,일반가맹점,한식,강원특별자치도,춘천시,4181000,강원특별자치도춘천시 영서로 3152 (신동),033-244-8992,강원특별자치도 춘천시청,033-250-4043,2025-07-14
꼬꼬닭발,일반가맹점,한식,강원특별자치도,춘천시,4181000,강원특별자치도 춘천시 행촌로 56-1 1층,033-255-9979,강원특별자치도 춘천시청,033-250-4043,2025-07-14
꼬꼬닭발,일반가맹점,일반대중음식,강원특별자치도,춘천시,4181000,강원특별자치도 춘천시 사우로 46 1층,033-253-2555,강원특별자치도 춘천시청,033-250-4043,2025-07-14
꼬꼬메이플가든,일반가맹점,한식,강원특별자치도,춘천시,4181000,강원특별자치도춘천시 동내면 동내로 195,033-261-2828,강원특별자치도 춘천시청,033-250-4043,2025-07-14
꼬꼬스치킨,일반가맹점,일반대중음식,강원특별자치도,춘천시,4181000,"강원특별자치도춘천시 춘주로 174, 제상 102 (퇴계동, 그린타운아파트)",033-242-5119,강원특별자치도 춘천시청,033-250-4043,2025-07-14
꼬들집,일반가맹점,한식,강원특별자치도,춘천시,4181000,"강원특별자치도춘천시 국사봉길 12, 1층 (퇴계동)",033-256-1893,강원특별자치도 춘천시청,033-250-4043,2025-07-14
꼬마김밥,일반가맹점,한식,강원특별자치도,춘천시,4181000,"강원특별자치도춘천시 중앙로 75-1, 1층 꼬마김밥 (중앙로2가)",033-244-1973,강원특별자치도 춘천시청,033-250-4043,2025-07-14
꼬마김밥,일반가맹점,한식,강원특별자치도,춘천시,4181000,강원특별자치도춘천시 서부대성로44번길 20-1 (요선동),033-241-1973,강원특별자치도 춘천시청,033-250-4043,2025-07-14
꼬방꼬방,일반가맹점,한식,강원특별자치도,춘천시,4181000,"강원특별자치도춘천시 안마산로 213, 119호 (퇴계동, 퇴계타운)",033-263-3588,강원특별자치도 춘천시청,033-250-4043,2025-07-14
꼴두바우,일반가맹점,한식,강원특별자치도,춘천시,4181000,강원특별자치도춘천시 교동길 71 (교동),033-242-1526,강원특별자치도 춘천시청,033-250-4043,2025-07-14
꼴두바우강대점,일반가맹점,한식,강원특별자치도,춘천시,4181000,강원특별자치도 춘천시 춘천로204번길 59 1층,033-253-1116,강원특별자치도 춘천시청,033-250-4043,2025-07-14
꼼아파리,일반가맹점,제과점,강원특별자치도,춘천시,4181000,강원특별자치도 춘천시 동면 만천양지길 64 1층,,강원특별자치도 춘천시청,033-250-4043,2025-07-14
꽃게신랑아구각시,일반가맹점,한식,강원특별자치도,춘천시,4181000,강원특별자치도춘천시 퇴계동 363-2 (1층),033-256-4075,강원특별자치도 춘천시청,033-250-4043,2025-07-14
꽃담은,일반가맹점,일반대중음식,강원특별자치도,춘천시,4181000,강원특별자치도 춘천시 우묵길78번길 1 1층(퇴계동),033-261-6700,강원특별자치도 춘천시청,033-250-4043,2025-07-14
꽃도야,일반가맹점,한식,강원특별자치도,춘천시,4181000,"강원특별자치도춘천시 서부대성로 129, 1층 (운교동)",033-251-5807,강원특별자치도 춘천시청,033-250-4043,2025-07-14
꽃등심삼겹살,일반가맹점,한식,강원특별자치도,춘천시,4181000,강원특별자치도춘천시 애막골길3번길 50 (석사동),033-264-4534,강원특별자치도 춘천시청,033-250-4043,2025-07-14
꽃초,일반가맹점,한식,강원특별자치도,춘천시,4181000,강원특별자치도 춘천시 동부시장길13번길 6-5 .,,강원특별자치도 춘천시청,033-250-4043,2025-07-14
꽃피는산골1,일반가맹점,한식,강원특별자치도,춘천시,4181000,강원특별자치도 춘천시 운교길6번길 1 1층,,강원특별자치도 춘천시청,033-250-4043,2025-07-14
꾸브라꼬숯불두마리치킨,일반가맹점,일반대중음식,강원특별자치도,춘천시,4181000,강원특별자치도 춘천시 효자로 61 1층(효자동),033-910-0622,강원특별자치도 춘천시청,033-250-4043,2025-07-14
꾸아춘천점,일반가맹점,일반대중음식,강원특별자치도,춘천시,4181000,강원특별자치도 춘천시 옥천길 1 1층(중앙로1가),,강원특별자치도 춘천시청,033-250-4043,2025-07-14
꿀꿀이수육국밥,일반가맹점,한식,강원특별자치도,춘천시,4181000,강원특별자치도 춘천시 춘천로310번길 25 1동(후평동),,강원특별자치도 춘천시청,033-250-4043,2025-07-14
꿀돼지,일반가맹점,한식,강원특별자치도,춘천시,4181000,강원특별자치도춘천시 백령로138번길 40 (효자동),033-242-3933,강원특별자치도 춘천시청,033-250-4043,2025-07-14
꿀돼지김치찌개,일반가맹점,한식,강원특별자치도,춘천시,4181000,"강원특별자치도춘천시 안마산로 207, 1층 (퇴계동)",033-261-9407,강원특별자치도 춘천시청,033-250-4043,2025-07-14
꿀돼지생삼겹살,일반가맹점,한식,강원특별자치도,춘천시,4181000,강원특별자치도 춘천시 벌말길 62 1층,033-261-3572,강원특별자치도 춘천시청,033-250-4043,2025-07-14
꿀메마루,일반가맹점,한식,강원특별자치도,춘천시,4181000,강원특별자치도춘천시 후석로393번길 30 (후평동),033-256-4624,강원특별자치도 춘천시청,033-250-4043,2025-07-14
꿀벌식당,일반가맹점,한식,강원특별자치도,춘천시,4181000,"강원특별자치도춘천시 동부시장길 8, 7호 (운교동, 동부시장현대아파트)",033-252-1503,강원특별자치도 춘천시청,033-250-4043,2025-07-14
꿀부심,일반가맹점,일반대중음식,강원특별자치도,춘천시,4181000,강원특별자치도 춘천시 춘주로147번길 13-1 1층(퇴계동),,강원특별자치도 춘천시청,033-250-4043,2025-07-14
꿈드림,일반가맹점,한식,강원특별자치도,춘천시,4181000,강원특별자치도춘천시 보안길 5-1 (후평동),033-262-5597,강원특별자치도 춘천시청,033-250-4043,2025-07-14
뀨,일반가맹점,양식,강원특별자치도,춘천시,4181000,강원특별자치도 춘천시 춘천로 212-1 1층 가운데 상가,,강원특별자치도 춘천시청,033-250-4043,2025-07-14
나눔화로숯불구이,일반가맹점,한식,강원특별자치도,춘천시,4181000,강원특별자치도춘천시 효자로 110 (효자동),033-244-6154,강원특별자치도 춘천시청,033-250-4043,2025-07-14
나능이능이버섯백숙 춘천점,일반가맹점,한식,강원특별자치도,춘천시,4181000,강원특별자치도춘천시 퇴계동 1137-3 1층,033-241-4412,강원특별자치도 춘천시청,033-250-4043,2025-07-14
나능이능이버섯백숙만천점,일반가맹점,한식,강원특별자치도,춘천시,4181000,강원특별자치도 춘천시 동면 만천로 94 1층,,강원특별자치도 춘천시청,033-250-4043,2025-07-14
나드리꼬마김밥,일반가맹점,한식,강원특별자치도,춘천시,4181000,강원특별자치도 춘천시 중앙로 75-1 1층,033-255-1007,강원특별자치도 춘천시청,033-250-4043,2025-07-14
나들김밥,일반가맹점,한식,강원특별자치도,춘천시,4181000,"강원특별자치도 춘천시 공지로 43 상가동 1층 102호(석사동, 극동아파트)",033-263-3335,강원특별자치도 춘천시청,033-250-4043,2025-07-14
나들김밥,일반가맹점,한식,강원특별자치도,춘천시,4181000,강원특별자치도춘천시 동광길 11-1 (후평동),033-254-9641,강원특별자치도 춘천시청,033-250-4043,2025-07-14
나들목1989,일반가맹점,한식,강원특별자치도,춘천시,4181000,"강원특별자치도 춘천시 우묵들길 5 , 1층",033-252-1989,강원특별자치도 춘천시청,033-250-4043,2025-07-14
나들목1989강원대점,일반가맹점,한식,강원특별자치도,춘천시,4181000,강원특별자치도 춘천시 백령로138번길 33 2층,,강원특별자치도 춘천시청,033-250-4043,2025-07-14
나라국수꼬마김밥,일반가맹점,한식,강원특별자치도,춘천시,4181000,"강원특별자치도 춘천시 영서로 2352-32 상가10동60,61호",033-241-0809,강원특별자치도 춘천시청,033-250-4043,2025-07-14
나라앤미네,일반가맹점,일식,강원특별자치도,춘천시,4181000,강원특별자치도춘천시 중앙로 41-3 (중앙로1가),033-257-6047,강원특별자치도 춘천시청,033-250-4043,2025-07-14
나래밭숯불닭갈비,일반가맹점,일반대중음식,강원특별자치도,춘천시,4181000,강원특별자치도 춘천시 후석로45번길 27 1층,070-4007-5474,강원특별자치도 춘천시청,033-250-4043,2025-07-14
나루,일반가맹점,한식,강원특별자치도,춘천시,4181000,강원특별자치도 춘천시 동내면 춘천순환로72번길 33-2 .,033-263-9383,강원특별자치도 춘천시청,033-250-4043,2025-07-14
나비드,일반가맹점,한식,강원특별자치도,춘천시,4181000,강원특별자치도춘천시 남면 박암리 192번지,033-263-0343,강원특별자치도 춘천시청,033-250-4043,2025-07-14
나예족,일반가맹점,일반대중음식,강원특별자치도,춘천시,4181000,강원특별자치도 춘천시 보안길 41 1층,033-253-7899,강원특별자치도 춘천시청,033-250-4043,2025-07-14
나짬뽕,일반가맹점,중식,강원특별자치도,춘천시,4181000,강원특별자치도 춘천시 신북읍 율문길 107 .,033-244-3999,강원특별자치도 춘천시청,033-250-4043,2025-07-14
나짬뽕나요리,일반가맹점,중식,강원특별자치도,춘천시,4181000,강원특별자치도 춘천시 서부대성로43번길 5 1층,033-244-1241,강원특별자치도 춘천시청,033-250-4043,2025-07-14
나폴리피자,일반가맹점,한식,강원특별자치도,춘천시,4181000,강원특별자치도춘천시 애막골길20번길 35-1 (석사동),033-254-8544,강원특별자치도 춘천시청,033-250-4043,2025-07-14
낙원 뼈다귀 전골,일반가맹점,한식,강원특별자치도,춘천시,4181000,강원특별자치도 춘천시 낙원길 37 2층(낙원동),033-241-5455,강원특별자치도 춘천시청,033-250-4043,2025-07-14
낙원갈비집시청점,일반가맹점,한식,강원특별자치도,춘천시,4181000,"강원특별자치도춘천시 중앙로27번길 9-3, 1층 (옥천동)",033-255-5811,강원특별자치도 춘천시청,033-250-4043,2025-07-14
낙원동숯불갈비,일반가맹점,한식,강원특별자치도,춘천시,4181000,강원특별자치도춘천시 낙원길 25 (낙원동),033-253-4251,강원특별자치도 춘천시청,033-250-4043,2025-07-14
낙원의밤,일반가맹점,한식,강원특별자치도,춘천시,4181000,강원특별자치도 춘천시 낙원길 47-2 1층,,강원특별자치도 춘천시청,033-250-4043,2025-07-14
낙원잔치국수,일반가맹점,한식,강원특별자치도,춘천시,4181000,강원특별자치도춘천시 낙원길 46 (중앙로2가),033-256-1192,강원특별자치도 춘천시청,033-250-4043,2025-07-14
낙지,일반가맹점,한식,강원특별자치도,춘천시,4181000,강원특별자치도춘천시 후석로 427-4 (후평동),033-251-3360,강원특별자치도 춘천시청,033-250-4043,2025-07-14
낙지의 전설,일반가맹점,일식,강원특별자치도,춘천시,4181000,"강원특별자치도춘천시 솟발1길 4-7, 1층 (퇴계동)",033-264-8673,강원특별자치도 춘천시청,033-250-4043,2025-07-14
낙지집삼천동점,일반가맹점,한식,강원특별자치도,춘천시,4181000,강원특별자치도 춘천시 옛경춘로 828 1층(삼천동),,강원특별자치도 춘천시청,033-250-4043,2025-07-14
낙지집우두점,일반가맹점,한식,강원특별자치도,춘천시,4181000,"강원특별자치도 춘천시 우두1길 63 ,1층(우두동)",070-8962-8258,강원특별자치도 춘천시청,033-250-4043,2025-07-14
날으는ABC토스트,일반가맹점,일반대중음식,강원특별자치도,춘천시,4181000,강원특별자치도 춘천시 공지로 111 상가1층 110호,033-241-5322,강원특별자치도 춘천시청,033-250-4043,2025-07-14
남도영양탕,일반가맹점,한식,강원특별자치도,춘천시,4181000,강원특별자치도춘천시 효자로 93 (효자동),033-252-6398,강원특별자치도 춘천시청,033-250-4043,2025-07-14
남부닭갈비,일반가맹점,한식,강원특별자치도,춘천시,4181000,강원특별자치도춘천시 공지로 357 (효자동),033-243-9996,강원특별자치도 춘천시청,033-250-4043,2025-07-14
남부막국수,일반가맹점,한식,강원특별자치도,춘천시,4181000,강원특별자치도춘천시 효자1동 554,033-254-7859,강원특별자치도 춘천시청,033-250-4043,2025-07-14
남부순대국,일반가맹점,한식,강원특별자치도,춘천시,4181000,강원특별자치도 춘천시 효명길 7-66 1층,033-255-3372,강원특별자치도 춘천시청,033-250-4043,2025-07-14
남부옛날통닭,일반가맹점,일반대중음식,강원특별자치도,춘천시,4181000,강원특별자치도 춘천시 효명길 7-24 1층,033-253-9922,강원특별자치도 춘천시청,033-250-4043,2025-07-14
남부전집,일반가맹점,일반대중음식,강원특별자치도,춘천시,4181000,"강원특별자치도춘천시 공지로 367, 지하 35호 36호 39호 (효자동)",033-257-5705,강원특별자치도 춘천시청,033-250-4043,2025-07-14
남부푸드,일반가맹점,한식,강원특별자치도,춘천시,4181000,강원특별자치도춘천시 효자1동 550번지 5호,033-257-1797,강원특별자치도 춘천시청,033-250-4043,2025-07-14
남부해장국,일반가맹점,한식,강원특별자치도,춘천시,4181000,"강원특별자치도춘천시 퇴계로 12, 1층 (퇴계동)",033-257-7785,강원특별자치도 춘천시청,033-250-4043,2025-07-14
남산농협광판지점,주부식가맹점,농협(마트),강원특별자치도,춘천시,4181000,강원특별자치도춘천시 남산면 광판리 461-2,033-263-2521,강원특별자치도 춘천시청,033-250-4043,2025-07-14
남양동산,일반가맹점,제과점,강원특별자치도,춘천시,4181000,강원특별자치도춘천시 신북읍 산천리 345-3번지,033-243-1602,강원특별자치도 춘천시청,033-250-4043,2025-07-14
남원본가추어탕,일반가맹점,한식,강원특별자치도,춘천시,4181000,강원특별자치도춘천시 영서로 2875 (사농동),033-252-4116,강원특별자치도 춘천시청,033-250-4043,2025-07-14
남일닭갈비,일반가맹점,한식,강원특별자치도,춘천시,4181000,강원특별자치도 춘천시 남산면 강촌구곡길 50-9 .,033-261-0160,강원특별자치도 춘천시청,033-250-4043,2025-07-14
남촌가든,일반가맹점,한식,강원특별자치도,춘천시,4181000,강원특별자치도 춘천시 남면 충효로 799-34 .,033-263-9003,강원특별자치도 춘천시청,033-250-4043,2025-07-14
남촌닭갈비,일반가맹점,한식,강원특별자치도,춘천시,4181000,강원특별자치도춘천시 금강로62번길 13 (조양동),033-254-6187,강원특별자치도 춘천시청,033-250-4043,2025-07-14
남촌막국수,일반가맹점,한식,강원특별자치도,춘천시,4181000,강원특별자치도 춘천시 당간지주길 71-15 1층,033-253-6003,강원특별자치도 춘천시청,033-250-4043,2025-07-14
남촌막국수분점,일반가맹점,한식,강원특별자치도,춘천시,4181000,강원특별자치도 춘천시 신북읍 신북로 187 1층,033-241-6603,강원특별자치도 춘천시청,033-250-4043,2025-07-14
남춘역영양탕,일반가맹점,한식,강원특별자치도,춘천시,4181000,강원특별자치도 춘천시 춘주로201번길 16 1층,033-252-0795,강원특별자치도 춘천시청,033-250-4043,2025-07-14
남춘천꼬마김밥,일반가맹점,일반대중음식,강원특별자치도,춘천시,4181000,강원특별자치도 춘천시 춘주로 90 1층 온의동,033-257-3777,강원특별자치도 춘천시청,033-250-4043,2025-07-14
남춘천닭갈비,일반가맹점,한식,강원특별자치도,춘천시,4181000,강원특별자치도춘천시 충혼길5번길 4-3 (퇴계동),033-242-4947,강원특별자치도 춘천시청,033-250-4043,2025-07-14
남춘천맛집,일반가맹점,한식,강원특별자치도,춘천시,4181000,강원특별자치도 춘천시 충혼길8번길 7 1층,,강원특별자치도 춘천시청,033-250-4043,2025-07-14
남춘천면옥,일반가맹점,한식,강원특별자치도,춘천시,4181000,강원특별자치도 춘천시 남산면 김유정로 427-36 .,033-263-8119,강원특별자치도 춘천시청,033-250-4043,2025-07-14
남춘천명가,일반가맹점,한식,강원특별자치도,춘천시,4181000,강원특별자치도 춘천시 충혼길 4 1층,033-256-6222,강원특별자치도 춘천시청,033-250-4043,2025-07-14
남춘천명물닭갈비,일반가맹점,한식,강원특별자치도,춘천시,4181000,강원특별자치도춘천시 충혼길5번길 3 (퇴계동),033-254-9922,강원특별자치도 춘천시청,033-250-4043,2025-07-14
남춘천분식,일반가맹점,한식,강원특별자치도,춘천시,4181000,강원특별자치도 춘천시 우묵길 26 1층(퇴계동),033-251-7705,강원특별자치도 춘천시청,033-250-4043,2025-07-14
남춘천아이씨명품한우,일반가맹점,한식,강원특별자치도,춘천시,4181000,강원특별자치도 춘천시 동산면 종자리로 293 1층,033-263-7997,강원특별자치도 춘천시청,033-250-4043,2025-07-14
남춘천자매닭갈비,일반가맹점,한식,강원특별자치도,춘천시,4181000,강원특별자치도춘천시 퇴계로93번길 10-4 (퇴계동),033-263-9958,강원특별자치도 춘천시청,033-250-4043,2025-07-14
남춘천중국집,일반가맹점,중식,강원특별자치도,춘천시,4181000,강원특별자치도 춘천시 퇴계로 74 1층,033-255-5312,강원특별자치도 춘천시청,033-250-4043,2025-07-14
남춘천호반닭갈비,일반가맹점,한식,강원특별자치도,춘천시,4181000,강원특별자치도춘천시 충혼길5번길 5 (퇴계동),033-255-9245,강원특별자치도 춘천시청,033-250-4043,2025-07-14
낭만국수집,일반가맹점,한식,강원특별자치도,춘천시,4181000,강원특별자치도춘천시 서부대성로57번길 2 (옥천동),033-251-5688,강원특별자치도 춘천시청,033-250-4043,2025-07-14
낭만국시,일반가맹점,한식,강원특별자치도,춘천시,4181000,강원특별자치도 춘천시 명동길29번길 3 1층,033-252-6255,강원특별자치도 춘천시청,033-250-4043,2025-07-14
낭만닭강정,일반가맹점,일반대중음식,강원특별자치도,춘천시,4181000,강원특별자치도 춘천시 충혼길24번길 11-3 1층,033-251-4000,강원특별자치도 춘천시청,033-250-4043,2025-07-14
낭만의거리,일반가맹점,한식,강원특별자치도,춘천시,4181000,"강원특별자치도춘천시 벌말길 52, 1층 (석사동)",033-261-9307,강원특별자치도 춘천시청,033-250-4043,2025-07-14
낭만춘천숯불닭갈비,일반가맹점,한식,강원특별자치도,춘천시,4181000,강원특별자치도 춘천시 낙원길 50 (중앙로2가),033-251-0906,강원특별자치도 춘천시청,033-250-4043,2025-07-14
내가 바로 김밥이다,일반가맹점,한식,강원특별자치도,춘천시,4181000,"강원특별자치도춘천시 춘주로 174, 106호 (퇴계동, 그린타운아파트)",033-255-7890,강원특별자치도 춘천시청,033-250-4043,2025-07-14
내가만든케익&쿠키이야기,일반가맹점,제과점,강원특별자치도,춘천시,4181000,"강원특별자치도춘천시 서부대성로 187, 1층 3 (효자동)",033-255-1224,강원특별자치도 춘천시청,033-250-4043,2025-07-14
내고향풍천장어,일반가맹점,한식,강원특별자치도,춘천시,4181000,강원특별자치도 춘천시 남면 소주고개로 19 1층,,강원특별자치도 춘천시청,033-250-4043,2025-07-14
내린천,일반가맹점,한식,강원특별자치도,춘천시,4181000,강원특별자치도춘천시 벌말길 70 (석사동),033-263-2345,강원특별자치도 춘천시청,033-250-4043,2025-07-14
내촌청국장,일반가맹점,한식,강원특별자치도,춘천시,4181000,강원특별자치도춘천시 충혼길34번길 14 (온의동),033-241-2577,강원특별자치도 춘천시청,033-250-4043,2025-07-14
냅다 청양집 우두점,일반가맹점,한식,강원특별자치도,춘천시,4181000,강원특별자치도 춘천시 충열로 10-10 계단 옆 우측호,033-818-3700,강원특별자치도 춘천시청,033-250-4043,2025-07-14
냉돈,일반가맹점,한식,강원특별자치도,춘천시,4181000,강원특별자치도 춘천시 행촌로 58 1층,033-263-6814,강원특별자치도 춘천시청,033-250-4043,2025-07-14
냉삼국민학교,일반가맹점,한식,강원특별자치도,춘천시,4181000,강원특별자치도 춘천시 승지골길13번길 3-4 1층(퇴계동),,강원특별자치도 춘천시청,033-250-4043,2025-07-14
냠냠,일반가맹점,한식,강원특별자치도,춘천시,4181000,"강원특별자치도 춘천시 춘주로 162 106호(퇴계동, 퇴계현대1차아파트)",033-244-7188,강원특별자치도 춘천시청,033-250-4043,2025-07-14
냠냠냠,일반가맹점,한식,강원특별자치도,춘천시,4181000,강원특별자치도춘천시 서부대성로239번길 69-4 (후평동),033-241-6699,강원특별자치도 춘천시청,033-250-4043,2025-07-14
냠냠도시락,일반가맹점,한식,강원특별자치도,춘천시,4181000,강원특별자치도 춘천시 춘천로310번길 31 1층(후평동),,강원특별자치도 춘천시청,033-250-4043,2025-07-14
너와집,일반가맹점,한식,강원특별자치도,춘천시,4181000,강원특별자치도 춘천시 서부대성로 187-2 1층,033-243-2332,강원특별자치도 춘천시청,033-250-4043,2025-07-14
네네치킨 강북점,일반가맹점,일반대중음식,강원특별자치도,춘천시,4181000,강원특별자치도 춘천시 충열로 78-3 .,033-252-0086,강원특별자치도 춘천시청,033-250-4043,2025-07-14
네네치킨(교동후평점),일반가맹점,일반대중음식,강원특별자치도,춘천시,4181000,"강원특별자치도춘천시 성심로 23-1, 1층 (교동)",033-244-8892,강원특별자치도 춘천시청,033-250-4043,2025-07-14
네네치킨(퇴계점),일반가맹점,일반대중음식,강원특별자치도,춘천시,4181000,"강원특별자치도춘천시 춘주로 174, 상가 102 (퇴계동, 그린타운아파트)",033-242-8119,강원특별자치도 춘천시청,033-250-4043,2025-07-14
노다지분식,일반가맹점,한식,강원특별자치도,춘천시,4181000,강원특별자치도춘천시 후석로45번길 28-1 (석사동),033-261-9905,강원특별자치도 춘천시청,033-250-4043,2025-07-14
노다지함바,일반가맹점,한식,강원특별자치도,춘천시,4181000,강원특별자치도 춘천시 동내면 영서로 1828-3 1층,,강원특별자치도 춘천시청,033-250-4043,2025-07-14
노란,일반가맹점,한식,강원특별자치도,춘천시,4181000,"강원특별자치도춘천시 서부대성로 228, 3동 2층 (효자동)",033-241-5580,강원특별자치도 춘천시청,033-250-4043,2025-07-14
노랑강정후평점,일반가맹점,일반대중음식,강원특별자치도,춘천시,4181000,강원특별자치도 춘천시 보안길 41 1층,033-255-7659,강원특별자치도 춘천시청,033-250-4043,2025-07-14
노랑노랑,일반가맹점,일반대중음식,강원특별자치도,춘천시,4181000,강원특별자치도 춘천시 보안길 36 상가1동 106호,033-256-9996,강원특별자치도 춘천시청,033-250-4043,2025-07-14
노랑통닭,일반가맹점,일반대중음식,강원특별자치도,춘천시,4181000,강원특별자치도 춘천시 후석로 14 101호,033-262-5100,강원특별자치도 춘천시청,033-250-4043,2025-07-14
노랑통닭 엘리시안강촌점,일반가맹점,일반대중음식,강원특별자치도,춘천시,4181000,강원특별자치도 춘천시 남산면 북한강변길 688 1층(엘리시안 강촌),033-260-2656,강원특별자치도 춘천시청,033-250-4043,2025-07-14
노랑통닭남춘천점,일반가맹점,일반대중음식,강원특별자치도,춘천시,4181000,강원특별자치도 춘천시 퇴계로 5 .,033-242-5006,강원특별자치도 춘천시청,033-250-4043,2025-07-14
노랑통닭우두점,일반가맹점,일반대중음식,강원특별자치도,춘천시,4181000,강원특별자치도 춘천시 영서로2756번길 11 1층,,강원특별자치도 춘천시청,033-250-4043,2025-07-14
노랑통닭후평점,일반가맹점,일반대중음식,강원특별자치도,춘천시,4181000,"강원특별자치도 춘천시 후석로326번길 13 101호(후평동, 현대2차아파트)",033-252-1700,강원특별자치도 춘천시청,033-250-4043,2025-07-14
노모어피자춘천점,일반가맹점,패스트푸드,강원특별자치도,춘천시,4181000,"강원특별자치도 춘천시 백령로 137 ,1층 102호(효자동)",,강원특별자치도 춘천시청,033-250-4043,2025-07-14
노부링,일반가맹점,일식,강원특별자치도,춘천시,4181000,강원특별자치도 춘천시 퇴계로93번길 10-8 1층 103호(퇴계동),,강원특별자치도 춘천시청,033-250-4043,2025-07-14
녹각중앙삼계탕,일반가맹점,한식,강원특별자치도,춘천시,4181000,"강원특별자치도춘천시 낙원길 11-1, 1층 (낙원동)",033-254-0359,강원특별자치도 춘천시청,033-250-4043,2025-07-14
녹색시간,일반가맹점,일반대중음식,강원특별자치도,춘천시,4181000,강원특별자치도 춘천시 낙원길33번길 4-3 ..,,강원특별자치도 춘천시청,033-250-4043,2025-07-14
놀부뚝배기,일반가맹점,한식,강원특별자치도,춘천시,4181000,강원특별자치도춘천시 신북읍 율문3길 12,033-244-1686,강원특별자치도 춘천시청,033-250-4043,2025-07-14
농가,일반가맹점,한식,강원특별자치도,춘천시,4181000,강원특별자치도춘천시 신북읍 신샘밭로 622-5,033-242-4859,강원특별자치도 춘천시청,033-250-4043,2025-07-14
농장의집영양탕,일반가맹점,한식,강원특별자치도,춘천시,4181000,강원특별자치도 춘천시 동면 만천로 134 동면,033-255-5429,강원특별자치도 춘천시청,033-250-4043,2025-07-14
누구나홀딱반한닭 춘천거두점,일반가맹점,일반대중음식,강원특별자치도,춘천시,4181000,강원특별자치도 춘천시 동내면 거두택지길 28-1 1층,,강원특별자치도 춘천시청,033-250-4043,2025-07-14
누구나홀딱반한닭 춘천온의점,일반가맹점,일반대중음식,강원특별자치도,춘천시,4181000,강원특별자치도 춘천시 스포츠타운길 523 1층,033-242-7179,강원특별자치도 춘천시청,033-250-4043,2025-07-14
누구나홀딱반한닭 춘천우두점,일반가맹점,일반대중음식,강원특별자치도,춘천시,4181000,강원특별자치도 춘천시 우두6길 21 B동 1층(우두동),033-252-7770,강원특별자치도 춘천시청,033-250-4043,2025-07-14
누구나홀딱반한닭 춘천한숲시티점,일반가맹점,일반대중음식,강원특별자치도,춘천시,4181000,강원특별자치도 춘천시 안마산로 111 1층,033-243-9234,강원특별자치도 춘천시청,033-250-4043,2025-07-14
누구나홀딱반한닭석사점,일반가맹점,일반대중음식,강원특별자치도,춘천시,4181000,"강원특별자치도 춘천시 퇴계농공로 19 106호,107호",033-261-9959,강원특별자치도 춘천시청,033-250-4043,2025-07-14
누구나홀딱반한닭춘천후평점,일반가맹점,일반대중음식,강원특별자치도,춘천시,4181000,강원특별자치도 춘천시 후석로326번길 9 1층(후평동),033-244-9282,강원특별자치도 춘천시청,033-250-4043,2025-07-14
누나네식당,일반가맹점,한식,강원특별자치도,춘천시,4181000,강원특별자치도 춘천시 남산면 강촌로 335-2 1층,033-261-6722,강원특별자치도 춘천시청,033-250-4043,2025-07-14
누룽지 삼계탕 춘천점,일반가맹점,한식,강원특별자치도,춘천시,4181000,강원특별자치도춘천시 춘천로 401 (후평동),033-252-9939,강원특별자치도 춘천시청,033-250-4043,2025-07-14
누보,일반가맹점,일식,강원특별자치도,춘천시,4181000,"강원특별자치도춘천시 퇴계로 13, 3층 (퇴계동)",033-261-7570,강원특별자치도 춘천시청,033-250-4043,2025-07-14
누이네,일반가맹점,일반대중음식,강원특별자치도,춘천시,4181000,강원특별자치도 춘천시 영서로2279번길 25 1층(온의동),033-251-2261,강원특별자치도 춘천시청,033-250-4043,2025-07-14
눈내린빙수,일반가맹점,일반대중음식,강원특별자치도,춘천시,4181000,"강원특별자치도춘천시 공지로 111, 101호 (석사동, 석사신우아파트)",033-262-3846,강원특별자치도 춘천시청,033-250-4043,2025-07-14
뉴욕쟁이디저트 강원대점,일반가맹점,한식,강원특별자치도,춘천시,4181000,강원특별자치도 춘천시 백령로147번길 1 1층,,강원특별자치도 춘천시청,033-250-4043,2025-07-14
느랏재막국수,일반가맹점,한식,강원특별자치도,춘천시,4181000,강원특별자치도춘천시 동면 가락재로 191,033-242-6553,강원특별자치도 춘천시청,033-250-4043,2025-07-14
느린거북이,일반가맹점,한식,강원특별자치도,춘천시,4181000,강원특별자치도 춘천시 서부대성로239번길 19 1층(효자동),033-256-5946,강원특별자치도 춘천시청,033-250-4043,2025-07-14
느린밀,일반가맹점,일반대중음식,강원특별자치도,춘천시,4181000,"강원특별자치도춘천시 동내면 춘천순환로94번길 52, 1층 2층",,강원특별자치도 춘천시청,033-250-4043,2025-07-14
느티나무집,일반가맹점,한식,강원특별자치도,춘천시,4181000,강원특별자치도 춘천시 동내면 대룡산길 44 1층,033-263-8023,강원특별자치도 춘천시청,033-250-4043,2025-07-14
느티테라스,일반가맹점,일반대중음식,강원특별자치도,춘천시,4181000,강원특별자치도 춘천시 남산면 송곡대학길 34 1층(송곡대학교),,강원특별자치도 춘천시청,033-250-4043,2025-07-14
능골엄나무토종닭,일반가맹점,한식,강원특별자치도,춘천시,4181000,강원특별자치도춘천시 서면 경춘로 657-18,033-263-1751,강원특별자치도 춘천시청,033-250-4043,2025-07-14
능이고을,일반가맹점,한식,강원특별자치도,춘천시,4181000,강원특별자치도춘천시 서면 삿갓봉길 30,033-251-3614,강원특별자치도 춘천시청,033-250-4043,2025-07-14
니뽕내뽕 춘천명동점,일반가맹점,일반대중음식,강원특별자치도,춘천시,4181000,"강원특별자치도춘천시 중앙로67번길 18, 2-2214 (죽림동)",033-252-2848,강원특별자치도 춘천시청,033-250-4043,2025-07-14
닝교초식당,일반가맹점,한식,강원특별자치도,춘천시,4181000,강원특별자치도 춘천시 중앙로67번길 15 지하1층 (조양동),033-256-1006,강원특별자치도 춘천시청,033-250-4043,2025-07-14
닝교초식당 후평점,일반가맹점,한식,강원특별자치도,춘천시,4181000,강원특별자치도 춘천시 후석로 326 206호,033-253-4630,강원특별자치도 춘천시청,033-250-4043,2025-07-14
다도해횟집,일반가맹점,일식,강원특별자치도,춘천시,4181000,"강원특별자치도 춘천시 충혼길5번길 14 , 1층(퇴계동)",,강원특별자치도 춘천시청,033-250-4043,2025-07-14
다락,일반가맹점,한식,강원특별자치도,춘천시,4181000,"강원특별자치도춘천시 소양로 126, 1층 (소양로2가)",033-254-1251,강원특별자치도 춘천시청,033-250-4043,2025-07-14
다리골추어탕,일반가맹점,한식,강원특별자치도,춘천시,4181000,강원특별자치도춘천시 신북읍 신샘밭로 580-8,033-241-9333,강원특별자치도 춘천시청,033-250-4043,2025-07-14
다릿골소나무,일반가맹점,한식,강원특별자치도,춘천시,4181000,강원특별자치도춘천시 우석로79번길 4-1 다릿골소나무 (석사동),033-264-5428,강원특별자치도 춘천시청,033-250-4043,2025-07-14
다릿목닭갈비,일반가맹점,한식,강원특별자치도,춘천시,4181000,"강원특별자치도춘천시 영서로 2668-8, 1층 2층 (소양로1가)",033-255-8262,강원특별자치도 춘천시청,033-250-4043,2025-07-14
다맛골,일반가맹점,일반대중음식,강원특별자치도,춘천시,4181000,강원특별자치도 춘천시 소양정길 23 2층(소양로1가),033-255-4648,강원특별자치도 춘천시청,033-250-4043,2025-07-14
다목적소양,일반가맹점,일반대중음식,강원특별자치도,춘천시,4181000,강원특별자치도 춘천시 신북읍 신샘밭로 1128 지하1층(소양강 물문화관),,강원특별자치도 춘천시청,033-250-4043,2025-07-14
다미,일반가맹점,한식,강원특별자치도,춘천시,4181000,강원특별자치도 춘천시 향교옆길13번길 20 1층,033-251-8615,강원특별자치도 춘천시청,033-250-4043,2025-07-14
다미김밥,일반가맹점,한식,강원특별자치도,춘천시,4181000,강원특별자치도 춘천시 춘주로 153 1층,,강원특별자치도 춘천시청,033-250-4043,2025-07-14
다미철판,일반가맹점,한식,강원특별자치도,춘천시,4181000,강원특별자치도춘천시 스포츠타운길 528-10 (온의동),033-257-9232,강원특별자치도 춘천시청,033-250-4043,2025-07-14
다복향마라탕,일반가맹점,중식,강원특별자치도,춘천시,4181000,강원특별자치도 춘천시 서부대성로 247 1층,070-8648-1978,강원특별자치도 춘천시청,033-250-4043,2025-07-14
다알리아,일반가맹점,일반대중음식,강원특별자치도,춘천시,4181000,강원특별자치도 춘천시 효평길 110 1층-2층,,강원특별자치도 춘천시청,033-250-4043,2025-07-14
다옴,일반가맹점,한식,강원특별자치도,춘천시,4181000,"강원특별자치도 춘천시 공지로 111 상가동108호(석사동,석사우신아파트)",033-261-2006,강원특별자치도 춘천시청,033-250-4043,2025-07-14
다우등심,일반가맹점,한식,강원특별자치도,춘천시,4181000,강원특별자치도춘천시 칠전동 460-3번지,033-262-7748,강원특별자치도 춘천시청,033-250-4043,2025-07-14
다우리순대국,일반가맹점,한식,강원특별자치도,춘천시,4181000,강원특별자치도춘천시 보안길 78 (후평동),033-256-5988,강원특별자치도 춘천시청,033-250-4043,2025-07-14
다울막국수,일반가맹점,한식,강원특별자치도,춘천시,4181000,강원특별자치도 춘천시 동산면 영서로 905 1층,033-262-5004,강원특별자치도 춘천시청,033-250-4043,2025-07-14
다윤네집,일반가맹점,한식,강원특별자치도,춘천시,4181000,"강원특별자치도춘천시 서면 경춘로 647-56, 1층 다윤네집",033-263-1888,강원특별자치도 춘천시청,033-250-4043,2025-07-14
다이닝원 춘천점,일반가맹점,일식,강원특별자치도,춘천시,4181000,강원특별자치도 춘천시 공지로 345 2층(효자동),033-244-3336,강원특별자치도 춘천시청,033-250-4043,2025-07-14
다정다맛,일반가맹점,한식,강원특별자치도,춘천시,4181000,강원특별자치도 춘천시 스포츠타운길 437 1층(삼천동),,강원특별자치도 춘천시청,033-250-4043,2025-07-14
다정식품,일반가맹점,한식,강원특별자치도,춘천시,4181000,강원특별자치도 춘천시 삭주로193번길 8 1층,,강원특별자치도 춘천시청,033-250-4043,2025-07-14
다족,일반가맹점,일반대중음식,강원특별자치도,춘천시,4181000,강원특별자치도 춘천시 승지골길 3-4 1층(퇴계동),033-262-9789,강원특별자치도 춘천시청,033-250-4043,2025-07-14
닥치고곱창 거두점,일반가맹점,일반대중음식,강원특별자치도,춘천시,4181000,"강원특별자치도춘천시 동내면 거두택지길 7, 상가 가동 1층 102호 (초록지붕아파트)",033-241-6006,강원특별자치도 춘천시청,033-250-4043,2025-07-14
닥터빈스,일반가맹점,일반대중음식,강원특별자치도,춘천시,4181000,강원특별자치도 춘천시 서면 박사로 976 .,,강원특별자치도 춘천시청,033-250-4043,2025-07-14
단판,일반가맹점,일반대중음식,강원특별자치도,춘천시,4181000,강원특별자치도 춘천시 백령로138번길 29 지하1층,,강원특별자치도 춘천시청,033-250-4043,2025-07-14
단하비,일반가맹점,양식,강원특별자치도,춘천시,4181000,강원특별자치도 춘천시 서부대성로 235 2층,,강원특별자치도 춘천시청,033-250-4043,2025-07-14
달그락,일반가맹점,일반대중음식,강원특별자치도,춘천시,4181000,강원특별자치도 춘천시 후석로393번길 30 1층,,강원특별자치도 춘천시청,033-250-4043,2025-07-14
달달냠냠 베이킹클래스,일반가맹점,일반대중음식,강원특별자치도,춘천시,4181000,강원특별자치도 춘천시 스무숲2길 6 지하층 우측호(석사동),,강원특별자치도 춘천시청,033-250-4043,2025-07-14
달떡볶이 퇴계점,일반가맹점,일반대중음식,강원특별자치도,춘천시,4181000,"강원특별자치도 춘천시 국사봉길 12 ,1층 10호(퇴계동)",,강원특별자치도 춘천시청,033-250-4043,2025-07-14
달떡볶이후평점,일반가맹점,한식,강원특별자치도,춘천시,4181000,강원특별자치도 춘천시 보안길 64-1 1층(후평동),033-818-4040,강원특별자치도 춘천시청,033-250-4043,2025-07-14
달래해장 춘천애막골점,일반가맹점,한식,강원특별자치도,춘천시,4181000,강원특별자치도 춘천시 우석로67번길 15 1층,,강원특별자치도 춘천시청,033-250-4043,2025-07-14
달려라맛집,일반가맹점,한식,강원특별자치도,춘천시,4181000,강원특별자치도 춘천시 서부대성로 140-1 1층(운교동),033-241-3316,강원특별자치도 춘천시청,033-250-4043,2025-07-14
달맞이,일반가맹점,한식,강원특별자치도,춘천시,4181000,강원특별자치도 춘천시 우석로67번길 13 1층(석사동),033-263-4280,강원특별자치도 춘천시청,033-250-4043,2025-07-14
달밤,일반가맹점,한식,강원특별자치도,춘천시,4181000,강원특별자치도 춘천시 성심로 11-1 1층,,강원특별자치도 춘천시청,033-250-4043,2025-07-14
달보드레,일반가맹점,제과점,강원특별자치도,춘천시,4181000,강원특별자치도 춘천시 영서로2141번길 33 103동309호,070-761-4005,강원특별자치도 춘천시청,033-250-4043,2025-07-14
달인각,일반가맹점,중식,강원특별자치도,춘천시,4181000,"강원특별자치도춘천시 백석골길 8-3, 1층 (퇴계동)",033-256-5665,강원특별자치도 춘천시청,033-250-4043,2025-07-14
달콤한삼겹살,일반가맹점,한식,강원특별자치도,춘천시,4181000,"강원특별자치도춘천시 남춘로36번길 52-5, 1층 (퇴계동)",033-262-9961,강원특별자치도 춘천시청,033-250-4043,2025-07-14
달콤한삼겹살 한숲점,일반가맹점,한식,강원특별자치도,춘천시,4181000,강원특별자치도 춘천시 안마산로 169-3 1층,033-261-9962,강원특별자치도 춘천시청,033-250-4043,2025-07-14
달콤한삼겹살 후평점,일반가맹점,한식,강원특별자치도,춘천시,4181000,강원특별자치도 춘천시 후석로 284 1층(후평동),033-255-8703,강원특별자치도 춘천시청,033-250-4043,2025-07-14
달콤한삼겹살거두점,일반가맹점,한식,강원특별자치도,춘천시,4181000,강원특별자치도 춘천시 동내면 외솔길19번길 80-56 1층,033-262-1978,강원특별자치도 춘천시청,033-250-4043,2025-07-14
달콤한삼겹살온의점,일반가맹점,한식,강원특별자치도,춘천시,4181000,"강원특별자치도 춘천시 스포츠타운길 496 지하1층B101,102호",033-256-6988,강원특별자치도 춘천시청,033-250-4043,2025-07-14
달콤한삼겹살우두점,일반가맹점,한식,강원특별자치도,춘천시,4181000,강원특별자치도 춘천시 우두6길 5 102호,033-253-0920,강원특별자치도 춘천시청,033-250-4043,2025-07-14
달쿠,일반가맹점,일반대중음식,강원특별자치도,춘천시,4181000,강원특별자치도 춘천시 모수물길 60 1층 101호,,강원특별자치도 춘천시청,033-250-4043,2025-07-14
달토끼의떡볶이흡입구역,일반가맹점,한식,강원특별자치도,춘천시,4181000,"강원특별자치도 춘천시 서부대성로 130-1 ,1층",,강원특별자치도 춘천시청,033-250-4043,2025-07-14
닭갈비짱,일반가맹점,한식,강원특별자치도,춘천시,4181000,강원특별자치도 춘천시 스무숲1길 38-9 (석사동)1층,,강원특별자치도 춘천시청,033-250-4043,2025-07-14
닭담,일반가맹점,일반대중음식,강원특별자치도,춘천시,4181000,강원특별자치도 춘천시 춘천로296번길 6 1층(후평동),,강원특별자치도 춘천시청,033-250-4043,2025-07-14
닭바우닭갈비,일반가맹점,한식,강원특별자치도,춘천시,4181000,강원특별자치도 춘천시 동내면 거두택지길14번길 2 1층,,강원특별자치도 춘천시청,033-250-4043,2025-07-14
닭발귀신,일반가맹점,한식,강원특별자치도,춘천시,4181000,강원특별자치도 춘천시 삭주로 106 1층,033-254-9081,강원특별자치도 춘천시청,033-250-4043,2025-07-14
닭발어때,일반가맹점,일반대중음식,강원특별자치도,춘천시,4181000,강원특별자치도 춘천시 백령로 146 3동 1층,033-256-9294,강원특별자치도 춘천시청,033-250-4043,2025-07-14
닭발어때,일반가맹점,한식,강원특별자치도,춘천시,4181000,강원특별자치도 춘천시 보안길 17 1층,,강원특별자치도 춘천시청,033-250-4043,2025-07-14
닭발집,일반가맹점,한식,강원특별자치도,춘천시,4181000,강원특별자치도 춘천시 춘천로204번길 56-1 1층(효자동),,강원특별자치도 춘천시청,033-250-4043,2025-07-14
닭발친구,일반가맹점,한식,강원특별자치도,춘천시,4181000,강원특별자치도춘천시 퇴계로145번길 7-2 (퇴계동),033-261-9022,강원특별자치도 춘천시청,033-250-4043,2025-07-14
닭장,일반가맹점,한식,강원특별자치도,춘천시,4181000,강원특별자치도 춘천시 서부대성로 216 2층(효자동),033-243-8889,강원특별자치도 춘천시청,033-250-4043,2025-07-14
닭쳐,일반가맹점,한식,강원특별자치도,춘천시,4181000,강원특별자치도 춘천시 애막골길11번길 23 2층,,강원특별자치도 춘천시청,033-250-4043,2025-07-14
닭초(cho),일반가맹점,일반대중음식,강원특별자치도,춘천시,4181000,강원특별자치도 춘천시 춘주로187번길 12-1 1층(퇴계동),,강원특별자치도 춘천시청,033-250-4043,2025-07-14
닭터강정본점,일반가맹점,일반대중음식,강원특별자치도,춘천시,4181000,강원특별자치도 춘천시 동부시장길 8 36호,033-252-2991,강원특별자치도 춘천시청,033-250-4043,2025-07-14
담꾹 춘천석사점,일반가맹점,식품잡화,강원특별자치도,춘천시,4181000,강원특별자치도 춘천시 후석로186번길 22 1층,033-912-8513,강원특별자치도 춘천시청,033-250-4043,2025-07-14
담칼국수,일반가맹점,일반대중음식,강원특별자치도,춘천시,4181000,강원특별자치도 춘천시 삭주로80번길 3 2층,033-242-2797,강원특별자치도 춘천시청,033-250-4043,2025-07-14
담터땡밥,일반가맹점,일반대중음식,강원특별자치도,춘천시,4181000,"강원특별자치도 춘천시 옥천길 9 1층(중앙로1가, 좌측)",033-818-2004,강원특별자치도 춘천시청,033-250-4043,2025-07-14
당근핫도그,일반가맹점,한식,강원특별자치도,춘천시,4181000,강원특별자치도 춘천시 효명길 7-24 1층,,강원특별자치도 춘천시청,033-250-4043,2025-07-14
당도,일반가맹점,일반대중음식,강원특별자치도,춘천시,4181000,강원특별자치도 춘천시 충혼길18번길 1 1층,,강원특별자치도 춘천시청,033-250-4043,2025-07-14
당신은지금치킨이땡긴다 춘천강대점,일반가맹점,일반대중음식,강원특별자치도,춘천시,4181000,"강원특별자치도 춘천시 백령로 3 , 1층",033-251-9299,강원특별자치도 춘천시청,033-250-4043,2025-07-14
대감소머리곰탕,일반가맹점,한식,강원특별자치도,춘천시,4181000,"강원특별자치도춘천시 영서로 3050, 1층 (사농동)",033-242-8315,강원특별자치도 춘천시청,033-250-4043,2025-07-14
대감족발꼬꼬닭발,일반가맹점,한식,강원특별자치도,춘천시,4181000,"강원특별자치도춘천시 우석로 22-1, 1층 (석사동)",033-263-4566,강원특별자치도 춘천시청,033-250-4043,2025-07-14
대경식당,일반가맹점,일반대중음식,강원특별자치도,춘천시,4181000,강원특별자치도 춘천시 닥나무길9번길 3 1층,033-252-8879,강원특별자치도 춘천시청,033-250-4043,2025-07-14
대관령,일반가맹점,한식,강원특별자치도,춘천시,4181000,강원특별자치도춘천시 동내면 거두택지길4번길 7-5,033-264-3307,강원특별자치도 춘천시청,033-250-4043,2025-07-14
대관령감자탕,일반가맹점,한식,강원특별자치도,춘천시,4181000,강원특별자치도춘천시 부평길8번길 1 (후평동),033-252-2988,강원특별자치도 춘천시청,033-250-4043,2025-07-14
대관령만두,일반가맹점,한식,강원특별자치도,춘천시,4181000,강원특별자치도 춘천시 춘천로185번길 12-1 1층 상가우측(운교동),,강원특별자치도 춘천시청,033-250-4043,2025-07-14
대관령토종순대국,일반가맹점,한식,강원특별자치도,춘천시,4181000,강원특별자치도 춘천시 신동면 경춘로 1846 .,033-263-5957,강원특별자치도 춘천시청,033-250-4043,2025-07-14
대구막창,일반가맹점,한식,강원특별자치도,춘천시,4181000,강원특별자치도춘천시 후석로 423-1 (후평동),033-252-7750,강원특별자치도 춘천시청,033-250-4043,2025-07-14
대구아구찜분점,일반가맹점,한식,강원특별자치도,춘천시,4181000,강원특별자치도춘천시 후평3동 14외 15,033-241-9286,강원특별자치도 춘천시청,033-250-4043,2025-07-14
대구참숯막창,일반가맹점,한식,강원특별자치도,춘천시,4181000,강원특별자치도춘천시 세실로 190 (후평동),033-255-4292,강원특별자치도 춘천시청,033-250-4043,2025-07-14
대구참숯막창,일반가맹점,한식,강원특별자치도,춘천시,4181000,강원특별자치도춘천시 영서로 2668-12 (소양로1가),033-257-2414,강원특별자치도 춘천시청,033-250-4043,2025-07-14
대나무불족발,일반가맹점,한식,강원특별자치도,춘천시,4181000,강원특별자치도 춘천시 퇴계로145번길 11-10 1층,033-264-9289,강원특별자치도 춘천시청,033-250-4043,2025-07-14
대나무집신관,일반가맹점,한식,강원특별자치도,춘천시,4181000,강원특별자치도춘천시 남산면 강촌문배길 4,033-262-2356,강원특별자치도 춘천시청,033-250-4043,2025-07-14
대룡산닭갈비막국수,일반가맹점,한식,강원특별자치도,춘천시,4181000,강원특별자치도 춘천시 동내면 동내로 180 1층,033-261-1421,강원특별자치도 춘천시청,033-250-4043,2025-07-14
대룡산약초백숙,일반가맹점,한식,강원특별자치도,춘천시,4181000,강원특별자치도춘천시 동내면 동내로 375-14,033-262-1933,강원특별자치도 춘천시청,033-250-4043,2025-07-14
대룡산은혜식당,일반가맹점,한식,강원특별자치도,춘천시,4181000,"강원특별자치도춘천시 동내면 학곡동1길 7, 1층",033-263-6797,강원특별자치도 춘천시청,033-250-4043,2025-07-14
대룡소머리국밥,일반가맹점,한식,강원특별자치도,춘천시,4181000,강원특별자치도춘천시 효자1동 679-13,033-253-9279,강원특별자치도 춘천시청,033-250-4043,2025-07-14
대만족춘천점,일반가맹점,일반대중음식,강원특별자치도,춘천시,4181000,강원특별자치도 춘천시 애막골길7번길 24 1층(석사동),,강원특별자치도 춘천시청,033-250-4043,2025-07-14
대박갈매기살,일반가맹점,한식,강원특별자치도,춘천시,4181000,"강원특별자치도춘천시 우묵길78번길 24, 1층 (퇴계동)",033-253-9225,강원특별자치도 춘천시청,033-250-4043,2025-07-14
대박두마리치킨,일반가맹점,일반대중음식,강원특별자치도,춘천시,4181000,강원특별자치도 춘천시 성심로 51 2동 1호(효자동),033-241-9968,강원특별자치도 춘천시청,033-250-4043,2025-07-14
대박분식,일반가맹점,한식,강원특별자치도,춘천시,4181000,"강원특별자치도 춘천시 소양로 216-1 ,가동1층",,강원특별자치도 춘천시청,033-250-4043,2025-07-14
대박이네,일반가맹점,한식,강원특별자치도,춘천시,4181000,강원특별자치도 춘천시 춘주로91번길 17 1층,033-253-9913,강원특별자치도 춘천시청,033-250-4043,2025-07-14
대박장어,일반가맹점,한식,강원특별자치도,춘천시,4181000,강원특별자치도춘천시 벌말길 92 (석사동),070-4964-6872,강원특별자치도 춘천시청,033-250-4043,2025-07-14
대박치킨,일반가맹점,일반대중음식,강원특별자치도,춘천시,4181000,"강원특별자치도춘천시 영서로 2352-12, 외23필지상가 4동 407호 (온의동)",,강원특별자치도 춘천시청,033-250-4043,2025-07-14
대박탕수육,일반가맹점,중식,강원특별자치도,춘천시,4181000,강원특별자치도춘천시 전원길 50 (효자동),033-252-8454,강원특별자치도 춘천시청,033-250-4043,2025-07-14
대박함바식당,일반가맹점,한식,강원특별자치도,춘천시,4181000,강원특별자치도 춘천시 동내면 영서로 1860-8 1층,033-264-1250,강원특별자치도 춘천시청,033-250-4043,2025-07-14
대복갈매기살,일반가맹점,한식,강원특별자치도,춘천시,4181000,강원특별자치도춘천시 애막골길11번길 32-1 (석사동),033-262-8055,강원특별자치도 춘천시청,033-250-4043,2025-07-14
대복소갈비살,일반가맹점,한식,강원특별자치도,춘천시,4181000,강원특별자치도춘천시 동부시장길 8-4 (운교동),033-244-0292,강원특별자치도 춘천시청,033-250-4043,2025-07-14
대상소몰이,일반가맹점,한식,강원특별자치도,춘천시,4181000,강원특별자치도 춘천시 남산면 강촌로 260 1층,033-262-2005,강원특별자치도 춘천시청,033-250-4043,2025-07-14
대성식당,일반가맹점,한식,강원특별자치도,춘천시,4181000,강원특별자치도춘천시 중앙로 166 (근화동),033-252-7324,강원특별자치도 춘천시청,033-250-4043,2025-07-14
대수타,일반가맹점,중식,강원특별자치도,춘천시,4181000,강원특별자치도춘천시 동면 만천리 584-1번지,033-253-1694,강원특별자치도 춘천시청,033-250-4043,2025-07-14
대암감자탕,일반가맹점,한식,강원특별자치도,춘천시,4181000,강원특별자치도 춘천시 백령로 19 (효자동),033-253-5055,강원특별자치도 춘천시청,033-250-4043,2025-07-14
대암감자탕한림대점,일반가맹점,한식,강원특별자치도,춘천시,4181000,강원특별자치도 춘천시 삭주로 67 교동,033-256-5055,강원특별자치도 춘천시청,033-250-4043,2025-07-14
대영닭갈비,일반가맹점,한식,강원특별자치도,춘천시,4181000,강원특별자치도춘천시 충열로16번길 21-19 (우두동),033-255-8145,강원특별자치도 춘천시청,033-250-4043,2025-07-14
대영옥 돼지곰탕,일반가맹점,한식,강원특별자치도,춘천시,4181000,"강원특별자치도 춘천시 낙원길 27 ,1층",,강원특별자치도 춘천시청,033-250-4043,2025-07-14
대왕감자탕,일반가맹점,한식,강원특별자치도,춘천시,4181000,강원특별자치도 춘천시 춘천로 345 1층,033-251-4602,강원특별자치도 춘천시청,033-250-4043,2025-07-14
대왕닭갈비,일반가맹점,한식,강원특별자치도,춘천시,4181000,강원특별자치도 춘천시 후석로393번길 37 (후평동),033-242-9950,강원특별자치도 춘천시청,033-250-4043,2025-07-14
대왕통닭춘천한림대점,일반가맹점,한식,강원특별자치도,춘천시,4181000,강원특별자치도 춘천시 성심로 7 1층,033-254-8643,강원특별자치도 춘천시청,033-250-4043,2025-07-14
대운소머리곰탕,일반가맹점,한식,강원특별자치도,춘천시,4181000,강원특별자치도 춘천시 신샘밭로 226-1 1층(신동),033-253-4900,강원특별자치도 춘천시청,033-250-4043,2025-07-14
대웅닭갈비막국수,일반가맹점,한식,강원특별자치도,춘천시,4181000,강원특별자치도춘천시 동면 지내리 335-3 336,033-241-2017,강원특별자치도 춘천시청,033-250-4043,2025-07-14
대원,일반가맹점,한식,강원특별자치도,춘천시,4181000,강원특별자치도 춘천시 번개시장길 31-1 1층,033-256-8723,강원특별자치도 춘천시청,033-250-4043,2025-07-14
대원당,일반가맹점,제과점,강원특별자치도,춘천시,4181000,"강원특별자치도춘천시 퇴계로 183, 1층 (석사동)",033-254-8187,강원특별자치도 춘천시청,033-250-4043,2025-07-14
대원장,일반가맹점,중식,강원특별자치도,춘천시,4181000,강원특별자치도 춘천시 금강로 20-1 1층,033-254-4520,강원특별자치도 춘천시청,033-250-4043,2025-07-14
대월흑염소탕,일반가맹점,한식,강원특별자치도,춘천시,4181000,강원특별자치도 춘천시 신흥길 16 1층(우두동),,강원특별자치도 춘천시청,033-250-4043,2025-07-14
대일광업(주),일반가맹점,한식,강원특별자치도,춘천시,4181000,강원특별자치도춘천시 동면 금옥길 228,033-241-2495,강원특별자치도 춘천시청,033-250-4043,2025-07-14
대일생활건강주식회사,일반가맹점,한식,강원특별자치도,춘천시,4181000,강원특별자치도 춘천시 동면 금옥길 219 1층,033-242-4611,강원특별자치도 춘천시청,033-250-4043,2025-07-14
대전흑염소국밥,일반가맹점,한식,강원특별자치도,춘천시,4181000,강원특별자치도춘천시 닥나무길 16 (효자동),033-251-5989,강원특별자치도 춘천시청,033-250-4043,2025-07-14
대정식당,일반가맹점,한식,강원특별자치도,춘천시,4181000,강원특별자치도춘천시 사북면 영서로 4755,033-243-1095,강원특별자치도 춘천시청,033-250-4043,2025-07-14
대진식당,일반가맹점,한식,강원특별자치도,춘천시,4181000,강원특별자치도 춘천시 스포츠타운길 437-1 1층(삼천동),033-252-3440,강원특별자치도 춘천시청,033-250-4043,2025-07-14
대청마루,일반가맹점,한식,강원특별자치도,춘천시,4181000,"강원특별자치도춘천시 동면 만천로 26-1, 1층",033-242-3987,강원특별자치도 춘천시청,033-250-4043,2025-07-14
대청마루 거두점,일반가맹점,한식,강원특별자치도,춘천시,4181000,강원특별자치도춘천시 동내면 거두리 933-3,033-261-3451,강원특별자치도 춘천시청,033-250-4043,2025-07-14
대청마루 춘천점,일반가맹점,일반대중음식,강원특별자치도,춘천시,4181000,강원특별자치도 춘천시 충열로20번길 16 1~2층,033-253-3451,강원특별자치도 춘천시청,033-250-4043,2025-07-14
대청봉,일반가맹점,한식,강원특별자치도,춘천시,4181000,강원특별자치도춘천시 금강로62번길 14-1 (조양동),033-257-2131,강원특별자치도 춘천시청,033-250-4043,2025-07-14
대추나무막국수,일반가맹점,한식,강원특별자치도,춘천시,4181000,강원특별자치도춘천시 동면 감정리 530번지 1리,033-242-5822,강원특별자치도 춘천시청,033-250-4043,2025-07-14
대추나무집염소탕영양탕,일반가맹점,한식,강원특별자치도,춘천시,4181000,"강원특별자치도춘천시 춘주로147번길 13-1, 1층 (퇴계동)",033-254-8734,강원특별자치도 춘천시청,033-250-4043,2025-07-14
대파솥뚜껑삼겹살,일반가맹점,한식,강원특별자치도,춘천시,4181000,"강원특별자치도 춘천시 보안길 42-1 1, 2층(후평동)",033-252-3336,강원특별자치도 춘천시청,033-250-4043,2025-07-14
대판,일반가맹점,한식,강원특별자치도,춘천시,4181000,강원특별자치도춘천시 서부대성로 210 (효자동),033-262-5399,강원특별자치도 춘천시청,033-250-4043,2025-07-14
대판,일반가맹점,한식,강원특별자치도,춘천시,4181000,강원특별자치도 춘천시 영서로 2885 1층,033-252-6133,강원특별자치도 춘천시청,033-250-4043,2025-07-14
대포항횟집,일반가맹점,한식,강원특별자치도,춘천시,4181000,강원특별자치도춘천시 성심로 37 대포항횟집 (효자동),033-257-9038,강원특별자치도 춘천시청,033-250-4043,2025-07-14
대화관,일반가맹점,중식,강원특별자치도,춘천시,4181000,강원특별자치도춘천시 서부대성로44번길 12-2 대화관 (요선동),033-254-2831,강원특별자치도 춘천시청,033-250-4043,2025-07-14
대화관명동점,일반가맹점,중식,강원특별자치도,춘천시,4181000,강원특별자치도춘천시 금강로62번길 15 (조양동),033-242-8999,강원특별자치도 춘천시청,033-250-4043,2025-07-14
대흥가밥이랑,일반가맹점,한식,강원특별자치도,춘천시,4181000,강원특별자치도춘천시 남산면 광판리 159-177번지,033-263-3534,강원특별자치도 춘천시청,033-250-4043,2025-07-14
더 도시락,일반가맹점,일반대중음식,강원특별자치도,춘천시,4181000,강원특별자치도 춘천시 후만로126번길 10 1층,,강원특별자치도 춘천시청,033-250-4043,2025-07-14
더 든든한 밥상,일반가맹점,한식,강원특별자치도,춘천시,4181000,강원특별자치도 춘천시 공지로 349 1층 좌측호,033-242-8522,강원특별자치도 춘천시청,033-250-4043,2025-07-14
더 송어,일반가맹점,한식,강원특별자치도,춘천시,4181000,강원특별자치도 춘천시 퇴계로 26 1층,033-255-5535,강원특별자치도 춘천시청,033-250-4043,2025-07-14
더(THE) 1939,일반가맹점,일반대중음식,강원특별자치도,춘천시,4181000,강원특별자치도 춘천시 남산면 강촌로 63 1층,070-7798-1939,강원특별자치도 춘천시청,033-250-4043,2025-07-14
더(The)711,일반가맹점,일반대중음식,강원특별자치도,춘천시,4181000,강원특별자치도 춘천시 공지로 452-8 1층(근화동),,강원특별자치도 춘천시청,033-250-4043,2025-07-14
더1939(The1939),일반가맹점,일반대중음식,강원특별자치도,춘천시,4181000,강원특별자치도 춘천시 남산면 강촌로 63 1층,,강원특별자치도 춘천시청,033-250-4043,2025-07-14
더그린눅(The Green Nook),일반가맹점,일반대중음식,강원특별자치도,춘천시,4181000,강원특별자치도 춘천시 하사관길 15-8 1층,,강원특별자치도 춘천시청,033-250-4043,2025-07-14
더글렌,일반가맹점,양식,강원특별자치도,춘천시,4181000,강원특별자치도 춘천시 백령로 139 지하1층,,강원특별자치도 춘천시청,033-250-4043,2025-07-14
더담다,일반가맹점,한식,강원특별자치도,춘천시,4181000,"강원특별자치도 춘천시 우석로63번길 13 , 1층",,강원특별자치도 춘천시청,033-250-4043,2025-07-14
더만찬,일반가맹점,한식,강원특별자치도,춘천시,4181000,강원특별자치도 춘천시 퇴계로 241 1충 101호,,강원특별자치도 춘천시청,033-250-4043,2025-07-14
더밥(THEBAB),일반가맹점,한식,강원특별자치도,춘천시,4181000,강원특별자치도 춘천시 춘주로91번길 10 1층,,강원특별자치도 춘천시청,033-250-4043,2025-07-14
더벤티강원대점,일반가맹점,일반대중음식,강원특별자치도,춘천시,4181000,강원특별자치도 춘천시 서부대성로 228 .,033-255-2959,강원특별자치도 춘천시청,033-250-4043,2025-07-14
더브레드,일반가맹점,일반대중음식,강원특별자치도,춘천시,4181000,강원특별자치도 춘천시 안마산로 332 102호 석사동,033-262-1449,강원특별자치도 춘천시청,033-250-4043,2025-07-14
더조은 명가손만두 온의점,일반가맹점,한식,강원특별자치도,춘천시,4181000,"강원특별자치도 춘천시 방송길 77 1층 1119, 1131호(온의동, 춘천센트럴타워 푸르지오)",,강원특별자치도 춘천시청,033-250-4043,2025-07-14
더조은명가손만두 우두점,일반가맹점,한식,강원특별자치도,춘천시,4181000,강원특별자치도 춘천시 우두1길 100 116동115호,033-255-7708,강원특별자치도 춘천시청,033-250-4043,2025-07-14
더조은명가손만두 퇴계점,일반가맹점,한식,강원특별자치도,춘천시,4181000,"강원특별자치도춘천시 안마산로 213, 1층 120호 (퇴계동)",033-262-9201,강원특별자치도 춘천시청,033-250-4043,2025-07-14
더조은명가손만두김밥봄내점,일반가맹점,일반대중음식,강원특별자치도,춘천시,4181000,강원특별자치도 춘천시 퇴계로 220-16 제상가동 106호,,강원특별자치도 춘천시청,033-250-4043,2025-07-14
더치킨버켓,일반가맹점,일반대중음식,강원특별자치도,춘천시,4181000,강원특별자치도춘천시 국사봉길 12 (퇴계동),033-251-9978,강원특별자치도 춘천시청,033-250-4043,2025-07-14
더클래식,일반가맹점,한식,강원특별자치도,춘천시,4181000,강원특별자치도춘천시 동내면 공지로 76,033-254-1900,강원특별자치도 춘천시청,033-250-4043,2025-07-14
더키친,일반가맹점,양식,강원특별자치도,춘천시,4181000,강원특별자치도 춘천시 안마산로 110 1층,,강원특별자치도 춘천시청,033-250-4043,2025-07-14
더홈,일반가맹점,양식,강원특별자치도,춘천시,4181000,강원특별자치도 춘천시 남춘로26번길 17-10 1층,033-264-1357,강원특별자치도 춘천시청,033-250-4043,2025-07-14
덕성식당,일반가맹점,한식,강원특별자치도,춘천시,4181000,강원특별자치도 춘천시 효석로25번길 18 1층,,강원특별자치도 춘천시청,033-250-4043,2025-07-14
덕수파스타 춘천온의점,일반가맹점,양식,강원특별자치도,춘천시,4181000,"강원특별자치도 춘천시 방송길 77 , 1층 1114,1136호(온의동, 춘천 센트럴타워 푸르지오)",,강원특별자치도 춘천시청,033-250-4043,2025-07-14
덕수파스타 춘천퇴계점,일반가맹점,양식,강원특별자치도,춘천시,4181000,강원특별자치도 춘천시 안마산로 112-5 지하1층 (퇴계동),,강원특별자치도 춘천시청,033-250-4043,2025-07-14
던킨도너츠,일반가맹점,제과점,강원특별자치도,춘천시,4181000,"강원특별자치도 춘천시 공지로 591 ,3층",033-255-6923,강원특별자치도 춘천시청,033-250-4043,2025-07-14
던킨도너츠 춘천롯데마트점,일반가맹점,제과점,강원특별자치도,춘천시,4181000,"강원특별자치도춘천시 방송길 84, 롯데마트 (온의동)",033-251-7740,강원특별자치도 춘천시청,033-250-4043,2025-07-14
던킨도너츠 춘천장학점,일반가맹점,제과점,강원특별자치도,춘천시,4181000,"강원특별자치도 춘천시 동면 춘천로449번길 30 ,1층",033-242-9794,강원특별자치도 춘천시청,033-250-4043,2025-07-14
덮담 춘천한림대점,일반가맹점,한식,강원특별자치도,춘천시,4181000,강원특별자치도 춘천시 삭주로 100 1층 103호,,강원특별자치도 춘천시청,033-250-4043,2025-07-14
덮덮밥 춘천점,일반가맹점,한식,강원특별자치도,춘천시,4181000,강원특별자치도 춘천시 서부대성로 253 1층,033-242-0205,강원특별자치도 춘천시청,033-250-4043,2025-07-14
데이오프레코드,일반가맹점,일반대중음식,강원특별자치도,춘천시,4181000,강원특별자치도 춘천시 동내면 거두택지길14번길 5-1 1층,,강원특별자치도 춘천시청,033-250-4043,2025-07-14
데일리베이크샵,일반가맹점,제과점,강원특별자치도,춘천시,4181000,강원특별자치도 춘천시 춘천로68번길 42 1층,033-251-6570,강원특별자치도 춘천시청,033-250-4043,2025-07-14
데일리왓더버거,일반가맹점,패스트푸드,강원특별자치도,춘천시,4181000,강원특별자치도 춘천시 퇴계로93번길 4-8 1층 101호,,강원특별자치도 춘천시청,033-250-4043,2025-07-14
델리시유,일반가맹점,일반대중음식,강원특별자치도,춘천시,4181000,강원특별자치도 춘천시 춘천로213번길 10 1층 오른쪽호,,강원특별자치도 춘천시청,033-250-4043,2025-07-14
델리와구,일반가맹점,일반대중음식,강원특별자치도,춘천시,4181000,강원특별자치도 춘천시 서부대성로 136 1층,033-241-9655,강원특별자치도 춘천시청,033-250-4043,2025-07-14
델모니코스,일반가맹점,양식,강원특별자치도,춘천시,4181000,강원특별자치도춘천시 동면 순환대로 1154-106 1-2층,033-252-0999,강원특별자치도 춘천시청,033-250-4043,2025-07-14
도그스테이블 석사점,일반가맹점,일반대중음식,강원특별자치도,춘천시,4181000,강원특별자치도 춘천시 안마산로 294-30 1층,,강원특별자치도 춘천시청,033-250-4043,2025-07-14
도깨비꽈배기 (엠케이푸드),일반가맹점,일반대중음식,강원특별자치도,춘천시,4181000,강원특별자치도 춘천시 보안길 39 1층,033-251-0029,강원특별자치도 춘천시청,033-250-4043,2025-07-14
도깨비밥상,일반가맹점,한식,강원특별자치도,춘천시,4181000,"강원특별자치도춘천시 두하길 17, 102호 (효자동)",033-251-8492,강원특별자치도 춘천시청,033-250-4043,2025-07-14
도너츠윤,일반가맹점,일반대중음식,강원특별자치도,춘천시,4181000,강원특별자치도 춘천시 가연길 17 1층,033-911-7891,강원특별자치도 춘천시청,033-250-4043,2025-07-14
도니니1894한숲시티점,일반가맹점,일반대중음식,강원특별자치도,춘천시,4181000,강원특별자치도 춘천시 안마산로 133 상가B-2동 1층 105 106호,033-242-9100,강원특별자치도 춘천시청,033-250-4043,2025-07-14
도담도담,일반가맹점,한식,강원특별자치도,춘천시,4181000,강원특별자치도 춘천시 남춘로36번길 85 1층(퇴계동),033-261-9269,강원특별자치도 춘천시청,033-250-4043,2025-07-14
도담족발,일반가맹점,한식,강원특별자치도,춘천시,4181000,"강원특별자치도 춘천시 춘주로187번길 5 (퇴계동, 1층상가)",033-242-8982,강원특별자치도 춘천시청,033-250-4043,2025-07-14
도담집,일반가맹점,한식,강원특별자치도,춘천시,4181000,강원특별자치도춘천시 동내면 거두택지길4번길 7-7,033-264-1482,강원특별자치도 춘천시청,033-250-4043,2025-07-14
도로시파스타연정춘천점,일반가맹점,양식,강원특별자치도,춘천시,4181000,"강원특별자치도춘천시 공지로218번길 26, 효자코아루웰라움 1층 102호 상가동 (효자동)",,강원특별자치도 춘천시청,033-250-4043,2025-07-14
도미노피자 춘천석사점,일반가맹점,일반대중음식,강원특별자치도,춘천시,4181000,강원특별자치도춘천시 공지로 220 (효자동),033-264-0139,강원특별자치도 춘천시청,033-250-4043,2025-07-14
도미노피자 춘천후평점,일반가맹점,패스트푸드,강원특별자치도,춘천시,4181000,강원특별자치도 춘천시 춘천로 247 1층,033-241-3046,강원특별자치도 춘천시청,033-250-4043,2025-07-14
도스마스강대점,일반가맹점,한식,강원특별자치도,춘천시,4181000,강원특별자치도 춘천시 백령로25번길 2 1층,,강원특별자치도 춘천시청,033-250-4043,2025-07-14
도스마스한림대점,일반가맹점,한식,강원특별자치도,춘천시,4181000,강원특별자치도춘천시 성심로 11  (교동),033-255-7373,강원특별자치도 춘천시청,033-250-4043,2025-07-14
도야,일반가맹점,중식,강원특별자치도,춘천시,4181000,강원특별자치도 춘천시 공지로 164 1층,033-264-6665,강원특별자치도 춘천시청,033-250-4043,2025-07-14
도야족발 남춘천역점,일반가맹점,한식,강원특별자치도,춘천시,4181000,강원특별자치도 춘천시 우묵길56번길 24 104호(퇴계동),033-255-1980,강원특별자치도 춘천시청,033-250-4043,2025-07-14
도우(DOWOO),일반가맹점,한식,강원특별자치도,춘천시,4181000,강원특별자치도 춘천시 동면 소양강로 182 1층,033-254-4441,강원특별자치도 춘천시청,033-250-4043,2025-07-14
도우도우,일반가맹점,패스트푸드,강원특별자치도,춘천시,4181000,강원특별자치도 춘천시 우석로85번길 9-17 1동 1호(석사동),,강원특별자치도 춘천시청,033-250-4043,2025-07-14
도원,일반가맹점,중식,강원특별자치도,춘천시,4181000,강원특별자치도춘천시 남산면 강촌로 128,033-262-1319,강원특별자치도 춘천시청,033-250-4043,2025-07-14
도원갈비,일반가맹점,한식,강원특별자치도,춘천시,4181000,"강원특별자치도춘천시 동면 춘천순환로 502, 2층",033-263-2292,강원특별자치도 춘천시청,033-250-4043,2025-07-14
도원뚝배기짬뽕,일반가맹점,중식,강원특별자치도,춘천시,4181000,강원특별자치도 춘천시 시청길12번길 16 1층 (조양동),033-243-3999,강원특별자치도 춘천시청,033-250-4043,2025-07-14
도원뚝배기짬뽕,일반가맹점,중식,강원특별자치도,춘천시,4181000,강원특별자치도 춘천시 남춘로 63 (효자동),033-243-3567,강원특별자치도 춘천시청,033-250-4043,2025-07-14
도원뚝배기짬뽕본점,일반가맹점,한식,강원특별자치도,춘천시,4181000,강원특별자치도 춘천시 애막골길3번길 8 1층,033-261-2887,강원특별자치도 춘천시청,033-250-4043,2025-07-14
도원뚝짬,일반가맹점,중식,강원특별자치도,춘천시,4181000,강원특별자치도 춘천시 동내면 거두택지길 65-9 1층,033-262-5999,강원특별자치도 춘천시청,033-250-4043,2025-07-14
도이첸 후평점,일반가맹점,패스트푸드,강원특별자치도,춘천시,4181000,강원특별자치도 춘천시 후석로 278 1층,033-257-7982,강원특별자치도 춘천시청,033-250-4043,2025-07-14
도지골등나무집,일반가맹점,한식,강원특별자치도,춘천시,4181000,강원특별자치도춘천시 신북읍 상천3길 2,033-242-2260,강원특별자치도 춘천시청,033-250-4043,2025-07-14
도쿄라멘 춘천한림대점,일반가맹점,일반대중음식,강원특별자치도,춘천시,4181000,강원특별자치도 춘천시 삭주로 69 1층 (교동),033-242-7407,강원특별자치도 춘천시청,033-250-4043,2025-07-14
도쿄밥상,일반가맹점,한식,강원특별자치도,춘천시,4181000,"강원특별자치도춘천시 중앙로68번길 12 , 1층 (춘천관광호텔) (낙원동)",033-252-3540,강원특별자치도 춘천시청,033-250-4043,2025-07-14
도쿄스시,일반가맹점,일식,강원특별자치도,춘천시,4181000,"강원특별자치도춘천시 중앙로67번길 18, 3동 3201호 (죽림동, 명동브라운빌)",033-252-1188,강원특별자치도 춘천시청,033-250-4043,2025-07-14
도토리네집,일반가맹점,한식,강원특별자치도,춘천시,4181000,"강원특별자치도춘천시 스무숲1길 46-5, 1층 (석사동)",033-263-5856,강원특별자치도 춘천시청,033-250-4043,2025-07-14
도토리쉼터,일반가맹점,한식,강원특별자치도,춘천시,4181000,강원특별자치도 춘천시 남산면 강촌구곡길 328 .,033-261-2350,강원특별자치도 춘천시청,033-250-4043,2025-07-14
도톰,일반가맹점,일반대중음식,강원특별자치도,춘천시,4181000,강원특별자치도 춘천시 춘주로147번길 9 1층,,강원특별자치도 춘천시청,033-250-4043,2025-07-14
독개비,일반가맹점,일반대중음식,강원특별자치도,춘천시,4181000,강원특별자치도 춘천시 스무숲1길 4-13 .1층,,강원특별자치도 춘천시청,033-250-4043,2025-07-14
독일제빵,일반가맹점,제과점,강원특별자치도,춘천시,4181000,강원특별자치도 춘천시 중앙로 39 1층,033-254-3446,강원특별자치도 춘천시청,033-250-4043,2025-07-14
돈,일반가맹점,한식,강원특별자치도,춘천시,4181000,"강원특별자치도춘천시 신흥길 9-1, 1층 (우두동)",033-256-0508,강원특별자치도 춘천시청,033-250-4043,2025-07-14
돈기부여 후평점,일반가맹점,일반대중음식,강원특별자치도,춘천시,4181000,강원특별자치도 춘천시 후석로 395 1층(후평동),033-257-8242,강원특별자치도 춘천시청,033-250-4043,2025-07-14
돈까스&덮밥,일반가맹점,한식,강원특별자치도,춘천시,4181000,"강원특별자치도 춘천시 퇴계로 95 104호,105호",033-261-7474,강원특별자치도 춘천시청,033-250-4043,2025-07-14
돈까스와뼈다귀,일반가맹점,중식,강원특별자치도,춘천시,4181000,강원특별자치도춘천시 충열로 282 (우두동),031-566-5709,강원특별자치도 춘천시청,033-250-4043,2025-07-14
돈끼니꾸,일반가맹점,한식,강원특별자치도,춘천시,4181000,강원특별자치도 춘천시 애막골길11번길 12 1층,,강원특별자치도 춘천시청,033-250-4043,2025-07-14
돈나와라뚝딱석사점,일반가맹점,일반대중음식,강원특별자치도,춘천시,4181000,강원특별자치도 춘천시 벌말길 86 .,,강원특별자치도 춘천시청,033-250-4043,2025-07-14
돈돈,일반가맹점,한식,강원특별자치도,춘천시,4181000,강원특별자치도 춘천시 남춘천길 31 1층(퇴계동),033-255-9998,강원특별자치도 춘천시청,033-250-4043,2025-07-14
돈돈숯불구이,일반가맹점,한식,강원특별자치도,춘천시,4181000,강원특별자치도 춘천시 춘천로 375 1층,033-255-3852,강원특별자치도 춘천시청,033-250-4043,2025-07-14
돈떵어리,일반가맹점,한식,강원특별자치도,춘천시,4181000,강원특별자치도춘천시 퇴계로93번길 8 (퇴계동),033-263-9266,강원특별자치도 춘천시청,033-250-4043,2025-07-14
돈보따리,일반가맹점,한식,강원특별자치도,춘천시,4181000,강원특별자치도 춘천시 삭주로 134 (후평동),033-252-9392,강원특별자치도 춘천시청,033-250-4043,2025-07-14
돈사돈,일반가맹점,한식,강원특별자치도,춘천시,4181000,강원특별자치도춘천시 퇴계동 11토지3블럭5롯트,033-910-9292,강원특별자치도 춘천시청,033-250-4043,2025-07-14
돈스간스,일반가맹점,한식,강원특별자치도,춘천시,4181000,강원특별자치도춘천시 충열로16번길 21-10 (우두동),033-252-9557,강원특별자치도 춘천시청,033-250-4043,2025-07-14
돈아돈아숯불구이,일반가맹점,한식,강원특별자치도,춘천시,4181000,강원특별자치도 춘천시 영서로 2352-16 10동 62호,033-256-7892,강원특별자치도 춘천시청,033-250-4043,2025-07-14
돈연가연탄,일반가맹점,한식,강원특별자치도,춘천시,4181000,강원특별자치도 춘천시 사우로 144 1층,033-244-9006,강원특별자치도 춘천시청,033-250-4043,2025-07-14
돈오락쪽갈비,일반가맹점,한식,강원특별자치도,춘천시,4181000,강원특별자치도춘천시 동내면 거두택지길 41-11,033-263-6308,강원특별자치도 춘천시청,033-250-4043,2025-07-14
돈워리,일반가맹점,일반대중음식,강원특별자치도,춘천시,4181000,강원특별자치도 춘천시 퇴계로 141 2층,033-251-1119,강원특별자치도 춘천시청,033-250-4043,2025-07-14
돈치킨호프 춘천우두점,일반가맹점,일반대중음식,강원특별자치도,춘천시,4181000,강원특별자치도춘천시 우두동 1060-11,033-251-9282,강원특별자치도 춘천시청,033-250-4043,2025-07-14
돈카돈까(1호점),일반가맹점,제과점,강원특별자치도,춘천시,4181000,강원특별자치도춘천시 중앙로1가 91 지하상가 다-213,033-255-2824,강원특별자치도 춘천시청,033-250-4043,2025-07-14
돈카돈까(퇴계점),일반가맹점,양식,강원특별자치도,춘천시,4181000,강원특별자치도 춘천시 퇴계농공로 20 201호,033-261-1510,강원특별자치도 춘천시청,033-250-4043,2025-07-14
돈카춘 춘천점,일반가맹점,일반대중음식,강원특별자치도,춘천시,4181000,강원특별자치도 춘천시 서부대성로 161 1층,,강원특별자치도 춘천시청,033-250-4043,2025-07-14
돈타작,일반가맹점,한식,강원특별자치도,춘천시,4181000,강원특별자치도 춘천시 중앙로 126 1층,,강원특별자치도 춘천시청,033-250-4043,2025-07-14
돈푸대부속구이,일반가맹점,한식,강원특별자치도,춘천시,4181000,강원특별자치도춘천시 효자3동 754-10번지 3동 1층,033-252-5698,강원특별자치도 춘천시청,033-250-4043,2025-07-14
돌다리야채곱창,일반가맹점,한식,강원특별자치도,춘천시,4181000,강원특별자치도 춘천시 서부대성로 211-1 1층(효자동),033-242-9637,강원특별자치도 춘천시청,033-250-4043,2025-07-14
돌담갈매기살,일반가맹점,한식,강원특별자치도,춘천시,4181000,강원특별자치도춘천시 보안길 21 (후평동),033-256-7332,강원특별자치도 춘천시청,033-250-4043,2025-07-14
돌담길,일반가맹점,한식,강원특별자치도,춘천시,4181000,강원특별자치도춘천시 효자동 155-3,033-252-5243,강원특별자치도 춘천시청,033-250-4043,2025-07-14
돌담삼계탕,일반가맹점,한식,강원특별자치도,춘천시,4181000,강원특별자치도 춘천시 송암길 25-3 1층,033-263-1003,강원특별자치도 춘천시청,033-250-4043,2025-07-14
돌담집짬뽕,일반가맹점,중식,강원특별자치도,춘천시,4181000,강원특별자치도 춘천시 보안길 50-2 지하1층 (후평동),033-257-1315,강원특별자치도 춘천시청,033-250-4043,2025-07-14
돌돌생삼겹살,일반가맹점,한식,강원특별자치도,춘천시,4181000,"강원특별자치도 춘천시 백령로138번길 50 (효자동, 지하1층, 1층)",033-242-3300,강원특별자치도 춘천시청,033-250-4043,2025-07-14
돌아온왕십리곱창,일반가맹점,한식,강원특별자치도,춘천시,4181000,강원특별자치도 춘천시 효석로67번길 20 1층,033-261-6555,강원특별자치도 춘천시청,033-250-4043,2025-07-14
돌집식당,일반가맹점,한식,강원특별자치도,춘천시,4181000,강원특별자치도춘천시 남면 한덕발산길 20-1,033-263-2888,강원특별자치도 춘천시청,033-250-4043,2025-07-14
돌판마당,일반가맹점,한식,강원특별자치도,춘천시,4181000,강원특별자치도 춘천시 우묵길 72 1층,033-257-3392,강원특별자치도 춘천시청,033-250-4043,2025-07-14
돗대골뱅이,일반가맹점,일반대중음식,강원특별자치도,춘천시,4181000,강원특별자치도 춘천시 동내면 춘천순환로94번길 13 1층 돗대골뱅이,033-261-2535,강원특별자치도 춘천시청,033-250-4043,2025-07-14
동강막국수,일반가맹점,한식,강원특별자치도,춘천시,4181000,강원특별자치도춘천시 사북면 사내천로 1173,033-243-1950,강원특별자치도 춘천시청,033-250-4043,2025-07-14
동경,일반가맹점,일식,강원특별자치도,춘천시,4181000,"강원특별자치도춘천시 공지로 149, 3층 (석사동, 동진빌딩)",033-261-7555,강원특별자치도 춘천시청,033-250-4043,2025-07-14
동광한우프라자,일반가맹점,한식,강원특별자치도,춘천시,4181000,강원특별자치도춘천시 춘천로170번길 5 (운교동),033-262-3357,강원특별자치도 춘천시청,033-250-4043,2025-07-14
동궁찜닭,일반가맹점,한식,강원특별자치도,춘천시,4181000,강원특별자치도 춘천시 스포츠타운길 441-1 .,033-257-4332,강원특별자치도 춘천시청,033-250-4043,2025-07-14
동그라미스넥,일반가맹점,한식,강원특별자치도,춘천시,4181000,"강원특별자치도춘천시 춘천로 253, 101호 (효자동)",033-255-3902,강원특별자치도 춘천시청,033-250-4043,2025-07-14
동근이숯불두마리치킨춘천점,일반가맹점,일반대중음식,강원특별자치도,춘천시,4181000,강원특별자치도 춘천시 퇴계로 211 .,033-817-4009,강원특별자치도 춘천시청,033-250-4043,2025-07-14
동내 낙곱새,일반가맹점,일반대중음식,강원특별자치도,춘천시,4181000,"강원특별자치도춘천시 공지로 69-9, 상가동 101호 (석사동, 삼익세라믹아파트)",,강원특별자치도 춘천시청,033-250-4043,2025-07-14
동내반점,일반가맹점,중식,강원특별자치도,춘천시,4181000,강원특별자치도 춘천시 사북면 화악지암길 494 1층,033-255-2550,강원특별자치도 춘천시청,033-250-4043,2025-07-14
동내빵집,일반가맹점,제과점,강원특별자치도,춘천시,4181000,강원특별자치도 춘천시 동내면 거두택지길44번길 19-1 1층,,강원특별자치도 춘천시청,033-250-4043,2025-07-14
동네맛집뼈구이집 춘천본점,일반가맹점,한식,강원특별자치도,춘천시,4181000,강원특별자치도 춘천시 동면 춘천순환로 497 2동 1층,,강원특별자치도 춘천시청,033-250-4043,2025-07-14
동대문곱창,일반가맹점,한식,강원특별자치도,춘천시,4181000,강원특별자치도춘천시 요선동 146,033-241-6009,강원특별자치도 춘천시청,033-250-4043,2025-07-14
동대문엽기떡볶이 강원대점,일반가맹점,한식,강원특별자치도,춘천시,4181000,"강원특별자치도춘천시 백령로138번길 54, 1층 (효자동)",033-241-8592,강원특별자치도 춘천시청,033-250-4043,2025-07-14
동도통영굴밥,일반가맹점,한식,강원특별자치도,춘천시,4181000,강원특별자치도춘천시 공지로 433 (근화동),033-244-3392,강원특별자치도 춘천시청,033-250-4043,2025-07-14
동동이네 디저트,일반가맹점,일반대중음식,강원특별자치도,춘천시,4181000,강원특별자치도 춘천시 공지로 423-1 1층 103호,,강원특별자치도 춘천시청,033-250-4043,2025-07-14
동명카츠춘천우두점,일반가맹점,일식,강원특별자치도,춘천시,4181000,"강원특별자치도춘천시 충열로 39, 1층 120호 (우두동)",033-252-0136,강원특별자치도 춘천시청,033-250-4043,2025-07-14
동물농장,일반가맹점,한식,강원특별자치도,춘천시,4181000,"강원특별자치도춘천시 남춘로36번길 63, 1층 (퇴계동)",033-261-6868,강원특별자치도 춘천시청,033-250-4043,2025-07-14
동민이네,일반가맹점,한식,강원특별자치도,춘천시,4181000,강원특별자치도춘천시 행촌로 1 (온의동),033-253-3954,강원특별자치도 춘천시청,033-250-4043,2025-07-14
동방가든,일반가맹점,한식,강원특별자치도,춘천시,4181000,강원특별자치도 춘천시 남면 박암관천길 524 1층,033-263-9712,강원특별자치도 춘천시청,033-250-4043,2025-07-14
동보성,일반가맹점,중식,강원특별자치도,춘천시,4181000,강원특별자치도춘천시 보안길 124 (후평동),033-252-4338,강원특별자치도 춘천시청,033-250-4043,2025-07-14
동부곱창,일반가맹점,한식,강원특별자치도,춘천시,4181000,강원특별자치도춘천시 춘천로185번길 10 (운교동),033-241-9280,강원특별자치도 춘천시청,033-250-4043,2025-07-14
동부떡집,일반가맹점,제과점,강원특별자치도,춘천시,4181000,"강원특별자치도춘천시 동부시장길 8, 동부시장 지하 12호 (운교동)",033-254-6549,강원특별자치도 춘천시청,033-250-4043,2025-07-14
동부지짐이다정,일반가맹점,한식,강원특별자치도,춘천시,4181000,강원특별자치도 춘천시 동부시장길 8 지하1층 3호,,강원특별자치도 춘천시청,033-250-4043,2025-07-14
동부튀김,일반가맹점,한식,강원특별자치도,춘천시,4181000,강원특별자치도 춘천시 동부시장길 8 지하23호,033-241-8855,강원특별자치도 춘천시청,033-250-4043,2025-07-14
동부흑염소탕,일반가맹점,한식,강원특별자치도,춘천시,4181000,강원특별자치도 춘천시 교운길 3-1 1층,033-241-8886,강원특별자치도 춘천시청,033-250-4043,2025-07-14
동산에머문정,일반가맹점,한식,강원특별자치도,춘천시,4181000,강원특별자치도 춘천시 후석로45번길 5 1층,033-262-9888,강원특별자치도 춘천시청,033-250-4043,2025-07-14
동신 냉삼집,일반가맹점,한식,강원특별자치도,춘천시,4181000,강원특별자치도 춘천시 삭주로 67 2층,033-252-7005,강원특별자치도 춘천시청,033-250-4043,2025-07-14
동원칼국수,일반가맹점,한식,강원특별자치도,춘천시,4181000,강원특별자치도춘천시 효자로 36 (효자동),033-254-8195,강원특별자치도 춘천시청,033-250-4043,2025-07-14
동이만두,일반가맹점,일반대중음식,강원특별자치도,춘천시,4181000,강원특별자치도춘천시 효제길 36 (효자동),033-255-3633,강원특별자치도 춘천시청,033-250-4043,2025-07-14
동이맛집,일반가맹점,한식,강원특별자치도,춘천시,4181000,강원특별자치도 춘천시 스무숲1길 46-6 .,033-262-5078,강원특별자치도 춘천시청,033-250-4043,2025-07-14
동춘관,일반가맹점,중식,강원특별자치도,춘천시,4181000,강원특별자치도춘천시 춘천로282번길 4 (후평동),033-254-2270,강원특별자치도 춘천시청,033-250-4043,2025-07-14
동춘돌곱창퇴계점,일반가맹점,한식,강원특별자치도,춘천시,4181000,"강원특별자치도춘천시 안마산로 115, 상가 A동 1층 A1-102호 103호 (퇴계동)",,강원특별자치도 춘천시청,033-250-4043,2025-07-14
동춘천농협김유정지점,주부식가맹점,농협(마트),강원특별자치도,춘천시,4181000,강원특별자치도춘천시 신동면 김유정로 1420,033-262-8904,강원특별자치도 춘천시청,033-250-4043,2025-07-14
동춘천농협동산지점,주부식가맹점,농협(마트),강원특별자치도,춘천시,4181000,강원특별자치도춘천시 동산면 영서로 416-5,033-261-2030,강원특별자치도 춘천시청,033-250-4043,2025-07-14
동춘천농협하나로마트 주차장,주부식가맹점,농협(기타),강원특별자치도,춘천시,4181000,강원특별자치도춘천시 동내면 공지로 80,033-264-1401,강원특별자치도 춘천시청,033-250-4043,2025-07-14
동춘천농협하나로마트사업소,주부식가맹점,농협(마트),강원특별자치도,춘천시,4181000,강원특별자치도춘천시 동내면 공지로 80,033-264-1401,강원특별자치도 춘천시청,033-250-4043,2025-07-14
동춘천농협하나로마트사업소 학곡점,주부식가맹점,농협(기타),강원특별자치도,춘천시,4181000,강원특별자치도춘천시 동내면 학곡동2길 17,033-264-1401,강원특별자치도 춘천시청,033-250-4043,2025-07-14
동춘횟집,일반가맹점,한식,강원특별자치도,춘천시,4181000,강원특별자치도춘천시 서면 삿갓봉길 29,033-244-1870,강원특별자치도 춘천시청,033-250-4043,2025-07-14
동태어장,일반가맹점,한식,강원특별자치도,춘천시,4181000,강원특별자치도 춘천시 충열로16번길 5-3 1층,033-254-8407,강원특별자치도 춘천시청,033-250-4043,2025-07-14
동하관,일반가맹점,한식,강원특별자치도,춘천시,4181000,강원특별자치도 춘천시 세실로 114-32 .,033-263-0924,강원특별자치도 춘천시청,033-250-4043,2025-07-14
동해곰치,일반가맹점,한식,강원특별자치도,춘천시,4181000,강원특별자치도 춘천시 동면 만천로 57 1층,033-252-2020,강원특별자치도 춘천시청,033-250-4043,2025-07-14
동해곰치석사점,일반가맹점,한식,강원특별자치도,춘천시,4181000,강원특별자치도춘천시 스무숲1길 4-9 (석사동),033-263-2066,강원특별자치도 춘천시청,033-250-4043,2025-07-14
동해막국수,일반가맹점,한식,강원특별자치도,춘천시,4181000,강원특별자치도 춘천시 신동면 정족길 194 1층,033-263-1237,강원특별자치도 춘천시청,033-250-4043,2025-07-14
동해어장,일반가맹점,일식,강원특별자치도,춘천시,4181000,"강원특별자치도춘천시 우묵길78번길 7, 1층 (퇴계동)",033-257-2090,강원특별자치도 춘천시청,033-250-4043,2025-07-14
동현각,일반가맹점,중식,강원특별자치도,춘천시,4181000,강원특별자치도춘천시 영서로 3152 (신동),033-243-8025,강원특별자치도 춘천시청,033-250-4043,2025-07-14
동화관,일반가맹점,한식,강원특별자치도,춘천시,4181000,강원특별자치도 춘천시 춘천로17번길 31 101호,033-255-0888,강원특별자치도 춘천시청,033-250-4043,2025-07-14
돼끼리,일반가맹점,한식,강원특별자치도,춘천시,4181000,"강원특별자치도춘천시 석사길 11, 1층 (석사동)",033-264-2557,강원특별자치도 춘천시청,033-250-4043,2025-07-14
돼랑숙성생고기,일반가맹점,한식,강원특별자치도,춘천시,4181000,"강원특별자치도춘천시 방송길 70, 117동 112호 (온의동, 온의롯데캐슬스카이클래스)",033-253-1132,강원특별자치도 춘천시청,033-250-4043,2025-07-14
돼생이,일반가맹점,한식,강원특별자치도,춘천시,4181000,강원특별자치도 춘천시 동면 춘천로449번길 14-1 1층,033-241-1392,강원특별자치도 춘천시청,033-250-4043,2025-07-14
돼지꿈,일반가맹점,한식,강원특별자치도,춘천시,4181000,강원특별자치도 춘천시 신흥길 13 1층,033-0332-5499,강원특별자치도 춘천시청,033-250-4043,2025-07-14
돼지놀이터,일반가맹점,일반대중음식,강원특별자치도,춘천시,4181000,"강원특별자치도 춘천시 서면 박사로 1194 1,2층",,강원특별자치도 춘천시청,033-250-4043,2025-07-14
돼지두마리,일반가맹점,한식,강원특별자치도,춘천시,4181000,강원특별자치도춘천시 대양당길 5 (후평동),033-256-1672,강원특별자치도 춘천시청,033-250-4043,2025-07-14
돼지만왕소금구이,일반가맹점,한식,강원특별자치도,춘천시,4181000,강원특별자치도 춘천시 퇴계로 71 1층 (퇴계동),033-244-9233,강원특별자치도 춘천시청,033-250-4043,2025-07-14
돼지바,일반가맹점,일반대중음식,강원특별자치도,춘천시,4181000,강원특별자치도 춘천시 동내면 외솔길19번길 56-20 1층,,강원특별자치도 춘천시청,033-250-4043,2025-07-14
돼지부속구이전문점,일반가맹점,한식,강원특별자치도,춘천시,4181000,강원특별자치도춘천시 춘천로 308 (후평동),033-256-1317,강원특별자치도 춘천시청,033-250-4043,2025-07-14
돼지야생갈비전문점,일반가맹점,한식,강원특별자치도,춘천시,4181000,강원특별자치도 춘천시 충열로16번길 21 1층,033-252-1182,강원특별자치도 춘천시청,033-250-4043,2025-07-14
돼지제작소,일반가맹점,한식,강원특별자치도,춘천시,4181000,강원특별자치도 춘천시 승지골길13번길 7-3 1층,,강원특별자치도 춘천시청,033-250-4043,2025-07-14
돼지집,일반가맹점,한식,강원특별자치도,춘천시,4181000,강원특별자치도 춘천시 춘천로 173 1층,033-253-9442,강원특별자치도 춘천시청,033-250-4043,2025-07-14
돼지한마리,일반가맹점,한식,강원특별자치도,춘천시,4181000,강원특별자치도춘천시 승지골길13번길 13 (퇴계동),033-263-9533,강원특별자치도 춘천시청,033-250-4043,2025-07-14
돼지한마리 우두점,일반가맹점,한식,강원특별자치도,춘천시,4181000,강원특별자치도 춘천시 충열로16번길 5-19 1층,033-256-5006,강원특별자치도 춘천시청,033-250-4043,2025-07-14
돼지한마리 일성점,일반가맹점,한식,강원특별자치도,춘천시,4181000,강원특별자치도 춘천시 우묵길78번길 5 1층(퇴계동),033-251-9291,강원특별자치도 춘천시청,033-250-4043,2025-07-14
돼지한마리(후평점),일반가맹점,한식,강원특별자치도,춘천시,4181000,강원특별자치도 춘천시 후석로326번길 12 2층(후평동),033-257-3895,강원특별자치도 춘천시청,033-250-4043,2025-07-14
돼학로,일반가맹점,한식,강원특별자치도,춘천시,4181000,강원특별자치도 춘천시 향교옆길 24 1층,033-251-8995,강원특별자치도 춘천시청,033-250-4043,2025-07-14
두가지딜리버리,일반가맹점,한식,강원특별자치도,춘천시,4181000,강원특별자치도춘천시 춘주로91번길 12 (온의동),033-241-0722,강원특별자치도 춘천시청,033-250-4043,2025-07-14
두거리우신탕춘천점,일반가맹점,한식,강원특별자치도,춘천시,4181000,강원특별자치도 춘천시 공지로 157-1 1층,070-8287-3354,강원특별자치도 춘천시청,033-250-4043,2025-07-14
두그루,일반가맹점,일반대중음식,강원특별자치도,춘천시,4181000,"강원특별자치도 춘천시 칠전동길 23 ,1층(칠전동)",,강원특별자치도 춘천시청,033-250-4043,2025-07-14
두꺼비돼지갈비,일반가맹점,한식,강원특별자치도,춘천시,4181000,강원특별자치도춘천시 퇴계로146번길 12-10 (퇴계동),033-244-1600,강원특별자치도 춘천시청,033-250-4043,2025-07-14
두꺼비식당,일반가맹점,한식,강원특별자치도,춘천시,4181000,강원특별자치도 춘천시 우석로67번길 11 1층(석사동),,강원특별자치도 춘천시청,033-250-4043,2025-07-14
두끼떡볶이 춘천명동점,일반가맹점,한식,강원특별자치도,춘천시,4181000,강원특별자치도 춘천시 중앙로67번길 3 2층 (중앙로2가),033-257-3320,강원특별자치도 춘천시청,033-250-4043,2025-07-14
두레박감자탕순대국,일반가맹점,한식,강원특별자치도,춘천시,4181000,강원특별자치도춘천시 춘주로 91 (온의동),033-243-9080,강원특별자치도 춘천시청,033-250-4043,2025-07-14
두리기갈매기살,일반가맹점,한식,강원특별자치도,춘천시,4181000,강원특별자치도 춘천시 스무숲1길 42 1층,033-253-3946,강원특별자치도 춘천시청,033-250-4043,2025-07-14
두메막국수,일반가맹점,한식,강원특별자치도,춘천시,4181000,강원특별자치도춘천시 신북읍 배후령길 48,033-241-2206,강원특별자치도 춘천시청,033-250-4043,2025-07-14
두바퀴쉼터,일반가맹점,일반대중음식,강원특별자치도,춘천시,4181000,강원특별자치도 춘천시 서면 박사로 914-14 1층,,강원특별자치도 춘천시청,033-250-4043,2025-07-14
두찜 춘천강원대점,일반가맹점,한식,강원특별자치도,춘천시,4181000,강원특별자치도 춘천시 서부대성로 228 3동 1층 (효자동),033-252-7890,강원특별자치도 춘천시청,033-250-4043,2025-07-14
두찜 춘천우두점,일반가맹점,한식,강원특별자치도,춘천시,4181000,강원특별자치도 춘천시 충열로 1-40 우두동,033-252-2221,강원특별자치도 춘천시청,033-250-4043,2025-07-14
두찜춘천후평점,일반가맹점,한식,강원특별자치도,춘천시,4181000,강원특별자치도 춘천시 후석로393번길 30-1 1층(후평동),033-252-0802,강원특별자치도 춘천시청,033-250-4043,2025-07-14
두찜퇴계점,일반가맹점,한식,강원특별자치도,춘천시,4181000,강원특별자치도 춘천시 춘주로201번길 17 1층(퇴계동),033-818-3355,강원특별자치도 춘천시청,033-250-4043,2025-07-14
두하닭갈비막국수,일반가맹점,한식,강원특별자치도,춘천시,4181000,강원특별자치도춘천시 스포츠타운길399번길 19 (삼천동),033-244-7601,강원특별자치도 춘천시청,033-250-4043,2025-07-14
두하막국수,일반가맹점,한식,강원특별자치도,춘천시,4181000,강원특별자치도춘천시 서부대성로 191-1 (효자동),033-256-8566,강원특별자치도 춘천시청,033-250-4043,2025-07-14
두향,일반가맹점,한식,강원특별자치도,춘천시,4181000,강원특별자치도춘천시 공지로317번길 4 (효자동),033-242-7277,강원특별자치도 춘천시청,033-250-4043,2025-07-14
둘둘치킨,일반가맹점,일반대중음식,강원특별자치도,춘천시,4181000,강원특별자치도 춘천시 퇴계로93번길 8 1층 106호,,강원특별자치도 춘천시청,033-250-4043,2025-07-14
둥근닭갈비막국수,일반가맹점,한식,강원특별자치도,춘천시,4181000,강원특별자치도춘천시 신샘밭로 99 (사농동),033-252-6366,강원특별자치도 춘천시청,033-250-4043,2025-07-14
둥이반점,일반가맹점,중식,강원특별자치도,춘천시,4181000,강원특별자치도 춘천시 동내면 순환대로 664 1층,033-263-0066,강원특별자치도 춘천시청,033-250-4043,2025-07-14
둥지식당,일반가맹점,한식,강원특별자치도,춘천시,4181000,강원특별자치도춘천시 운교동 183번지 동부현대상가 9호 10호,033-251-2811,강원특별자치도 춘천시청,033-250-4043,2025-07-14
둥지흑염소,일반가맹점,한식,강원특별자치도,춘천시,4181000,강원특별자치도춘천시 춘주로193번길 4 (퇴계동),033-257-4587,강원특별자치도 춘천시청,033-250-4043,2025-07-14
드래곤웍스,일반가맹점,중식,강원특별자치도,춘천시,4181000,강원특별자치도 춘천시 춘천로204번길 49 1층,,강원특별자치도 춘천시청,033-250-4043,2025-07-14
든든,일반가맹점,일반대중음식,강원특별자치도,춘천시,4181000,강원특별자치도 춘천시 애막골길3번길 18-1 1층,033-818-3181,강원특별자치도 춘천시청,033-250-4043,2025-07-14
든든돈가스앤드분식,일반가맹점,한식,강원특별자치도,춘천시,4181000,강원특별자치도 춘천시 춘천로 159 1층(운교동),033-242-2125,강원특별자치도 춘천시청,033-250-4043,2025-07-14
들꽃,일반가맹점,한식,강원특별자치도,춘천시,4181000,강원특별자치도 춘천시 효석로9번길 9 1층,,강원특별자치도 춘천시청,033-250-4043,2025-07-14
들꽃가든남춘천,일반가맹점,한식,강원특별자치도,춘천시,4181000,강원특별자치도 춘천시 남산면 김유정로 303 .,033-262-7730,강원특별자치도 춘천시청,033-250-4043,2025-07-14
등대,일반가맹점,일식,강원특별자치도,춘천시,4181000,강원특별자치도 춘천시 새롬공원길4번길 23 (석사동),033-262-7621,강원특별자치도 춘천시청,033-250-4043,2025-07-14
등선식당,일반가맹점,한식,강원특별자치도,춘천시,4181000,강원특별자치도춘천시 서면 덕두원리 산25 3리,033-261-1443,강원특별자치도 춘천시청,033-250-4043,2025-07-14
등촌샤브칼국수,일반가맹점,한식,강원특별자치도,춘천시,4181000,강원특별자치도춘천시 소양로3가 180-2 169-2,033-254-2594,강원특별자치도 춘천시청,033-250-4043,2025-07-14
디너부페,일반가맹점,한식,강원특별자치도,춘천시,4181000,강원특별자치도춘천시 스포츠타운길 487 (온의동),033-257-6633,강원특별자치도 춘천시청,033-250-4043,2025-07-14
디저트39 남춘천점,일반가맹점,일반대중음식,강원특별자치도,춘천시,4181000,강원특별자치도 춘천시 경춘로 2364 1층,033-241-3933,강원특별자치도 춘천시청,033-250-4043,2025-07-14
디저트39 춘천거두점,일반가맹점,패스트푸드,강원특별자치도,춘천시,4181000,강원특별자치도 춘천시 동내면 춘천순환로 133 1층 101호,033-262-0039,강원특별자치도 춘천시청,033-250-4043,2025-07-14
딜리버리프렌즈,일반가맹점,양식,강원특별자치도,춘천시,4181000,강원특별자치도 춘천시 삭주로 32 1층(교동),,강원특별자치도 춘천시청,033-250-4043,2025-07-14
딤섬하오,일반가맹점,중식,강원특별자치도,춘천시,4181000,강원특별자치도 춘천시 동내면 춘천순환로 131 1층오른쪽효,,강원특별자치도 춘천시청,033-250-4043,2025-07-14
딩고치킨,일반가맹점,일반대중음식,강원특별자치도,춘천시,4181000,강원특별자치도 춘천시 스무숲1길 36-10 1층 101호,033-262-7402,강원특별자치도 춘천시청,033-250-4043,2025-07-14
따뜻한 한끼,일반가맹점,한식,강원특별자치도,춘천시,4181000,강원특별자치도 춘천시 교동길 58 1층,033-256-0054,강원특별자치도 춘천시청,033-250-4043,2025-07-14
따봉마라탕,일반가맹점,중식,강원특별자치도,춘천시,4181000,강원특별자치도 춘천시 퇴계농공로 11 1층 102호,033-262-3888,강원특별자치도 춘천시청,033-250-4043,2025-07-14
따봉한우곱창(퇴계점),일반가맹점,한식,강원특별자치도,춘천시,4181000,강원특별자치도 춘천시 퇴계로 61-1 (퇴계동),,강원특별자치도 춘천시청,033-250-4043,2025-07-14
따봉한우곱창후평우미린점,일반가맹점,한식,강원특별자치도,춘천시,4181000,"강원특별자치도춘천시 보안길 92, 1층 (후평동)",033-242-9997,강원특별자치도 춘천시청,033-250-4043,2025-07-14
따봉한우곱창후평점,일반가맹점,한식,강원특별자치도,춘천시,4181000,강원특별자치도 춘천시 세실로208번길 7-4 후평동,033-252-9998,강원특별자치도 춘천시청,033-250-4043,2025-07-14
딱조아92막창,일반가맹점,한식,강원특별자치도,춘천시,4181000,"강원특별자치도춘천시 효자로 18, 1층 (퇴계동)",033-241-8892,강원특별자치도 춘천시청,033-250-4043,2025-07-14
딱좋아92막창,일반가맹점,한식,강원특별자치도,춘천시,4181000,강원특별자치도춘천시 동면 만천로 261,,강원특별자치도 춘천시청,033-250-4043,2025-07-14
땅스부대찌개우두점,일반가맹점,일반대중음식,강원특별자치도,춘천시,4181000,강원특별자치도 춘천시 영서로 2786 1층(우두동),,강원특별자치도 춘천시청,033-250-4043,2025-07-14
땅스부대찌개퇴계점,일반가맹점,식품류제조업,강원특별자치도,춘천시,4181000,강원특별자치도 춘천시 김유정로 1864 301동101호(퇴계동.세영리첼단지내상가),,강원특별자치도 춘천시청,033-250-4043,2025-07-14
땡촌닭발,일반가맹점,한식,강원특별자치도,춘천시,4181000,강원특별자치도춘천시 삭주로 128 (후평동),033-242-3221,강원특별자치도 춘천시청,033-250-4043,2025-07-14
땡촌닭발(근화온의점),일반가맹점,한식,강원특별자치도,춘천시,4181000,강원특별자치도춘천시 근화동 291-14번지 외2필지,033-255-3225,강원특별자치도 춘천시청,033-250-4043,2025-07-14
땡촌닭발애막골점,일반가맹점,일반대중음식,강원특별자치도,춘천시,4181000,강원특별자치도 춘천시 우석로79번길 16-19 1층,033-252-3220,강원특별자치도 춘천시청,033-250-4043,2025-07-14
땡촌닭발우두점,일반가맹점,한식,강원특별자치도,춘천시,4181000,강원특별자치도춘천시 충열로16번길 14-1 (우두동),033-255-3221,강원특별자치도 춘천시청,033-250-4043,2025-07-14
떡볶이참잘하는집 떡참 춘천후평점,일반가맹점,한식,강원특별자치도,춘천시,4181000,강원특별자치도 춘천시 춘천로 265 .,033-254-8245,강원특별자치도 춘천시청,033-250-4043,2025-07-14
떡볶이참잘하는집 떡참 춘천후평점,일반가맹점,한식,강원특별자치도,춘천시,4181000,강원특별자치도 춘천시 춘천로 265 .,033-254-8245,강원특별자치도 춘천시청,033-250-4043,2025-07-14
떡사랑떡방,일반가맹점,제과점,강원특별자치도,춘천시,4181000,강원특별자치도춘천시 춘천로296번길 4 (후평동),033-241-1719,강원특별자치도 춘천시청,033-250-4043,2025-07-14
떡애정,일반가맹점,제과점,강원특별자치도,춘천시,4181000,"강원특별자치도춘천시 지석로 80, 152호 (퇴계동)",070-8252-1880,강원특별자치도 춘천시청,033-250-4043,2025-07-14
또또아스넥,일반가맹점,일반대중음식,강원특별자치도,춘천시,4181000,강원특별자치도춘천시 죽림동 159-3번지,033-251-3374,강원특별자치도 춘천시청,033-250-4043,2025-07-14
또래오래 장학후평점,일반가맹점,일반대중음식,강원특별자치도,춘천시,4181000,강원특별자치도 춘천시 삭주로205번길 2 103호,033-254-9289,강원특별자치도 춘천시청,033-250-4043,2025-07-14
또래오래 춘천사북점,일반가맹점,일반대중음식,강원특별자치도,춘천시,4181000,강원특별자치도 춘천시 사북면 영서로 4797-1 1층,033-243-1057,강원특별자치도 춘천시청,033-250-4043,2025-07-14
또래오래춘천강북점,일반가맹점,일반대중음식,강원특별자치도,춘천시,4181000,강원특별자치도 춘천시 새청말길 26 상가동 1층 102호,033-252-9289,강원특별자치도 춘천시청,033-250-4043,2025-07-14
또래오래치킨 강촌점,일반가맹점,일반대중음식,강원특별자치도,춘천시,4181000,"강원특별자치도 춘천시 남산면 강촌로 121 ,1층",033-261-3002,강원특별자치도 춘천시청,033-250-4043,2025-07-14
또래오래퇴계온의점,일반가맹점,일반대중음식,강원특별자치도,춘천시,4181000,강원특별자치도 춘천시 퇴계로 129-17 1층(퇴계동),033-262-7008,강원특별자치도 춘천시청,033-250-4043,2025-07-14
또바기,일반가맹점,한식,강원특별자치도,춘천시,4181000,강원특별자치도 춘천시 퇴계로 47 1층,033-242-0092,강원특별자치도 춘천시청,033-250-4043,2025-07-14
또보기목장,일반가맹점,한식,강원특별자치도,춘천시,4181000,"강원특별자치도춘천시 새롬공원길5번길 25, 1층 (석사동)",033-264-7750,강원특별자치도 춘천시청,033-250-4043,2025-07-14
또봉이통닭,일반가맹점,일반대중음식,강원특별자치도,춘천시,4181000,강원특별자치도 춘천시 영서로 2319 금호3차아파트 상가동 101호,031-251-1120,강원특별자치도 춘천시청,033-250-4043,2025-07-14
또봉이통닭거두점,일반가맹점,일반대중음식,강원특별자치도,춘천시,4181000,강원특별자치도 춘천시 동내면 거두택지길4번길 11-20 1층,033-261-1123,강원특별자치도 춘천시청,033-250-4043,2025-07-14
또봉이통닭후평점,일반가맹점,일반대중음식,강원특별자치도,춘천시,4181000,강원특별자치도춘천시 삭주로 130 (후평동),033-252-0212,강원특별자치도 춘천시청,033-250-4043,2025-07-14
또순네,일반가맹점,한식,강원특별자치도,춘천시,4181000,"강원특별자치도춘천시 충열로16번길 14-1, 1층 (우두동)",033-253-0535,강원특별자치도 춘천시청,033-250-4043,2025-07-14
또올래 분식,일반가맹점,한식,강원특별자치도,춘천시,4181000,강원특별자치도 춘천시 안마산로 216 1층 1호,,강원특별자치도 춘천시청,033-250-4043,2025-07-14
뚜레,일반가맹점,한식,강원특별자치도,춘천시,4181000,강원특별자치도 춘천시 동내면 순환대로 643 .,033-262-8838,강원특별자치도 춘천시청,033-250-4043,2025-07-14
뚜레쥬르 (남춘천점),일반가맹점,제과점,강원특별자치도,춘천시,4181000,강원특별자치도 춘천시 행촌로 27 1층(퇴계동),033-244-0069,강원특별자치도 춘천시청,033-250-4043,2025-07-14
뚜레쥬르 강북점,일반가맹점,제과점,강원특별자치도,춘천시,4181000,"강원특별자치도 춘천시 사우4길 36 1층(사농동,벨몽드강북점내)",033-258-5086,강원특별자치도 춘천시청,033-250-4043,2025-07-14
뚜레쥬르 춘천장학점,일반가맹점,제과점,강원특별자치도,춘천시,4181000,강원특별자치도 춘천시 동면 춘천순환로 613 1층101~102호,033-242-7999,강원특별자치도 춘천시청,033-250-4043,2025-07-14
뚜레쥬르 춘천한숲씨티점,일반가맹점,제과점,강원특별자치도,춘천시,4181000,"강원특별자치도 춘천시 안마산로 115 A2동 1층 101,102호(퇴계동,e편한세상춘천한숲시티상가)",033-911-7337,강원특별자치도 춘천시청,033-250-4043,2025-07-14
뚜레쥬르 춘천후평점,일반가맹점,제과점,강원특별자치도,춘천시,4181000,강원특별자치도 춘천시 후석로 312 1층,,강원특별자치도 춘천시청,033-250-4043,2025-07-14
뚜레쥬르 퇴계중앙점,일반가맹점,제과점,강원특별자치도,춘천시,4181000,강원특별자치도 춘천시 퇴계로 146 1층(퇴계동),033-255-4500,강원특별자치도 춘천시청,033-250-4043,2025-07-14
뚜레쥬르 효자점,일반가맹점,제과점,강원특별자치도,춘천시,4181000,강원특별자치도 춘천시 공지로 240 1층(효자동),033-264-5407,강원특별자치도 춘천시청,033-250-4043,2025-07-14
뚜레쥬르(한림대점),일반가맹점,제과점,강원특별자치도,춘천시,4181000,강원특별자치도춘천시 삭주로 76 (교동),033-242-0908,강원특별자치도 춘천시청,033-250-4043,2025-07-14
뚝방집,일반가맹점,일반대중음식,강원특별자치도,춘천시,4181000,강원특별자치도 춘천시 신흥길5번길 8-8 1층,,강원특별자치도 춘천시청,033-250-4043,2025-07-14
뚝배기마을,일반가맹점,한식,강원특별자치도,춘천시,4181000,"강원특별자치도춘천시 중앙로1가 지하상가다열 49,50호",033-255-5455,강원특별자치도 춘천시청,033-250-4043,2025-07-14
뚱땡이 쪽갈비,일반가맹점,한식,강원특별자치도,춘천시,4181000,"강원특별자치도춘천시 후석로186번길 30-11, 1층 (석사동)",,강원특별자치도 춘천시청,033-250-4043,2025-07-14
뚱땡이버거,일반가맹점,패스트푸드,강원특별자치도,춘천시,4181000,강원특별자치도 춘천시 춘천로 176 1층(운교동),033-241-2711,강원특별자치도 춘천시청,033-250-4043,2025-07-14
뚱보집춘천점,일반가맹점,한식,강원특별자치도,춘천시,4181000,강원특별자치도 춘천시 우묵길52번길 11 (퇴계동),,강원특별자치도 춘천시청,033-250-4043,2025-07-14
뚱이수육국밥,일반가맹점,한식,강원특별자치도,춘천시,4181000,강원특별자치도춘천시 애막골길3번길 32 (석사동),033-263-3888,강원특별자치도 춘천시청,033-250-4043,2025-07-14
뚱자국밥,일반가맹점,한식,강원특별자치도,춘천시,4181000,강원특별자치도 춘천시 효평길 100 (후평동),033-243-7770,강원특별자치도 춘천시청,033-250-4043,2025-07-14
뜰마루,일반가맹점,한식,강원특별자치도,춘천시,4181000,강원특별자치도 춘천시 남산면 김유정로 1 1층,,강원특별자치도 춘천시청,033-250-4043,2025-07-14
라라돈까스랜드,일반가맹점,양식,강원특별자치도,춘천시,4181000,"강원특별자치도춘천시 충혼길18번길 10, (퇴계동)",033-251-0702,강원특별자치도 춘천시청,033-250-4043,2025-07-14
라라랜드,일반가맹점,한식,강원특별자치도,춘천시,4181000,강원특별자치도 춘천시 서부대성로 218 2층,,강원특별자치도 춘천시청,033-250-4043,2025-07-14
라라브레드 춘천명동점,일반가맹점,일반대중음식,강원특별자치도,춘천시,4181000,강원특별자치도 춘천시 명동길 2 2층,,강원특별자치도 춘천시청,033-250-4043,2025-07-14
라면먹고갈래?,일반가맹점,일반대중음식,강원특별자치도,춘천시,4181000,강원특별자치도 춘천시 백령로 19 1층,033-255-1119,강원특별자치도 춘천시청,033-250-4043,2025-07-14
라모스,일반가맹점,양식,강원특별자치도,춘천시,4181000,강원특별자치도춘천시 옛경춘로 835 (삼천동),033-252-0006,강원특별자치도 춘천시청,033-250-4043,2025-07-14
라사천,일반가맹점,중식,강원특별자치도,춘천시,4181000,강원특별자치도 춘천시 효자로 115 1층,033-255-8238,강원특별자치도 춘천시청,033-250-4043,2025-07-14
라온스시,일반가맹점,일식,강원특별자치도,춘천시,4181000,"강원특별자치도춘천시 애막골길11번길 23, 1층 (석사동)",033-911-7993,강원특별자치도 춘천시청,033-250-4043,2025-07-14
라이라이스 춘천점,일반가맹점,한식,강원특별자치도,춘천시,4181000,강원특별자치도 춘천시 춘천로 230 1층,,강원특별자치도 춘천시청,033-250-4043,2025-07-14
라타르타(LATarta),일반가맹점,일반대중음식,강원특별자치도,춘천시,4181000,강원특별자치도 춘천시 동면 순환대로 1154-53 1층,033-253-3420,강원특별자치도 춘천시청,033-250-4043,2025-07-14
라화쿵푸 춘천점,일반가맹점,일반대중음식,강원특별자치도,춘천시,4181000,"강원특별자치도 춘천시 명동길 12 ,2층 (중앙로2가)",070-7740-0999,강원특별자치도 춘천시청,033-250-4043,2025-07-14
란,일반가맹점,중식,강원특별자치도,춘천시,4181000,강원특별자치도춘천시 동내면 춘천순환로 135,033-264-5528,강원특별자치도 춘천시청,033-250-4043,2025-07-14
람스테이블,일반가맹점,일반대중음식,강원특별자치도,춘천시,4181000,강원특별자치도 춘천시 동면 서부대성로 441-2 1층,,강원특별자치도 춘천시청,033-250-4043,2025-07-14
람지샌드,일반가맹점,일반대중음식,강원특별자치도,춘천시,4181000,강원특별자치도 춘천시 우석로4번길 15-1 1층 101호,,강원특별자치도 춘천시청,033-250-4043,2025-07-14
램스테이블,일반가맹점,한식,강원특별자치도,춘천시,4181000,강원특별자치도 춘천시 국사봉길 102 1츤,033-244-9299,강원특별자치도 춘천시청,033-250-4043,2025-07-14
러브미케이크(Love Me Cake),일반가맹점,일반대중음식,강원특별자치도,춘천시,4181000,"강원특별자치도 춘천시 지석로 74-11 1층 D06,D13호(퇴계동, 퇴계시장형상가)",,강원특별자치도 춘천시청,033-250-4043,2025-07-14
러브존레스토랑,일반가맹점,양식,강원특별자치도,춘천시,4181000,"강원특별자치도춘천시 수변공원길 45, 안보회관 (삼천동)",033-261-3585,강원특별자치도 춘천시청,033-250-4043,2025-07-14
러브후루,일반가맹점,일반대중음식,강원특별자치도,춘천시,4181000,강원특별자치도 춘천시 후석로186번길 26 1층,033-263-0809,강원특별자치도 춘천시청,033-250-4043,2025-07-14
러스틱문(rusticmoon),일반가맹점,일반대중음식,강원특별자치도,춘천시,4181000,강원특별자치도 춘천시 남면 충효로 915 1층,033-262-0915,강원특별자치도 춘천시청,033-250-4043,2025-07-14
러스틱컴포트,일반가맹점,일반대중음식,강원특별자치도,춘천시,4181000,강원특별자치도 춘천시 후석로186번길 24-1 1층 석사동,033-262-9280,강원특별자치도 춘천시청,033-250-4043,2025-07-14
러스틱컴포트본점,일반가맹점,일반대중음식,강원특별자치도,춘천시,4181000,강원특별자치도 춘천시 후석로186번길 24-1 1층,,강원특별자치도 춘천시청,033-250-4043,2025-07-14
럭키 베이글,일반가맹점,제과점,강원특별자치도,춘천시,4181000,강원특별자치도 춘천시 효석로135번길 22 1층 104호,,강원특별자치도 춘천시청,033-250-4043,2025-07-14
레미니센스(reminiscence),일반가맹점,일반대중음식,강원특별자치도,춘천시,4181000,"강원특별자치도 춘천시 신북읍 신샘밭로 702 , 2층",033-242-0522,강원특별자치도 춘천시청,033-250-4043,2025-07-14
레스토랑수(restorant soo),일반가맹점,한식,강원특별자치도,춘천시,4181000,강원특별자치도 춘천시 효자로 60 1층(효자동),033-244-8887,강원특별자치도 춘천시청,033-250-4043,2025-07-14
레스트 앤의 사계절,일반가맹점,일반대중음식,강원특별자치도,춘천시,4181000,강원특별자치도 춘천시 스무숲2길 6 지층 우측(석사동),,강원특별자치도 춘천시청,033-250-4043,2025-07-14
레오의 숲,일반가맹점,일반대중음식,강원특별자치도,춘천시,4181000,"강원특별자치도 춘천시 서면 당숲안길 139-1 주1동 , 부1동",033-818-8800,강원특별자치도 춘천시청,033-250-4043,2025-07-14
레이아웃,일반가맹점,일반대중음식,강원특별자치도,춘천시,4181000,강원특별자치도 춘천시 중앙로 140 A동 1층,,강원특별자치도 춘천시청,033-250-4043,2025-07-14
레이지타임,일반가맹점,일반대중음식,강원특별자치도,춘천시,4181000,강원특별자치도 춘천시 충혼길 10 1층 (퇴계동),,강원특별자치도 춘천시청,033-250-4043,2025-07-14
려,일반가맹점,중식,강원특별자치도,춘천시,4181000,강원특별자치도춘천시 동면 순환대로 1154-64,033-252-2001,강원특별자치도 춘천시청,033-250-4043,2025-07-14
려블랙,일반가맹점,중식,강원특별자치도,춘천시,4181000,강원특별자치도 춘천시 서부대성로48번길 20 1층(요선동),,강원특별자치도 춘천시청,033-250-4043,2025-07-14
로그인편의점 춘천송암스포츠타운점,편의점,편의점,강원특별자치도,춘천시,4181000,강원특별자치도춘천시 스포츠타운길 91 (송암동),070-8860-8212,강원특별자치도 춘천시청,033-250-4043,2025-07-14
로뎀푸드,일반가맹점,일반대중음식,강원특별자치도,춘천시,4181000,"강원특별자치도춘천시 효석로89번길 32, 1층 103호 (석사동)",,강원특별자치도 춘천시청,033-250-4043,2025-07-14
로또수산,일반가맹점,일반대중음식,강원특별자치도,춘천시,4181000,"강원특별자치도 춘천시 행촌로 55-2 , 1층",033-254-7775,강원특별자치도 춘천시청,033-250-4043,2025-07-14
로즈드마이,일반가맹점,식품잡화,강원특별자치도,춘천시,4181000,강원특별자치도 춘천시 춘천로138번길 9 1층 1호,033-256-4561,강원특별자치도 춘천시청,033-250-4043,2025-07-14
로케스토리,일반가맹점,일반대중음식,강원특별자치도,춘천시,4181000,강원특별자치도 춘천시 중앙로 128 1층,,강원특별자치도 춘천시청,033-250-4043,2025-07-14
롤링파스타춘천명동점,일반가맹점,양식,강원특별자치도,춘천시,4181000,강원특별자치도 춘천시 명동길 2-1 2층(중앙로2가),033-253-3334,강원특별자치도 춘천시청,033-250-4043,2025-07-14
롤스푸드,일반가맹점,일반대중음식,강원특별자치도,춘천시,4181000,강원특별자치도 춘천시 동면 만천양지길 33 1층 101호,033-241-6699,강원특별자치도 춘천시청,033-250-4043,2025-07-14
롭앤로비나(LOB&ROBINA),일반가맹점,일반대중음식,강원특별자치도,춘천시,4181000,강원특별자치도 춘천시 동내면 외솔길19번길 80-32 301호,070-1348-2428,강원특별자치도 춘천시청,033-250-4043,2025-07-14
롯데리아강대점,일반가맹점,일반대중음식,강원특별자치도,춘천시,4181000,강원특별자치도춘천시 서부대성로 243 (효자동),033-257-2455,강원특별자치도 춘천시청,033-250-4043,2025-07-14
롯데리아우두점,일반가맹점,패스트푸드,강원특별자치도,춘천시,4181000,"강원특별자치도 춘천시 충열로 39 1층 (우두동, A동)",033-241-5258,강원특별자치도 춘천시청,033-250-4043,2025-07-14
롯데리아춘천온의점,일반가맹점,패스트푸드,강원특별자치도,춘천시,4181000,"강원특별자치도 춘천시 방송길 94-7 , 1층",033-244-5258,강원특별자치도 춘천시청,033-250-4043,2025-07-14
롯데리아춘천장학점,일반가맹점,패스트푸드,강원특별자치도,춘천시,4181000,"강원특별자치도 춘천시 동면 춘천순환로 600 ,1층",033-257-5258,강원특별자치도 춘천시청,033-250-4043,2025-07-14
롯데마트 춘천점,주부식가맹점,할인점/슈퍼마켓,강원특별자치도,춘천시,4181000,강원특별자치도춘천시 온의동 6번지,033-240-2528,강원특별자치도 춘천시청,033-250-4043,2025-07-14
롯데마트석사점,주부식가맹점,할인점/슈퍼마켓,강원특별자치도,춘천시,4181000,강원특별자치도춘천시 석사동 27번지,033-260-7718,강원특별자치도 춘천시청,033-250-4043,2025-07-14
롯데자율식당,일반가맹점,한식,강원특별자치도,춘천시,4181000,강원특별자치도 춘천시 공지로 387 지하층,033-252-5955,강원특별자치도 춘천시청,033-250-4043,2025-07-14
롱구28,일반가맹점,일반대중음식,강원특별자치도,춘천시,4181000,강원특별자치도 춘천시 공지로 210 1층(효자동),070-8691-2928,강원특별자치도 춘천시청,033-250-4043,2025-07-14
룡,일반가맹점,일식,강원특별자치도,춘천시,4181000,강원특별자치도 춘천시 남춘로26번길 16 104호,033-264-0264,강원특별자치도 춘천시청,033-250-4043,2025-07-14
룡의부활,일반가맹점,중식,강원특별자치도,춘천시,4181000,강원특별자치도춘천시 삭주로70번길 26 (교동),033-264-8252,강원특별자치도 춘천시청,033-250-4043,2025-07-14
루,일반가맹점,양식,강원특별자치도,춘천시,4181000,"강원특별자치도춘천시 동면 춘천순환로 709, 1동 1층",070-8811-3355,강원특별자치도 춘천시청,033-250-4043,2025-07-14
루앤루,일반가맹점,중식,강원특별자치도,춘천시,4181000,"강원특별자치도춘천시 우석로85번길 20-8, 1동 (석사동)",033-263-5991,강원특별자치도 춘천시청,033-250-4043,2025-07-14
룽타우,일반가맹점,중식,강원특별자치도,춘천시,4181000,강원특별자치도 춘천시 효제길 1 1층(효자동),033-255-1321,강원특별자치도 춘천시청,033-250-4043,2025-07-14
룽타우 객잔,일반가맹점,중식,강원특별자치도,춘천시,4181000,강원특별자치도 춘천시 스포츠타운길 519 1층,033-242-1321,강원특별자치도 춘천시청,033-250-4043,2025-07-14
룽타우객잔,일반가맹점,중식,강원특별자치도,춘천시,4181000,강원특별자치도춘천시 후석로 11-4 (석사동),033-262-1321,강원특별자치도 춘천시청,033-250-4043,2025-07-14
룽타우객잔후평점,일반가맹점,중식,강원특별자치도,춘천시,4181000,강원특별자치도춘천시 춘천로 349-2 (후평동),033-253-8399,강원특별자치도 춘천시청,033-250-4043,2025-07-14
륜하,일반가맹점,중식,강원특별자치도,춘천시,4181000,강원특별자치도춘천시 동산면 영서로 416-5,033-264-9798,강원특별자치도 춘천시청,033-250-4043,2025-07-14
륭도객잔,일반가맹점,중식,강원특별자치도,춘천시,4181000,강원특별자치도 춘천시 이디오피아길 7 (근화동),,강원특별자치도 춘천시청,033-250-4043,2025-07-14
륭림닭발,일반가맹점,한식,강원특별자치도,춘천시,4181000,"강원특별자치도춘천시 스무숲1길 38-12, 1층 (석사동)",033-252-6248,강원특별자치도 춘천시청,033-250-4043,2025-07-14
륭림닭발,일반가맹점,한식,강원특별자치도,춘천시,4181000,"강원특별자치도춘천시 소양고개길 49-1, 1층 (요선동)",033-252-2939,강원특별자치도 춘천시청,033-250-4043,2025-07-14
륭림닭발1호점,일반가맹점,한식,강원특별자치도,춘천시,4181000,강원특별자치도 춘천시 서부대성로 212 3동 1호,033-242-1814,강원특별자치도 춘천시청,033-250-4043,2025-07-14
르방베이커리,일반가맹점,제과점,강원특별자치도,춘천시,4181000,"강원특별자치도춘천시 후석로 248, 춘성할인마트 내 (후평동)",033-242-4885,강원특별자치도 춘천시청,033-250-4043,2025-07-14
르포렘,일반가맹점,일반대중음식,강원특별자치도,춘천시,4181000,강원특별자치도 춘천시 새롬공원길5번길 6 1층,,강원특별자치도 춘천시청,033-250-4043,2025-07-14
리네,일반가맹점,일식,강원특별자치도,춘천시,4181000,강원특별자치도 춘천시 백령로 126 2동 지하층,033-251-6842,강원특별자치도 춘천시청,033-250-4043,2025-07-14
리뜨,일반가맹점,일반대중음식,강원특별자치도,춘천시,4181000,강원특별자치도 춘천시 약사길 8-2 103 104호,,강원특별자치도 춘천시청,033-250-4043,2025-07-14
리버,일반가맹점,일반대중음식,강원특별자치도,춘천시,4181000,"강원특별자치도춘천시 행촌로 34, (퇴계동)",033-254-7060,강원특별자치도 춘천시청,033-250-4043,2025-07-14
리버레인,일반가맹점,일반대중음식,강원특별자치도,춘천시,4181000,강원특별자치도 춘천시 영서로 2529-47 .,,강원특별자치도 춘천시청,033-250-4043,2025-07-14
리얼전,일반가맹점,한식,강원특별자치도,춘천시,4181000,강원특별자치도춘천시 석사동 734-7,033-263-0862,강원특별자치도 춘천시청,033-250-4043,2025-07-14
리얼푸드,일반가맹점,한식,강원특별자치도,춘천시,4181000,강원특별자치도 춘천시 후석로379번길 55 1층,033-251-7789,강원특별자치도 춘천시청,033-250-4043,2025-07-14
리틀하노이 춘천후평점,일반가맹점,일반대중음식,강원특별자치도,춘천시,4181000,강원특별자치도 춘천시 보안길 62 .,033-256-1638,강원특별자치도 춘천시청,033-250-4043,2025-07-14
리퍼블릭,일반가맹점,일반대중음식,강원특별자치도,춘천시,4181000,강원특별자치도 춘천시 동면 춘천순환로 330 .,033-252-7733,강원특별자치도 춘천시청,033-250-4043,2025-07-14
리프(leaf),일반가맹점,일반대중음식,강원특별자치도,춘천시,4181000,강원특별자치도 춘천시 춘천로255번길 7 (효자동),,강원특별자치도 춘천시청,033-250-4043,2025-07-14
림스치킨,일반가맹점,일반대중음식,강원특별자치도,춘천시,4181000,강원특별자치도춘천시 후석로 251-1 (후평동),033-241-6471,강원특별자치도 춘천시청,033-250-4043,2025-07-14
림스치킨 만천점,일반가맹점,일반대중음식,강원특별자치도,춘천시,4181000,강원특별자치도 춘천시 만천로 231 1층,033-254-0231,강원특별자치도 춘천시청,033-250-4043,2025-07-14
마구로 강,일반가맹점,일식,강원특별자치도,춘천시,4181000,"강원특별자치도춘천시 후석로 120, 204호 (석사동)",033-262-1879,강원특별자치도 춘천시청,033-250-4043,2025-07-14
마구로참치,일반가맹점,일식,강원특별자치도,춘천시,4181000,강원특별자치도춘천시 후평3동 701-8번지 엠타워 306호,033-256-1879,강원특별자치도 춘천시청,033-250-4043,2025-07-14
마내,일반가맹점,한식,강원특별자치도,춘천시,4181000,강원특별자치도춘천시 자라우길 7-44 (칠전동),033-252-4178,강원특별자치도 춘천시청,033-250-4043,2025-07-14
마님,일반가맹점,한식,강원특별자치도,춘천시,4181000,"강원특별자치도춘천시 영서로 2352-20, 12-88호 춘천풍물시장 (온의동)",033-255-6028,강원특별자치도 춘천시청,033-250-4043,2025-07-14
마당,일반가맹점,한식,강원특별자치도,춘천시,4181000,"강원특별자치도춘천시 스무숲1길 4-6, 1층 (석사동)",033-264-7702,강원특별자치도 춘천시청,033-250-4043,2025-07-14
마당골,일반가맹점,한식,강원특별자치도,춘천시,4181000,강원특별자치도춘천시 서면 덕두원길 150-1,033-243-7373,강원특별자치도 춘천시청,033-250-4043,2025-07-14
마당육전막국수,일반가맹점,한식,강원특별자치도,춘천시,4181000,강원특별자치도 춘천시 남산면 햇골길 1-22 .,,강원특별자치도 춘천시청,033-250-4043,2025-07-14
마드레(Madre),일반가맹점,양식,강원특별자치도,춘천시,4181000,강원특별자치도춘천시 동내면 외솔길19번길 49-28 102,033-263-1188,강원특별자치도 춘천시청,033-250-4043,2025-07-14
마들렌12(Madeleine twelve),일반가맹점,일반대중음식,강원특별자치도,춘천시,4181000,강원특별자치도 춘천시 우석로4번길 5 1층,,강원특별자치도 춘천시청,033-250-4043,2025-07-14
마들렌과자점,일반가맹점,제과점,강원특별자치도,춘천시,4181000,"강원특별자치도춘천시 충열로 39, B-122 (우두동)",033-243-0880,강원특별자치도 춘천시청,033-250-4043,2025-07-14
마라쿵푸,일반가맹점,중식,강원특별자치도,춘천시,4181000,강원특별자치도 춘천시 방송길 100 2층,033-257-5027,강원특별자치도 춘천시청,033-250-4043,2025-07-14
마라킹,일반가맹점,중식,강원특별자치도,춘천시,4181000,강원특별자치도 춘천시 효석로9번길 18 102호,033-262-9666,강원특별자치도 춘천시청,033-250-4043,2025-07-14
마라홀릭마라탕 퇴계석사점,일반가맹점,일반대중음식,강원특별자치도,춘천시,4181000,강원특별자치도 춘천시 퇴계농공로 22 112호,,강원특별자치도 춘천시청,033-250-4043,2025-07-14
마라홀릭마라탕후평점,일반가맹점,중식,강원특별자치도,춘천시,4181000,강원특별자치도 춘천시 후석로 299 1층,,강원특별자치도 춘천시청,033-250-4043,2025-07-14
마루일식,일반가맹점,일식,강원특별자치도,춘천시,4181000,강원특별자치도 춘천시 스무숲길 1 6층(석사동),033-263-1125,강원특별자치도 춘천시청,033-250-4043,2025-07-14
마루참치,일반가맹점,한식,강원특별자치도,춘천시,4181000,"강원특별자치도춘천시 행촌로 42, 1층 (퇴계동)",033-251-0220,강원특별자치도 춘천시청,033-250-4043,2025-07-14
마리나휴계음식점,일반가맹점,일반대중음식,강원특별자치도,춘천시,4181000,"강원특별자치도 춘천시 남산면 북한강변길 142 ,",033-264-5778,강원특별자치도 춘천시청,033-250-4043,2025-07-14
마마상,일반가맹점,한식,강원특별자치도,춘천시,4181000,강원특별자치도 춘천시 세실로 188-1 1층,,강원특별자치도 춘천시청,033-250-4043,2025-07-14
마미쿡(퇴계점),일반가맹점,패스트푸드,강원특별자치도,춘천시,4181000,강원특별자치도 춘천시 춘주로 162 상가동107호,033-242-9298,강원특별자치도 춘천시청,033-250-4043,2025-07-14
마산집,일반가맹점,한식,강원특별자치도,춘천시,4181000,강원특별자치도춘천시 동면 후만로 170,033-253-0712,강원특별자치도 춘천시청,033-250-4043,2025-07-14
마선생 마약국밥 춘천점,일반가맹점,한식,강원특별자치도,춘천시,4181000,"강원특별자치도 춘천시 효자로 57 , 1층",033-252-9888,강원특별자치도 춘천시청,033-250-4043,2025-07-14
마선생마약국밥춘천시청점,일반가맹점,한식,강원특별자치도,춘천시,4181000,강원특별자치도 춘천시 서부대성로48번길 2 1층,070-4369-1300,강원특별자치도 춘천시청,033-250-4043,2025-07-14
마왕족발 춘천우두점,일반가맹점,일반대중음식,강원특별자치도,춘천시,4181000,강원특별자치도 춘천시 충열로16번길 6 (우두동),,강원특별자치도 춘천시청,033-250-4043,2025-07-14
마왕족발 후평점,일반가맹점,한식,강원특별자치도,춘천시,4181000,강원특별자치도 춘천시 부안길 28 1층,033-254-5892,강원특별자치도 춘천시청,033-250-4043,2025-07-14
마왕족발퇴계점,일반가맹점,한식,강원특별자치도,춘천시,4181000,"강원특별자치도춘천시 안마산로 114, 1층 104호 (퇴계동)",033-255-5892,강원특별자치도 춘천시청,033-250-4043,2025-07-14
마을집,일반가맹점,한식,강원특별자치도,춘천시,4181000,강원특별자치도춘천시 성심로 64 (효자동),033-257-7433,강원특별자치도 춘천시청,033-250-4043,2025-07-14
마을회관,일반가맹점,일식,강원특별자치도,춘천시,4181000,강원특별자치도 춘천시 후석로344번길 3 마을회관,070-1470-8918,강원특별자치도 춘천시청,033-250-4043,2025-07-14
마인드치킨,일반가맹점,일반대중음식,강원특별자치도,춘천시,4181000,"강원특별자치도춘천시 남산면 한치로 89,",033-262-4857,강원특별자치도 춘천시청,033-250-4043,2025-07-14
마일스비치,일반가맹점,일반대중음식,강원특별자치도,춘천시,4181000,강원특별자치도 춘천시 남산면 강촌로 67 1층,,강원특별자치도 춘천시청,033-250-4043,2025-07-14
마장동,일반가맹점,한식,강원특별자치도,춘천시,4181000,"강원특별자치도춘천시 중앙로 160, 1층 (근화동)",033-255-0546,강원특별자치도 춘천시청,033-250-4043,2025-07-14
마장동고기집,일반가맹점,한식,강원특별자치도,춘천시,4181000,강원특별자치도 춘천시 동면 금옥길 162 1층,033-241-7780,강원특별자치도 춘천시청,033-250-4043,2025-07-14
마장동삼대고깃집,일반가맹점,한식,강원특별자치도,춘천시,4181000,강원특별자치도 춘천시 남춘로 22 2층,033-264-1000,강원특별자치도 춘천시청,033-250-4043,2025-07-14
마적산손두부,일반가맹점,한식,강원특별자치도,춘천시,4181000,강원특별자치도 춘천시 신북읍 상천3길 56 1층,033-241-4014,강원특별자치도 춘천시청,033-250-4043,2025-07-14
마적산손만두 퇴계2호점,일반가맹점,일반대중음식,강원특별자치도,춘천시,4181000,강원특별자치도 춘천시 충혼길8번길 9-3 1층,033-242-6343,강원특별자치도 춘천시청,033-250-4043,2025-07-14
마지막회,일반가맹점,일식,강원특별자치도,춘천시,4181000,강원특별자치도 춘천시 동내면 거두택지길26번길 9-12 1층,,강원특별자치도 춘천시청,033-250-4043,2025-07-14
마케마끼,일반가맹점,한식,강원특별자치도,춘천시,4181000,"강원특별자치도 춘천시 퇴계로 20 ,마케마끼",033-910-0388,강원특별자치도 춘천시청,033-250-4043,2025-07-14
마케집춘천점,일반가맹점,일반대중음식,강원특별자치도,춘천시,4181000,강원특별자치도 춘천시 퇴계로 20 1층(퇴계동),,강원특별자치도 춘천시청,033-250-4043,2025-07-14
마코토 프리미엄,일반가맹점,일식,강원특별자치도,춘천시,4181000,"강원특별자치도춘천시 안마산로 169-4, 2층 (퇴계동)",033-261-4237,강원특별자치도 춘천시청,033-250-4043,2025-07-14
마코토맨,일반가맹점,일식,강원특별자치도,춘천시,4181000,강원특별자치도 춘천시 퇴계로105번길 7 104호,033-257-6071,강원특별자치도 춘천시청,033-250-4043,2025-07-14
마타네식당,일반가맹점,일반대중음식,강원특별자치도,춘천시,4181000,강원특별자치도 춘천시 백령로138번길 47 3동 지하층,,강원특별자치도 춘천시청,033-250-4043,2025-07-14
마평루,일반가맹점,중식,강원특별자치도,춘천시,4181000,강원특별자치도춘천시 사북면 원평리 420번지,033-243-8042,강원특별자치도 춘천시청,033-250-4043,2025-07-14
마포돼지갈비,일반가맹점,한식,강원특별자치도,춘천시,4181000,강원특별자치도춘천시 퇴계동 944 한주아파트상가 103,033-263-9797,강원특별자치도 춘천시청,033-250-4043,2025-07-14
마포돼지갈비,일반가맹점,한식,강원특별자치도,춘천시,4181000,강원특별자치도 춘천시 영서로 2847-4 1층,033-256-9797,강원특별자치도 춘천시청,033-250-4043,2025-07-14
마하싯다 커리,일반가맹점,일반대중음식,강원특별자치도,춘천시,4181000,강원특별자치도 춘천시 중앙로67번길 18 2동2201-4호,033-254-6600,강원특별자치도 춘천시청,033-250-4043,2025-07-14
마하싯다커리,일반가맹점,일반대중음식,강원특별자치도,춘천시,4181000,강원특별자치도 춘천시 중앙로67번길 18 2201호,033-254-6600,강원특별자치도 춘천시청,033-250-4043,2025-07-14
막썰어 회센터,일반가맹점,한식,강원특별자치도,춘천시,4181000,강원특별자치도춘천시 후석로 382 (후평동),033-254-3135,강원특별자치도 춘천시청,033-250-4043,2025-07-14
만강,일반가맹점,일식,강원특별자치도,춘천시,4181000,강원특별자치도춘천시 동내면 외솔길19번길 61 (동내면),033-262-5900,강원특별자치도 춘천시청,033-250-4043,2025-07-14
만객루양꼬치,일반가맹점,중식,강원특별자치도,춘천시,4181000,강원특별자치도 춘천시 승지골길 7-6 1층,033-252-0468,강원특별자치도 춘천시청,033-250-4043,2025-07-14
만나,일반가맹점,한식,강원특별자치도,춘천시,4181000,강원특별자치도 춘천시 성심로 59 1층,,강원특별자치도 춘천시청,033-250-4043,2025-07-14
만나돈가스,일반가맹점,한식,강원특별자치도,춘천시,4181000,"강원특별자치도 춘천시 백령로 29 , 1층(효자동)",033-241-8253,강원특별자치도 춘천시청,033-250-4043,2025-07-14
만나순대국,일반가맹점,한식,강원특별자치도,춘천시,4181000,강원특별자치도 춘천시 동면 만천로 191 1층,033-252-4388,강원특별자치도 춘천시청,033-250-4043,2025-07-14
만나한우갈비살,일반가맹점,한식,강원특별자치도,춘천시,4181000,강원특별자치도춘천시 춘천로44번길 10 (퇴계동),033-241-8142,강원특별자치도 춘천시청,033-250-4043,2025-07-14
만남의장소,일반가맹점,한식,강원특별자치도,춘천시,4181000,강원특별자치도 춘천시 남면 소주고개로 67 2동,033-263-7787,강원특별자치도 춘천시청,033-250-4043,2025-07-14
만두야,일반가맹점,한식,강원특별자치도,춘천시,4181000,강원특별자치도 춘천시 안마산로 107-1 에스엠프라자 109호(퇴계동),033-252-7033,강원특별자치도 춘천시청,033-250-4043,2025-07-14
만두이섬,일반가맹점,일반대중음식,강원특별자치도,춘천시,4181000,강원특별자치도 춘천시 우두1길 157 1층 103호,,강원특별자치도 춘천시청,033-250-4043,2025-07-14
만리장성,일반가맹점,중식,강원특별자치도,춘천시,4181000,강원특별자치도춘천시 신북읍 율문리 552-71,033-241-5356,강원특별자치도 춘천시청,033-250-4043,2025-07-14
만리향,일반가맹점,중식,강원특별자치도,춘천시,4181000,강원특별자치도 춘천시 명동길29번길 4-5 1층,033-251-2221,강원특별자치도 춘천시청,033-250-4043,2025-07-14
만미정,일반가맹점,일반대중음식,강원특별자치도,춘천시,4181000,"강원특별자치도춘천시 중앙로 28-8, 외1필지 1 2층 (요선동)",033-254-9847,강원특별자치도 춘천시청,033-250-4043,2025-07-14
만보네,일반가맹점,한식,강원특별자치도,춘천시,4181000,강원특별자치도춘천시 성심로 98 (효자동),033-255-1927,강원특별자치도 춘천시청,033-250-4043,2025-07-14
만석식당,일반가맹점,한식,강원특별자치도,춘천시,4181000,강원특별자치도춘천시 우두동 410-51 6/2,033-255-6711,강원특별자치도 춘천시청,033-250-4043,2025-07-14
만석식당(강원대점),일반가맹점,일반대중음식,강원특별자치도,춘천시,4181000,강원특별자치도춘천시 백령로138번길 35 (효자동),033-241-5492,강원특별자치도 춘천시청,033-250-4043,2025-07-14
만족오향족발춘천점,일반가맹점,일반대중음식,강원특별자치도,춘천시,4181000,"강원특별자치도 춘천시 영서로 2305 , 1층(온의동)",,강원특별자치도 춘천시청,033-250-4043,2025-07-14
만천다슬기해장국,일반가맹점,한식,강원특별자치도,춘천시,4181000,강원특별자치도 춘천시 삭주로 216-1 1층,033-243-6454,강원특별자치도 춘천시청,033-250-4043,2025-07-14
만천리 한우마을 밥집,일반가맹점,일반대중음식,강원특별자치도,춘천시,4181000,"강원특별자치도 춘천시 후석로420번길 7 ,1층 B108호(후평동)",,강원특별자치도 춘천시청,033-250-4043,2025-07-14
만천리가보자토종순대국밥,일반가맹점,한식,강원특별자치도,춘천시,4181000,강원특별자치도 춘천시 동광길 7 나동 1층,033-255-6200,강원특별자치도 춘천시청,033-250-4043,2025-07-14
만천막국수,일반가맹점,한식,강원특별자치도,춘천시,4181000,강원특별자치도춘천시 동면 만천리 792-1번지 (1리),033-241-6714,강원특별자치도 춘천시청,033-250-4043,2025-07-14
만천만두국,일반가맹점,한식,강원특별자치도,춘천시,4181000,강원특별자치도 춘천시 동면 만천로 187-7 (동면),033-241-6724,강원특별자치도 춘천시청,033-250-4043,2025-07-14
만천수육국밥,일반가맹점,한식,강원특별자치도,춘천시,4181000,강원특별자치도 춘천시 동면 만천로 64 1층,033-251-9888,강원특별자치도 춘천시청,033-250-4043,2025-07-14
만천식당,일반가맹점,한식,강원특별자치도,춘천시,4181000,강원특별자치도춘천시 동면 만천로143번길 54,033-253-5994,강원특별자치도 춘천시청,033-250-4043,2025-07-14
만타스시31 춘천점,일반가맹점,일식,강원특별자치도,춘천시,4181000,"강원특별자치도 춘천시 백령로 215 상가4동 105호 (후평동, 춘천일성트루엘더퍼스트아파트)",033-241-3731,강원특별자치도 춘천시청,033-250-4043,2025-07-14
말탕개미도리탕,일반가맹점,한식,강원특별자치도,춘천시,4181000,강원특별자치도 춘천시 후석로393번길 31-1 1층,033-241-1845,강원특별자치도 춘천시청,033-250-4043,2025-07-14
맘&나무그늘파크,일반가맹점,한식,강원특별자치도,춘천시,4181000,강원특별자치도춘천시 삭주로193번길 7 (후평동),033-257-2577,강원특별자치도 춘천시청,033-250-4043,2025-07-14
맘마,일반가맹점,한식,강원특별자치도,춘천시,4181000,강원특별자치도 춘천시 벌말길 59 1층,,강원특별자치도 춘천시청,033-250-4043,2025-07-14
맘스케익 춘천점,일반가맹점,제과점,강원특별자치도,춘천시,4181000,강원특별자치도 춘천시 후석로 261 1층,,강원특별자치도 춘천시청,033-250-4043,2025-07-14
맘스터치 강촌점,일반가맹점,일반대중음식,강원특별자치도,춘천시,4181000,강원특별자치도춘천시 남산면 강촌로 82,033-264-5885,강원특별자치도 춘천시청,033-250-4043,2025-07-14
맘스터치 명동직영점,일반가맹점,일반대중음식,강원특별자치도,춘천시,4181000,강원특별자치도 춘천시 중앙로 33-1 다 11호,033-242-9288,강원특별자치도 춘천시청,033-250-4043,2025-07-14
맘스터치 우두점,일반가맹점,패스트푸드,강원특별자치도,춘천시,4181000,강원특별자치도 춘천시 영서로 2755 (우두동),033-253-9288,강원특별자치도 춘천시청,033-250-4043,2025-07-14
맘스터치 장학만천점,일반가맹점,일반대중음식,강원특별자치도,춘천시,4181000,"강원특별자치도춘천시 동면 춘천순환로 626, 1층",033-241-7992,강원특별자치도 춘천시청,033-250-4043,2025-07-14
맘스터치(석사점),일반가맹점,일반대중음식,강원특별자치도,춘천시,4181000,"강원특별자치도춘천시 공지로 155, 외1필지 (석사동)",033-264-7992,강원특별자치도 춘천시청,033-250-4043,2025-07-14
맘스터치강대효자점,일반가맹점,일반대중음식,강원특별자치도,춘천시,4181000,강원특별자치도춘천시 서부대성로 247 (효자동),033-256-7992,강원특별자치도 춘천시청,033-250-4043,2025-07-14
맘스터치춘천메가박스점,일반가맹점,일반대중음식,강원특별자치도,춘천시,4181000,강원특별자치도 춘천시 춘천로17번길 17 105호,033-253-8800,강원특별자치도 춘천시청,033-250-4043,2025-07-14
맘스터치춘천석사CGV점,일반가맹점,패스트푸드,강원특별자치도,춘천시,4181000,강원특별자치도 춘천시 퇴계농공로 22 1층102호(석사동),033-263-9393,강원특별자치도 춘천시청,033-250-4043,2025-07-14
맘스터치한림대점,일반가맹점,일반대중음식,강원특별자치도,춘천시,4181000,강원특별자치도춘천시 성심로 4-1 (교동),033-255-7992,강원특별자치도 춘천시청,033-250-4043,2025-07-14
맘스터치후평점,일반가맹점,패스트푸드,강원특별자치도,춘천시,4181000,"강원특별자치도춘천시 후석로 326, 307호 (후평동)",033-241-1212,강원특별자치도 춘천시청,033-250-4043,2025-07-14
맘스피자 춘천퇴계점,일반가맹점,일반대중음식,강원특별자치도,춘천시,4181000,"강원특별자치도춘천시 퇴계로105번길 7, 2층 202호 (퇴계동)",033-261-0810,강원특별자치도 춘천시청,033-250-4043,2025-07-14
맘인더가든 한숲시티점,일반가맹점,양식,강원특별자치도,춘천시,4181000,"강원특별자치도 춘천시 안마산로 107-1 1층 107호, 198호",,강원특별자치도 춘천시청,033-250-4043,2025-07-14
맛고을통닭,일반가맹점,일반대중음식,강원특별자치도,춘천시,4181000,강원특별자치도춘천시 석사동 643-8 (석사동),033-263-9292,강원특별자치도 춘천시청,033-250-4043,2025-07-14
맛깔손만두앤김밥,일반가맹점,한식,강원특별자치도,춘천시,4181000,"강원특별자치도춘천시 소양로163번길 26, 1층 (소양로2가)",033-255-7085,강원특별자치도 춘천시청,033-250-4043,2025-07-14
맛띠아피자,일반가맹점,패스트푸드,강원특별자치도,춘천시,4181000,강원특별자치도 춘천시 신북읍 상천3길 6 1층,033-242-6879,강원특별자치도 춘천시청,033-250-4043,2025-07-14
맛있는김치이야기하늘마루,일반가맹점,한식,강원특별자치도,춘천시,4181000,강원특별자치도춘천시 서부대성로48번길 24-2 (요선동),033-241-7898,강원특별자치도 춘천시청,033-250-4043,2025-07-14
맛있는닭갈비,일반가맹점,한식,강원특별자치도,춘천시,4181000,강원특별자치도춘천시 동면 장학길 18,033-264-7759,강원특별자치도 춘천시청,033-250-4043,2025-07-14
맛있는생선요리집,일반가맹점,한식,강원특별자치도,춘천시,4181000,강원특별자치도 춘천시 보안길 41 1층,033-254-2719,강원특별자치도 춘천시청,033-250-4043,2025-07-14
맛있는생선요리집,일반가맹점,한식,강원특별자치도,춘천시,4181000,강원특별자치도춘천시 보안길 41 (후평동),033-255-2719,강원특별자치도 춘천시청,033-250-4043,2025-07-14
맛있는시간,일반가맹점,패스트푸드,강원특별자치도,춘천시,4181000,강원특별자치도 춘천시 서부대성로239번길 21 1층,033-911-8858,강원특별자치도 춘천시청,033-250-4043,2025-07-14
맛있는전집,일반가맹점,한식,강원특별자치도,춘천시,4181000,강원특별자치도 춘천시 애막골길3번길 36 1층(석사동),,강원특별자치도 춘천시청,033-250-4043,2025-07-14
맛있으면 돼지,일반가맹점,한식,강원특별자치도,춘천시,4181000,강원특별자치도 춘천시 남춘로36번길 53 1층,033-262-4090,강원특별자치도 춘천시청,033-250-4043,2025-07-14
맛자랑,일반가맹점,한식,강원특별자치도,춘천시,4181000,"강원특별자치도춘천시 동부시장길 8, 동부시장 지하 2122 27호 (운교동)",033-254-6698,강원특별자치도 춘천시청,033-250-4043,2025-07-14
맛찜랭킹춘천점,일반가맹점,한식,강원특별자치도,춘천시,4181000,강원특별자치도 춘천시 남춘천새길 8 1층103호,070-7365-0492,강원특별자치도 춘천시청,033-250-4043,2025-07-14
망우당,일반가맹점,일반대중음식,강원특별자치도,춘천시,4181000,강원특별자치도 춘천시 공지로 442-23 1층,,강원특별자치도 춘천시청,033-250-4043,2025-07-14
매드테이블,일반가맹점,일반대중음식,강원특별자치도,춘천시,4181000,"강원특별자치도춘천시 행촌로 55, 1층 (퇴계동)",,강원특별자치도 춘천시청,033-250-4043,2025-07-14
매운사랑중식빠,일반가맹점,중식,강원특별자치도,춘천시,4181000,강원특별자치도 춘천시 공지로 208-1 1층,,강원특별자치도 춘천시청,033-250-4043,2025-07-14
매콤달콤떡볶이,일반가맹점,한식,강원특별자치도,춘천시,4181000,강원특별자치도춘천시 후석로 257-1 (후평동),033-253-1400,강원특별자치도 춘천시청,033-250-4043,2025-07-14
맥고을,일반가맹점,한식,강원특별자치도,춘천시,4181000,강원특별자치도춘천시 서부대성로44번길 11-1 (요선동),033-255-9540,강원특별자치도 춘천시청,033-250-4043,2025-07-14
맥시카나 후평점,일반가맹점,일반대중음식,강원특별자치도,춘천시,4181000,강원특별자치도 춘천시 후석로326번길 31 상가동 107호,033-254-2351,강원특별자치도 춘천시청,033-250-4043,2025-07-14
맥시칸양념치킨,일반가맹점,한식,강원특별자치도,춘천시,4181000,강원특별자치도춘천시 신북읍 율문3길 25,033-243-9634,강원특별자치도 춘천시청,033-250-4043,2025-07-14
맥클래런(Maclaren),일반가맹점,패스트푸드,강원특별자치도,춘천시,4181000,강원특별자치도 춘천시 서부대성로 222 1층(효자동),,강원특별자치도 춘천시청,033-250-4043,2025-07-14
맷돌막국수,일반가맹점,한식,강원특별자치도,춘천시,4181000,강원특별자치도춘천시 칠전동1길 6 (칠전동),033-241-4944,강원특별자치도 춘천시청,033-250-4043,2025-07-14
맷돌순두부,일반가맹점,한식,강원특별자치도,춘천시,4181000,"강원특별자치도춘천시 동내면 춘천순환로 106-7, 1층",033-261-9540,강원특별자치도 춘천시청,033-250-4043,2025-07-14
맹구효소꽈배기,일반가맹점,제과점,강원특별자치도,춘천시,4181000,강원특별자치도 춘천시 후석로 342 가동 1층(후평동),,강원특별자치도 춘천시청,033-250-4043,2025-07-14
맹이네요리연구소,일반가맹점,한식,강원특별자치도,춘천시,4181000,강원특별자치도 춘천시 공지로 104 1층(석사동),,강원특별자치도 춘천시청,033-250-4043,2025-07-14
머루촌숯불갈비,일반가맹점,한식,강원특별자치도,춘천시,4181000,강원특별자치도 춘천시 벌말길 88 .,,강원특별자치도 춘천시청,033-250-4043,2025-07-14
머슴빱,일반가맹점,한식,강원특별자치도,춘천시,4181000,강원특별자치도 춘천시 우두상리1길 29 1층,033-255-2845,강원특별자치도 춘천시청,033-250-4043,2025-07-14
먹고먹고떡볶이,일반가맹점,일반대중음식,강원특별자치도,춘천시,4181000,강원특별자치도 춘천시 안마산로 199 1층 103호,033-261-3345,강원특별자치도 춘천시청,033-250-4043,2025-07-14
먹골,일반가맹점,일반대중음식,강원특별자치도,춘천시,4181000,강원특별자치도 춘천시 금강로13번길 30-1 1은(소양로2가),033-244-8284,강원특별자치도 춘천시청,033-250-4043,2025-07-14
먹방뷰,일반가맹점,일반대중음식,강원특별자치도,춘천시,4181000,강원특별자치도 춘천시 공지로252번길 28 1층102호 (효자동),,강원특별자치도 춘천시청,033-250-4043,2025-07-14
먹보갈비,일반가맹점,한식,강원특별자치도,춘천시,4181000,강원특별자치도춘천시 애막골길7번길 17-1 (석사동),033-262-9246,강원특별자치도 춘천시청,033-250-4043,2025-07-14
먹보만두김밥분식,일반가맹점,한식,강원특별자치도,춘천시,4181000,강원특별자치도춘천시 후만로 87-1 (후평동),033-252-7896,강원특별자치도 춘천시청,033-250-4043,2025-07-14
먹보정식,일반가맹점,한식,강원특별자치도,춘천시,4181000,강원특별자치도 춘천시 우석로 6 1층,033-261-0820,강원특별자치도 춘천시청,033-250-4043,2025-07-14
먹새통,일반가맹점,한식,강원특별자치도,춘천시,4181000,강원특별자치도 춘천시 스무숲길 17 1층,033-262-7042,강원특별자치도 춘천시청,033-250-4043,2025-07-14
먹쇠,일반가맹점,한식,강원특별자치도,춘천시,4181000,강원특별자치도춘천시 행촌로32번길 5-21 (퇴계동),033-243-5004,강원특별자치도 춘천시청,033-250-4043,2025-07-14
먹촌가,일반가맹점,한식,강원특별자치도,춘천시,4181000,"강원특별자치도춘천시 벌말길 60, 1층 (석사동)",033-253-7361,강원특별자치도 춘천시청,033-250-4043,2025-07-14
멍석갈비,일반가맹점,한식,강원특별자치도,춘천시,4181000,강원특별자치도춘천시 춘주로91번길 18-1 (온의동),033-243-4774,강원특별자치도 춘천시청,033-250-4043,2025-07-14
멍텅구리,일반가맹점,한식,강원특별자치도,춘천시,4181000,강원특별자치도춘천시 낙원길 34-1 (중앙로2가),033-254-4779,강원특별자치도 춘천시청,033-250-4043,2025-07-14
메가혼밥,일반가맹점,한식,강원특별자치도,춘천시,4181000,강원특별자치도 춘천시 방송길 77 지하1층 108호,033-252-3233,강원특별자치도 춘천시청,033-250-4043,2025-07-14
메가후르츠,일반가맹점,한식,강원특별자치도,춘천시,4181000,강원특별자치도춘천시 삭주로80번길 36 (효자동),033-231-1234,강원특별자치도 춘천시청,033-250-4043,2025-07-14
메가후르츠 고탄점,일반가맹점,일반대중음식,강원특별자치도,춘천시,4181000,강원특별자치도 춘천시 사북면 춘화로 337 1층,,강원특별자치도 춘천시청,033-250-4043,2025-07-14
메고지고 떡창고 석사동점,일반가맹점,일반대중음식,강원특별자치도,춘천시,4181000,"강원특별자치도 춘천시 지석로 63 상가동1층101호(석사동,현진에버빌2차)",,강원특별자치도 춘천시청,033-250-4043,2025-07-14
메밀꽃,일반가맹점,한식,강원특별자치도,춘천시,4181000,강원특별자치도 춘천시 서면 박사로 611 1층,033-244-6080,강원특별자치도 춘천시청,033-250-4043,2025-07-14
메밀꽃,일반가맹점,양식,강원특별자치도,춘천시,4181000,강원특별자치도 춘천시 영서로 3189 2층,033-244-6080,강원특별자치도 춘천시청,033-250-4043,2025-07-14
메밀꽃,일반가맹점,한식,강원특별자치도,춘천시,4181000,강원특별자치도 춘천시 서면 박사로 611 1층,033-244-6080,강원특별자치도 춘천시청,033-250-4043,2025-07-14
메밀밭감자옹심이메밀칼국수,일반가맹점,한식,강원특별자치도,춘천시,4181000,강원특별자치도춘천시 벌말길 54,033-261-7122,강원특별자치도 춘천시청,033-250-4043,2025-07-14
메밀전봄,일반가맹점,일반대중음식,강원특별자치도,춘천시,4181000,"강원특별자치도 춘천시 영서로 2352-12 5동 13호(온의동, 풍물시장)",,강원특별자치도 춘천시청,033-250-4043,2025-07-14
메밀촌,일반가맹점,한식,강원특별자치도,춘천시,4181000,강원특별자치도 춘천시 동면 금촌로 397-3 .,033-256-0053,강원특별자치도 춘천시청,033-250-4043,2025-07-14
메밀회관,일반가맹점,한식,강원특별자치도,춘천시,4181000,강원특별자치도 춘천시 동면 소양강로 182 1층,033-255-7456,강원특별자치도 춘천시청,033-250-4043,2025-07-14
메바우명가춘천막국수,일반가맹점,한식,강원특별자치도,춘천시,4181000,강원특별자치도 춘천시 당간지주길 76 1층,070-1433-2251,강원특별자치도 춘천시청,033-250-4043,2025-07-14
메바우명가춘천막국수,일반가맹점,한식,강원특별자치도,춘천시,4181000,"강원특별자치도춘천시 당간지주길 76, 1층 (근화동)",033-254-2232,강원특별자치도 춘천시청,033-250-4043,2025-07-14
메이,일반가맹점,한식,강원특별자치도,춘천시,4181000,강원특별자치도 춘천시 스무숲3길 2 1층,,강원특별자치도 춘천시청,033-250-4043,2025-07-14
메이딘B,일반가맹점,일반대중음식,강원특별자치도,춘천시,4181000,강원특별자치도 춘천시 충혼길 56 1츨,,강원특별자치도 춘천시청,033-250-4043,2025-07-14
메이카드,일반가맹점,일반대중음식,강원특별자치도,춘천시,4181000,강원특별자치도 춘천시 복골길6번길 21 1층,,강원특별자치도 춘천시청,033-250-4043,2025-07-14
메주와장독,일반가맹점,한식,강원특별자치도,춘천시,4181000,강원특별자치도춘천시 삭주로 102 (후평동),033-243-6288,강원특별자치도 춘천시청,033-250-4043,2025-07-14
멕시카나 효자점,일반가맹점,일반대중음식,강원특별자치도,춘천시,4181000,강원특별자치도 춘천시 효제길 13 1층,033-251-6123,강원특별자치도 춘천시청,033-250-4043,2025-07-14
멕시카나강원대점,일반가맹점,일반대중음식,강원특별자치도,춘천시,4181000,강원특별자치도춘천시 백령로138번길 17 (효자동),033-251-6498,강원특별자치도 춘천시청,033-250-4043,2025-07-14
멕시카나치킨(석사점),일반가맹점,일반대중음식,강원특별자치도,춘천시,4181000,강원특별자치도춘천시 벌말길 105 (석사동),033-264-9989,강원특별자치도 춘천시청,033-250-4043,2025-07-14
멕시칸,일반가맹점,일반대중음식,강원특별자치도,춘천시,4181000,강원특별자치도춘천시 동광길 10 (후평동),033-244-8285,강원특별자치도 춘천시청,033-250-4043,2025-07-14
멕시칸(석사2지구점),일반가맹점,일반대중음식,강원특별자치도,춘천시,4181000,"강원특별자치도춘천시 후석로228번길 21, 상가 101호 (후평동, 석사2차아파트)",033-255-5880,강원특별자치도 춘천시청,033-250-4043,2025-07-14
멕시칸(양념통닭),일반가맹점,일반대중음식,강원특별자치도,춘천시,4181000,강원특별자치도춘천시 춘주로187번길 3 (퇴계동),033-256-0126,강원특별자치도 춘천시청,033-250-4043,2025-07-14
멕시칸치킨,일반가맹점,일반대중음식,강원특별자치도,춘천시,4181000,강원특별자치도춘천시 소양로1가 98-12번지,033-255-6640,강원특별자치도 춘천시청,033-250-4043,2025-07-14
멕시칸치킨,일반가맹점,일반대중음식,강원특별자치도,춘천시,4181000,강원특별자치도춘천시 춘천로296번길 18 (후평동),033-256-1498,강원특별자치도 춘천시청,033-250-4043,2025-07-14
멕시칸치킨신사우점,일반가맹점,일반대중음식,강원특별자치도,춘천시,4181000,강원특별자치도 춘천시 영서로 3074 .,033-242-1578,강원특별자치도 춘천시청,033-250-4043,2025-07-14
멘시루,일반가맹점,일반대중음식,강원특별자치도,춘천시,4181000,"강원특별자치도춘천시 백령로138번길 56, 1층 (효자동)",,강원특별자치도 춘천시청,033-250-4043,2025-07-14
면식공방,일반가맹점,일반대중음식,강원특별자치도,춘천시,4181000,"강원특별자치도 춘천시 춘천로17번길 21 , 1층 114호(온의동, 춘천강남하이엔드)",,강원특별자치도 춘천시청,033-250-4043,2025-07-14
멸치국수가 참 맛있는 집,일반가맹점,한식,강원특별자치도,춘천시,4181000,강원특별자치도춘천시 터미널길 10 (온의동),033-244-2500,강원특별자치도 춘천시청,033-250-4043,2025-07-14
명가갈비,일반가맹점,한식,강원특별자치도,춘천시,4181000,강원특별자치도춘천시 퇴계동 11지구 16블럭 8롯트,033-251-4814,강원특별자치도 춘천시청,033-250-4043,2025-07-14
명가곱창,일반가맹점,한식,강원특별자치도,춘천시,4181000,강원특별자치도 춘천시 행촌로32번길 5-35 1층,033-911-8181,강원특별자치도 춘천시청,033-250-4043,2025-07-14
명가낙지한마리수제비(춘천2호중앙로점),일반가맹점,일반대중음식,강원특별자치도,춘천시,4181000,강원특별자치도 춘천시 서부대성로48번길 21 (요선동),033-253-9981,강원특별자치도 춘천시청,033-250-4043,2025-07-14
명가떡집,일반가맹점,제과점,강원특별자치도,춘천시,4181000,강원특별자치도춘천시 춘천로185번길 10 (운교동),033-254-0073,강원특별자치도 춘천시청,033-250-4043,2025-07-14
명가손만두김밥,일반가맹점,한식,강원특별자치도,춘천시,4181000,강원특별자치도 춘천시 보안길 25 1층,033-252-4807,강원특별자치도 춘천시청,033-250-4043,2025-07-14
명가한식뷔페,일반가맹점,한식,강원특별자치도,춘천시,4181000,강원특별자치도 춘천시 동산면 조양길 286 .,,강원특별자치도 춘천시청,033-250-4043,2025-07-14
명가호반닭갈비막국수 퇴계점,일반가맹점,한식,강원특별자치도,춘천시,4181000,강원특별자치도춘천시 승지골길13번길 17 (퇴계동),033-261-8952,강원특별자치도 춘천시청,033-250-4043,2025-07-14
명동1번지닭갈비,일반가맹점,한식,강원특별자치도,춘천시,4181000,강원특별자치도춘천시 금강로62번길 7 (조양동),033-256-6448,강원특별자치도 춘천시청,033-250-4043,2025-07-14
명동다방,일반가맹점,일반대중음식,강원특별자치도,춘천시,4181000,강원특별자치도 춘천시 아침길 9 2층,033-910-1087,강원특별자치도 춘천시청,033-250-4043,2025-07-14
명동명물닭갈비,일반가맹점,한식,강원특별자치도,춘천시,4181000,강원특별자치도 춘천시 금강로62번길 8 .,033-257-2961,강원특별자치도 춘천시청,033-250-4043,2025-07-14
명동뭉텅찌개,일반가맹점,한식,강원특별자치도,춘천시,4181000,"강원특별자치도춘천시 춘주로92번길 3, 1층 (온의동)",033-251-2777,강원특별자치도 춘천시청,033-250-4043,2025-07-14
명동산골닭갈비,일반가맹점,한식,강원특별자치도,춘천시,4181000,강원특별자치도춘천시 금강로62번길 7 (조양동),033-254-7042,강원특별자치도 춘천시청,033-250-4043,2025-07-14
명동숯불닭갈비,일반가맹점,한식,강원특별자치도,춘천시,4181000,강원특별자치도 춘천시 금강로62번길 10 1층 (조양동),033-251-9293,강원특별자치도 춘천시청,033-250-4043,2025-07-14
명동우미닭갈비,일반가맹점,일반대중음식,강원특별자치도,춘천시,4181000,강원특별자치도 춘천시 영서로 2345 1층(온의동),033-254-1919,강원특별자치도 춘천시청,033-250-4043,2025-07-14
명동우미닭갈비별관,일반가맹점,일반대중음식,강원특별자치도,춘천시,4181000,강원특별자치도 춘천시 영서로 2343 1층(온의동),033-257-1919,강원특별자치도 춘천시청,033-250-4043,2025-07-14
명동칼국수,일반가맹점,한식,강원특별자치도,춘천시,4181000,강원특별자치도춘천시 영서로 3138 (신동),033-252-8889,강원특별자치도 춘천시청,033-250-4043,2025-07-14
명랑부대찌개 춘천명동점,일반가맹점,일반대중음식,강원특별자치도,춘천시,4181000,"강원특별자치도춘천시 명동길 37-2, 1층 (죽림동)",,강원특별자치도 춘천시청,033-250-4043,2025-07-14
명랑시대쌀핫도그강원대점,일반가맹점,한식,강원특별자치도,춘천시,4181000,강원특별자치도 춘천시 서부대성로 245 1층 (효자동),033-242-7757,강원특별자치도 춘천시청,033-250-4043,2025-07-14
명랑핫도그 춘천명동점,일반가맹점,한식,강원특별자치도,춘천시,4181000,강원특별자치도 춘천시 중앙로67번길 18 6동 6102호,,강원특별자치도 춘천시청,033-250-4043,2025-07-14
명랑회관,일반가맹점,일반대중음식,강원특별자치도,춘천시,4181000,강원특별자치도 춘천시 수변공원길 11 3동 1층 101호(삼천동),033-243-9282,강원특별자치도 춘천시청,033-250-4043,2025-07-14
명륜진사갈비 (후평점),일반가맹점,한식,강원특별자치도,춘천시,4181000,강원특별자치도 춘천시 후석로228번길 3 1층,033-242-9259,강원특별자치도 춘천시청,033-250-4043,2025-07-14
명륜진사갈비 거두사거리점,일반가맹점,한식,강원특별자치도,춘천시,4181000,강원특별자치도 춘천시 동내면 춘천순환로 61 1층,033-262-3331,강원특별자치도 춘천시청,033-250-4043,2025-07-14
명륜진사갈비 춘천 효자점,일반가맹점,한식,강원특별자치도,춘천시,4181000,강원특별자치도 춘천시 춘천로 180 1층,033-252-7946,강원특별자치도 춘천시청,033-250-4043,2025-07-14
명륜진사갈비 춘천온의점,일반가맹점,일반대중음식,강원특별자치도,춘천시,4181000,"강원특별자치도 춘천시 스포츠타운길 494 101,102호",033-244-8295,강원특별자치도 춘천시청,033-250-4043,2025-07-14
명륜진사갈비 춘천우두점,일반가맹점,일반대중음식,강원특별자치도,춘천시,4181000,강원특별자치도 춘천시 사우로 72-11 1층,033-242-0601,강원특별자치도 춘천시청,033-250-4043,2025-07-14
명륜진사갈비춘천퇴계점,일반가맹점,일반대중음식,강원특별자치도,춘천시,4181000,강원특별자치도 춘천시 안마산로 128 2층 201~205호,033-241-5500,강원특별자치도 춘천시청,033-250-4043,2025-07-14
명봉닭갈비막국수,일반가맹점,한식,강원특별자치도,춘천시,4181000,강원특별자치도춘천시 동면 금촌로 273,033-256-1735,강원특별자치도 춘천시청,033-250-4043,2025-07-14
명성닭갈비,일반가맹점,한식,강원특별자치도,춘천시,4181000,강원특별자치도춘천시 승지골길 7-5 (퇴계동),033-263-2131,강원특별자치도 춘천시청,033-250-4043,2025-07-14
명성식당,일반가맹점,일반대중음식,강원특별자치도,춘천시,4181000,"강원특별자치도 춘천시 영서로 2352-12 풍물시장 5동 1층 8,9호",033-256-2816,강원특별자치도 춘천시청,033-250-4043,2025-07-14
명성푸드,일반가맹점,중식,강원특별자치도,춘천시,4181000,강원특별자치도 춘천시 춘천로68번길 16 1층,,강원특별자치도 춘천시청,033-250-4043,2025-07-14
명연닭갈비,일반가맹점,한식,강원특별자치도,춘천시,4181000,강원특별자치도 춘천시 행촌로32번길 5-25 1층,033-255-3090,강원특별자치도 춘천시청,033-250-4043,2025-07-14
명월촌오리집,일반가맹점,한식,강원특별자치도,춘천시,4181000,강원특별자치도춘천시 서면 명월길 259,033-244-8961,강원특별자치도 춘천시청,033-250-4043,2025-07-14
명지식당,일반가맹점,한식,강원특별자치도,춘천시,4181000,강원특별자치도춘천시 신북읍 신북로 20,033-243-0410,강원특별자치도 춘천시청,033-250-4043,2025-07-14
명품갈비탕,일반가맹점,한식,강원특별자치도,춘천시,4181000,강원특별자치도 춘천시 명동길29번길 8-13 1층,033-241-6660,강원특별자치도 춘천시청,033-250-4043,2025-07-14
명품꼬마김밥,일반가맹점,한식,강원특별자치도,춘천시,4181000,강원특별자치도 춘천시 안마산로 114 지하1층 101호,,강원특별자치도 춘천시청,033-250-4043,2025-07-14
명품송어,일반가맹점,일반대중음식,강원특별자치도,춘천시,4181000,강원특별자치도 춘천시 애막골길11번길 6 1층,033-261-1414,강원특별자치도 춘천시청,033-250-4043,2025-07-14
명품순대국,일반가맹점,한식,강원특별자치도,춘천시,4181000,강원특별자치도 춘천시 동면 춘천순환로 867 1층,,강원특별자치도 춘천시청,033-250-4043,2025-07-14
"명품임실피자(후평,교동점)",일반가맹점,일반대중음식,강원특별자치도,춘천시,4181000,강원특별자치도춘천시 삭주로80번길 17 (교동),033-252-9282,강원특별자치도 춘천시청,033-250-4043,2025-07-14
명품참숯불닭갈비,일반가맹점,한식,강원특별자치도,춘천시,4181000,강원특별자치도춘천시 남산면 강촌로 144,033-262-5557,강원특별자치도 춘천시청,033-250-4043,2025-07-14
명품찹쌀꽈배기,일반가맹점,한식,강원특별자치도,춘천시,4181000,강원특별자치도 춘천시 행촌로32번길 8 1층,,강원특별자치도 춘천시청,033-250-4043,2025-07-14
명품치킨,일반가맹점,일반대중음식,강원특별자치도,춘천시,4181000,"강원특별자치도 춘천시 후석로 368 , 1층",033-243-3331,강원특별자치도 춘천시청,033-250-4043,2025-07-14
명품탕수육,일반가맹점,일반대중음식,강원특별자치도,춘천시,4181000,"강원특별자치도춘천시 서부대성로206번길 19, 1층 (효자동)",033-256-1933,강원특별자치도 춘천시청,033-250-4043,2025-07-14
모녀밥상,일반가맹점,한식,강원특별자치도,춘천시,4181000,강원특별자치도 춘천시 공지로333번길 10 1층,033-254-9200,강원특별자치도 춘천시청,033-250-4043,2025-07-14
모녀식당,일반가맹점,한식,강원특별자치도,춘천시,4181000,강원특별자치도춘천시 약사고개길 13 11-2호  11-7 (죽림동),033-251-7514,강원특별자치도 춘천시청,033-250-4043,2025-07-14
모두의밥상,일반가맹점,일반대중음식,강원특별자치도,춘천시,4181000,강원특별자치도 춘천시 후석로 427-4 1층,033-255-3108,강원특별자치도 춘천시청,033-250-4043,2025-07-14
모두의부엌 춘천,일반가맹점,한식,강원특별자치도,춘천시,4181000,"강원특별자치도춘천시 동부시장길 8, 77호 88호 (운교동, 동부시장현대아파트)",,강원특별자치도 춘천시청,033-250-4043,2025-07-14
모듬,일반가맹점,일식,강원특별자치도,춘천시,4181000,강원특별자치도 춘천시 영서로2279번길 25 1층,033-910-0504,강원특별자치도 춘천시청,033-250-4043,2025-07-14
모락모락,일반가맹점,한식,강원특별자치도,춘천시,4181000,"강원특별자치도춘천시 서부대성로 62, 1층 (옥천동)",033-244-8885,강원특별자치도 춘천시청,033-250-4043,2025-07-14
모란집,일반가맹점,한식,강원특별자치도,춘천시,4181000,강원특별자치도 춘천시 부안길6번길 33 .,,강원특별자치도 춘천시청,033-250-4043,2025-07-14
모리,일반가맹점,한식,강원특별자치도,춘천시,4181000,강원특별자치도 춘천시 효자문길 20 1층,033-254-0459,강원특별자치도 춘천시청,033-250-4043,2025-07-14
모리막국수,일반가맹점,한식,강원특별자치도,춘천시,4181000,강원특별자치도춘천시 신동면 순환대로 28,033-261-4254,강원특별자치도 춘천시청,033-250-4043,2025-07-14
모리셔스브라운 춘천점,일반가맹점,일반대중음식,강원특별자치도,춘천시,4181000,강원특별자치도 춘천시 후석로 278 1층,033-910-3062,강원특별자치도 춘천시청,033-250-4043,2025-07-14
모리스시,일반가맹점,일식,강원특별자치도,춘천시,4181000,강원특별자치도 춘천시 영서로 2938 1층,033-252-0468,강원특별자치도 춘천시청,033-250-4043,2025-07-14
모민,일반가맹점,일반대중음식,강원특별자치도,춘천시,4181000,강원특별자치도 춘천시 망대길 13 1층(죽림동),,강원특별자치도 춘천시청,033-250-4043,2025-07-14
모비딕푸드,일반가맹점,일반대중음식,강원특별자치도,춘천시,4181000,강원특별자치도 춘천시 망대길 27 1층 모비딕푸드,,강원특별자치도 춘천시청,033-250-4043,2025-07-14
모여라치킨,일반가맹점,일반대중음식,강원특별자치도,춘천시,4181000,강원특별자치도 춘천시 부평길 3 1층,033-910-0027,강원특별자치도 춘천시청,033-250-4043,2025-07-14
모이새영양탕,일반가맹점,한식,강원특별자치도,춘천시,4181000,강원특별자치도춘천시 온의동 29-3번지 풍물시장 12동 95호,033-251-5210,강원특별자치도 춘천시청,033-250-4043,2025-07-14
모찌이야기,일반가맹점,일반대중음식,강원특별자치도,춘천시,4181000,"강원특별자치도 춘천시 춘천로17번길 31 104호 (온의동, 더스위트캐슬)",033-255-1664,강원특별자치도 춘천시청,033-250-4043,2025-07-14
모친식당,일반가맹점,한식,강원특별자치도,춘천시,4181000,강원특별자치도춘천시 중앙로77번길 12-1 (죽림동),033-255-5698,강원특별자치도 춘천시청,033-250-4043,2025-07-14
모토타코올라,일반가맹점,한식,강원특별자치도,춘천시,4181000,강원특별자치도 춘천시 동면 순환대로 1154-18 1층,,강원특별자치도 춘천시청,033-250-4043,2025-07-14
목구멍춘천점,일반가맹점,한식,강원특별자치도,춘천시,4181000,강원특별자치도 춘천시 스무숲1길 79 1층,,강원특별자치도 춘천시청,033-250-4043,2025-07-14
목돈72춘천점,일반가맹점,한식,강원특별자치도,춘천시,4181000,강원특별자치도 춘천시 동내면 춘천순환로94번길 17 우측1층,,강원특별자치도 춘천시청,033-250-4043,2025-07-14
목앤겹살,일반가맹점,한식,강원특별자치도,춘천시,4181000,"강원특별자치도춘천시 동내면 거두택지길 7, 101호 초록지붕상가 (초록지붕아파트)",070-4142-1519,강원특별자치도 춘천시청,033-250-4043,2025-07-14
목장원,일반가맹점,한식,강원특별자치도,춘천시,4181000,강원특별자치도 춘천시 서면 오미길 6 1층,033-254-7892,강원특별자치도 춘천시청,033-250-4043,2025-07-14
몬스터오리,일반가맹점,한식,강원특별자치도,춘천시,4181000,"강원특별자치도 춘천시 약사고개길 13 제일백화점 1층 BL 4,5호",,강원특별자치도 춘천시청,033-250-4043,2025-07-14
몰디브,일반가맹점,한식,강원특별자치도,춘천시,4181000,강원특별자치도 춘천시 스무숲4길 22 1층(석사동),,강원특별자치도 춘천시청,033-250-4043,2025-07-14
몽마르뜨,일반가맹점,양식,강원특별자치도,춘천시,4181000,강원특별자치도 춘천시 시청길 28 2층(조양동),,강원특별자치도 춘천시청,033-250-4043,2025-07-14
몽실김밥,일반가맹점,한식,강원특별자치도,춘천시,4181000,강원특별자치도춘천시 남산면 한치로 115-1,033-261-0058,강원특별자치도 춘천시청,033-250-4043,2025-07-14
몽짬뽕,일반가맹점,중식,강원특별자치도,춘천시,4181000,"강원특별자치도춘천시 지석로 80, 271 (퇴계동, 너스카펠라복합빌딩)",033-269-7979,강원특별자치도 춘천시청,033-250-4043,2025-07-14
무공해식당24시편의점,일반가맹점,한식,강원특별자치도,춘천시,4181000,강원특별자치도춘천시 남면 충효로 1350,033-263-1965,강원특별자치도 춘천시청,033-250-4043,2025-07-14
무모한초밥강대후문점,일반가맹점,일식,강원특별자치도,춘천시,4181000,강원특별자치도 춘천시 서부대성로 225-1 1층,033-251-6090,강원특별자치도 춘천시청,033-250-4043,2025-07-14
무사피르(musafir),일반가맹점,일반대중음식,강원특별자치도,춘천시,4181000,강원특별자치도 춘천시 공지로252번길 22 외3필지 효자동,033-257-7696,강원특별자치도 춘천시청,033-250-4043,2025-07-14
무사피르(musafir),일반가맹점,일반대중음식,강원특별자치도,춘천시,4181000,강원특별자치도 춘천시 공지로252번길 22 1층 효자동,033-911-9505,강원특별자치도 춘천시청,033-250-4043,2025-07-14
무우,일반가맹점,한식,강원특별자치도,춘천시,4181000,강원특별자치도 춘천시 성심로47번길 104 1층,,강원특별자치도 춘천시청,033-250-4043,2025-07-14
무청감자탕 한림대점,일반가맹점,일반대중음식,강원특별자치도,춘천시,4181000,강원특별자치도춘천시 삭주로 82 (교동),033-242-9282,강원특별자치도 춘천시청,033-250-4043,2025-07-14
무한도전,일반가맹점,한식,강원특별자치도,춘천시,4181000,강원특별자치도 춘천시 삭주로 198 1층,033-257-0967,강원특별자치도 춘천시청,033-250-4043,2025-07-14
묵은지한상,일반가맹점,한식,강원특별자치도,춘천시,4181000,강원특별자치도 춘천시 효석로9번길 7 1층 묵은지한상,033-257-0558,강원특별자치도 춘천시청,033-250-4043,2025-07-14
문가네 고깃집,일반가맹점,한식,강원특별자치도,춘천시,4181000,강원특별자치도 춘천시 우두1길 21 1층 101호,,강원특별자치도 춘천시청,033-250-4043,2025-07-14
문가네 한우곱창,일반가맹점,한식,강원특별자치도,춘천시,4181000,"강원특별자치도춘천시 새롬공원길 22-1, 1층 (석사동)",033-262-4592,강원특별자치도 춘천시청,033-250-4043,2025-07-14
문배 토종닭,일반가맹점,일반대중음식,강원특별자치도,춘천시,4181000,강원특별자치도춘천시 남산면 강촌문배길 514,033-261-3403,강원특별자치도 춘천시청,033-250-4043,2025-07-14
문배마을 김가네,일반가맹점,한식,강원특별자치도,춘천시,4181000,강원특별자치도 춘천시 남산면 강촌문배길 483 .,033-262-0881,강원특별자치도 춘천시청,033-250-4043,2025-07-14
문배마을신가네,일반가맹점,한식,강원특별자치도,춘천시,4181000,강원특별자치도춘천시 남산면 강촌리 491-1,033-261-0929,강원특별자치도 춘천시청,033-250-4043,2025-07-14
문배마을장씨네,일반가맹점,한식,강원특별자치도,춘천시,4181000,강원특별자치도춘천시 동내면 춘천순환로72번길 39-1,033-261-5999,강원특별자치도 춘천시청,033-250-4043,2025-07-14
문배마을촌집,일반가맹점,한식,강원특별자치도,춘천시,4181000,강원특별자치도춘천시 남산면 강촌문배길 502,033-261-4002,강원특별자치도 춘천시청,033-250-4043,2025-07-14
문배마을큰집,일반가맹점,한식,강원특별자치도,춘천시,4181000,강원특별자치도 춘천시 남산면 강촌문배길 540 1층,033-261-6492,강원특별자치도 춘천시청,033-250-4043,2025-07-14
문배촌가든,일반가맹점,한식,강원특별자치도,춘천시,4181000,강원특별자치도춘천시 신동 886-4,033-244-9298,강원특별자치도 춘천시청,033-250-4043,2025-07-14
문배통나무집,일반가맹점,일반대중음식,강원특별자치도,춘천시,4181000,강원특별자치도 춘천시 남산면 강촌문배길 502-2 1층,033-262-6639,강원특별자치도 춘천시청,033-250-4043,2025-07-14
문애랑,일반가맹점,일반대중음식,강원특별자치도,춘천시,4181000,"강원특별자치도 춘천시 백령로 4 , 1층",033-263-1440,강원특별자치도 춘천시청,033-250-4043,2025-07-14
물갯말닭갈비,일반가맹점,한식,강원특별자치도,춘천시,4181000,"강원특별자치도춘천시 남산면 강촌로 92, 1층",033-262-6523,강원특별자치도 춘천시청,033-250-4043,2025-07-14
뭐게궁금하게,일반가맹점,한식,강원특별자치도,춘천시,4181000,강원특별자치도 춘천시 충열로 232 1층,033-253-5545,강원특별자치도 춘천시청,033-250-4043,2025-07-14
미가,일반가맹점,한식,강원특별자치도,춘천시,4181000,강원특별자치도 춘천시 삭주로 180 1층 (후평동),033-252-4498,강원특별자치도 춘천시청,033-250-4043,2025-07-14
미가,일반가맹점,한식,강원특별자치도,춘천시,4181000,강원특별자치도춘천시 백령로 5 (효자동),033-241-3343,강원특별자치도 춘천시청,033-250-4043,2025-07-14
미가,일반가맹점,한식,강원특별자치도,춘천시,4181000,"강원특별자치도춘천시 춘천로170번길 10, 2층 (운교동)",033-255-0716,강원특별자치도 춘천시청,033-250-4043,2025-07-14
미가득,일반가맹점,한식,강원특별자치도,춘천시,4181000,강원특별자치도춘천시 신흥길5번길 4-10 (우두동),033-253-5611,강원특별자치도 춘천시청,033-250-4043,2025-07-14
미가락,일반가맹점,일반대중음식,강원특별자치도,춘천시,4181000,강원특별자치도춘천시 성심로 8-2 (교동),033-255-5807,강원특별자치도 춘천시청,033-250-4043,2025-07-14
미가쭈꾸미,일반가맹점,한식,강원특별자치도,춘천시,4181000,강원특별자치도춘천시 퇴계로145번길 7-5 (퇴계동),033-256-9638,강원특별자치도 춘천시청,033-250-4043,2025-07-14
미가초당두부,일반가맹점,한식,강원특별자치도,춘천시,4181000,강원특별자치도춘천시 뒷들길 16 (후평동),033-256-4915,강원특별자치도 춘천시청,033-250-4043,2025-07-14
미각,일반가맹점,중식,강원특별자치도,춘천시,4181000,강원특별자치도춘천시 지석로 13 (퇴계동),033-263-7890,강원특별자치도 춘천시청,033-250-4043,2025-07-14
미각마라탕,일반가맹점,일반대중음식,강원특별자치도,춘천시,4181000,강원특별자치도 춘천시 충혼길 10 1층,,강원특별자치도 춘천시청,033-250-4043,2025-07-14
미고토국물닭발,일반가맹점,한식,강원특별자치도,춘천시,4181000,강원특별자치도 춘천시 효자로150번길 10-1 (효자동),033-252-3510,강원특별자치도 춘천시청,033-250-4043,2025-07-14
미나네,일반가맹점,한식,강원특별자치도,춘천시,4181000,강원특별자치도춘천시 춘천로310번길 35 (후평동),033-257-4970,강원특별자치도 춘천시청,033-250-4043,2025-07-14
미노루,일반가맹점,한식,강원특별자치도,춘천시,4181000,강원특별자치도 춘천시 동내면 춘천순환로72번길 16 .,033-262-7787,강원특별자치도 춘천시청,033-250-4043,2025-07-14
미니분식,일반가맹점,한식,강원특별자치도,춘천시,4181000,"강원특별자치도 춘천시 서부대성로 12 1층 32호,33호",033-255-2510,강원특별자치도 춘천시청,033-250-4043,2025-07-14
미니슈퍼,일반가맹점,한식,강원특별자치도,춘천시,4181000,"강원특별자치도춘천시 춘주로201번길 16-1, 1층 (퇴계동)",033-264-7588,강원특별자치도 춘천시청,033-250-4043,2025-07-14
미다미,일반가맹점,일식,강원특별자치도,춘천시,4181000,강원특별자치도춘천시 삭주로 195 (후평동),033-241-2289,강원특별자치도 춘천시청,033-250-4043,2025-07-14
미도숯불갈비,일반가맹점,한식,강원특별자치도,춘천시,4181000,강원특별자치도 춘천시 효자로 104 2동 1층(효자동),033-252-0861,강원특별자치도 춘천시청,033-250-4043,2025-07-14
미도칼국수,일반가맹점,일반대중음식,강원특별자치도,춘천시,4181000,강원특별자치도춘천시 효자1동 662-20번지,033-256-8904,강원특별자치도 춘천시청,033-250-4043,2025-07-14
미돈,일반가맹점,한식,강원특별자치도,춘천시,4181000,"강원특별자치도 춘천시 행촌로 34 , 1층 102호",033-910-7573,강원특별자치도 춘천시청,033-250-4043,2025-07-14
미라네해물칼국수,일반가맹점,한식,강원특별자치도,춘천시,4181000,강원특별자치도춘천시 충혼길44번길 18 (온의동),033-252-2205,강원특별자치도 춘천시청,033-250-4043,2025-07-14
미라클바이러스,일반가맹점,일반대중음식,강원특별자치도,춘천시,4181000,"강원특별자치도춘천시 후만로 13, 106호 (후평동, 주공5단지아파트)",033-264-7718,강원특별자치도 춘천시청,033-250-4043,2025-07-14
미랑,일반가맹점,한식,강원특별자치도,춘천시,4181000,강원특별자치도춘천시 퇴계동 11지구33블럭2롯트,033-244-3789,강원특별자치도 춘천시청,033-250-4043,2025-07-14
미래성,일반가맹점,중식,강원특별자치도,춘천시,4181000,강원특별자치도 춘천시 영서로2756번길 2 1층(우두동),033-244-1929,강원특별자치도 춘천시청,033-250-4043,2025-07-14
미래향,일반가맹점,중식,강원특별자치도,춘천시,4181000,강원특별자치도 춘천시 영서로 2664 1층,033-241-7397,강원특별자치도 춘천시청,033-250-4043,2025-07-14
미리내닭갈비,일반가맹점,일반대중음식,강원특별자치도,춘천시,4181000,강원특별자치도 춘천시 충열로 231 1층,033-256-5356,강원특별자치도 춘천시청,033-250-4043,2025-07-14
미미오븐,일반가맹점,일반대중음식,강원특별자치도,춘천시,4181000,"강원특별자치도 춘천시 지석로 115 상가동 1층 104호(석사동, 현진에버빌1차 상가)",,강원특별자치도 춘천시청,033-250-4043,2025-07-14
미미즈(mimi´s),일반가맹점,일반대중음식,강원특별자치도,춘천시,4181000,강원특별자치도 춘천시 보안길 42 1층(후평동),,강원특별자치도 춘천시청,033-250-4043,2025-07-14
미미축산,일반가맹점,정육점,강원특별자치도,춘천시,4181000,강원특별자치도 춘천시 김유정로 1874 1,033-264-1066,강원특별자치도 춘천시청,033-250-4043,2025-07-14
미미카츠,일반가맹점,일반대중음식,강원특별자치도,춘천시,4181000,강원특별자치도 춘천시 효제길 26 1층,033-243-1128,강원특별자치도 춘천시청,033-250-4043,2025-07-14
미미카츠 우두점,일반가맹점,일반대중음식,강원특별자치도,춘천시,4181000,강원특별자치도 춘천시 충열로 10-9 1층,033-257-1128,강원특별자치도 춘천시청,033-250-4043,2025-07-14
미미한식,일반가맹점,한식,강원특별자치도,춘천시,4181000,강원특별자치도 춘천시 애막골길3번길 10 1층,033-244-3436,강원특별자치도 춘천시청,033-250-4043,2025-07-14
미사옥 춘천엔타,일반가맹점,한식,강원특별자치도,춘천시,4181000,강원특별자치도 춘천시 후석로 120 2층 214호,,강원특별자치도 춘천시청,033-250-4043,2025-07-14
미성식당,일반가맹점,일식,강원특별자치도,춘천시,4181000,"강원특별자치도 춘천시 삭주로 47 1,2층",,강원특별자치도 춘천시청,033-250-4043,2025-07-14
미소김밥,일반가맹점,일반대중음식,강원특별자치도,춘천시,4181000,강원특별자치도 춘천시 방송길 40 1층 101호,033-257-1024,강원특별자치도 춘천시청,033-250-4043,2025-07-14
미소네,일반가맹점,한식,강원특별자치도,춘천시,4181000,"강원특별자치도 춘천시 공지로 367 31,32호",033-251-1425,강원특별자치도 춘천시청,033-250-4043,2025-07-14
미소만족,일반가맹점,일반대중음식,강원특별자치도,춘천시,4181000,강원특별자치도 춘천시 새롬공원길5번길 12 1층(석사동),,강원특별자치도 춘천시청,033-250-4043,2025-07-14
미소야 춘천석사점,일반가맹점,일식,강원특별자치도,춘천시,4181000,강원특별자치도 춘천시 퇴계농공로 22 1층 미소야 춘천석사점,033-264-9393,강원특별자치도 춘천시청,033-250-4043,2025-07-14
미소와,일반가맹점,한식,강원특별자치도,춘천시,4181000,강원특별자치도 춘천시 보안길 59 1층,,강원특별자치도 춘천시청,033-250-4043,2025-07-14
미소와돈 춘천거두석서점,일반가맹점,한식,강원특별자치도,춘천시,4181000,강원특별자치도춘천시 동내면 거두택지길26번길 21,033-242-6262,강원특별자치도 춘천시청,033-250-4043,2025-07-14
미소차이니즈레스토랑,일반가맹점,중식,강원특별자치도,춘천시,4181000,강원특별자치도 춘천시 안마산로 107 지하1층,033-251-9152,강원특별자치도 춘천시청,033-250-4043,2025-07-14
미수라도시락(춘천시청점),일반가맹점,한식,강원특별자치도,춘천시,4181000,강원특별자치도 춘천시 옥천길 3 1층,033-256-8514,강원특별자치도 춘천시청,033-250-4043,2025-07-14
미순이네 제과점,일반가맹점,제과점,강원특별자치도,춘천시,4181000,강원특별자치도 춘천시 공지로441번길 9 1층,033-257-0070,강원특별자치도 춘천시청,033-250-4043,2025-07-14
미스사이공 온의점,일반가맹점,한식,강원특별자치도,춘천시,4181000,강원특별자치도 춘천시 춘천로17번길 17 1층 102호 (온의동),033-252-0420,강원특별자치도 춘천시청,033-250-4043,2025-07-14
미스터머스터쉬 2호점,일반가맹점,일반대중음식,강원특별자치도,춘천시,4181000,강원특별자치도춘천시 옛경춘로 663 (삼천동),070-451-7614,강원특별자치도 춘천시청,033-250-4043,2025-07-14
미스터본,일반가맹점,양식,강원특별자치도,춘천시,4181000,"강원특별자치도 춘천시 명동길 3 (조양동, 2층)",033-257-8668,강원특별자치도 춘천시청,033-250-4043,2025-07-14
미스터빠삭 춘천온의점,일반가맹점,일식,강원특별자치도,춘천시,4181000,"강원특별자치도 춘천시 춘천로17번길 21 1층 109호(온의동, 춘천강남하이엔드)",033-241-5162,강원특별자치도 춘천시청,033-250-4043,2025-07-14
미스터쭈사장,일반가맹점,한식,강원특별자치도,춘천시,4181000,강원특별자치도 춘천시 벌말길 95 1층,033-262-0409,강원특별자치도 춘천시청,033-250-4043,2025-07-14
미쳐버린파닭 (춘천점),일반가맹점,일반대중음식,강원특별자치도,춘천시,4181000,강원특별자치도춘천시 춘주로187번길 3 (퇴계동),033-251-9212,강원특별자치도 춘천시청,033-250-4043,2025-07-14
미쳐스닭발,일반가맹점,한식,강원특별자치도,춘천시,4181000,강원특별자치도 춘천시 충혼길5번길 4-6 1층 우측(퇴계동),033-255-4050,강원특별자치도 춘천시청,033-250-4043,2025-07-14
미카도스시,일반가맹점,일식,강원특별자치도,춘천시,4181000,강원특별자치도 춘천시 춘천로17번길 17 106호,033-256-1500,강원특별자치도 춘천시청,033-250-4043,2025-07-14
미포껍데기,일반가맹점,한식,강원특별자치도,춘천시,4181000,강원특별자치도 춘천시 동내면 거두택지길 41-11 1층,033-261-5350,강원특별자치도 춘천시청,033-250-4043,2025-07-14
미화네떡볶이,일반가맹점,한식,강원특별자치도,춘천시,4181000,강원특별자치도춘천시 삭주로 64 (교동),033-257-4145,강원특별자치도 춘천시청,033-250-4043,2025-07-14
민가생삼겹,일반가맹점,한식,강원특별자치도,춘천시,4181000,강원특별자치도춘천시 충혼길18번길 18 (온의동),033-256-5388,강원특별자치도 춘천시청,033-250-4043,2025-07-14
민물나라,일반가맹점,한식,강원특별자치도,춘천시,4181000,강원특별자치도 춘천시 서부대성로63번길 20 .,070-7529-8843,강원특별자치도 춘천시청,033-250-4043,2025-07-14
민속전통한과,일반가맹점,제과점,강원특별자치도,춘천시,4181000,강원특별자치도춘천시 사우로 48 (사농동),033-257-2564,강원특별자치도 춘천시청,033-250-4043,2025-07-14
밀두레,일반가맹점,한식,강원특별자치도,춘천시,4181000,강원특별자치도 춘천시 당간지주길 71-15 1층,,강원특별자치도 춘천시청,033-250-4043,2025-07-14
밀밭,일반가맹점,일반대중음식,강원특별자치도,춘천시,4181000,강원특별자치도 춘천시 퇴계로145번길 11-6 1층,033-261-8582,강원특별자치도 춘천시청,033-250-4043,2025-07-14
밀밭집,일반가맹점,한식,강원특별자치도,춘천시,4181000,강원특별자치도춘천시 동면 만천로 147,033-257-1257,강원특별자치도 춘천시청,033-250-4043,2025-07-14
밀밭해물칼국수,일반가맹점,한식,강원특별자치도,춘천시,4181000,"강원특별자치도춘천시 효자로 40, 1층 (효자동)",033-242-2636,강원특별자치도 춘천시청,033-250-4043,2025-07-14
밀보리손칼국수,일반가맹점,한식,강원특별자치도,춘천시,4181000,"강원특별자치도 춘천시 동내면 외솔길19번길 56-19 ,1층",,강원특별자치도 춘천시청,033-250-4043,2025-07-14
밀봄숲,일반가맹점,일반대중음식,강원특별자치도,춘천시,4181000,강원특별자치도 춘천시 동산면 종자리로 224-53 .,070-4922-1261,강원특별자치도 춘천시청,033-250-4043,2025-07-14
밀어칼국수,일반가맹점,한식,강원특별자치도,춘천시,4181000,"강원특별자치도춘천시 영서로 2352-32, 춘천풍물상가 12동 83호 (온의동)",033-251-5635,강원특별자치도 춘천시청,033-250-4043,2025-07-14
바니케이크 (Bonny Cake),일반가맹점,제과점,강원특별자치도,춘천시,4181000,강원특별자치도 춘천시 공지로333번길 14 1층,,강원특별자치도 춘천시청,033-250-4043,2025-07-14
바다가 내손아귀,일반가맹점,일반대중음식,강원특별자치도,춘천시,4181000,강원특별자치도 춘천시 스무숲1길 8-8 1층,033-264-3337,강원특별자치도 춘천시청,033-250-4043,2025-07-14
바다마을,일반가맹점,일식,강원특별자치도,춘천시,4181000,"강원특별자치도춘천시 효석로25번길 18, 1층 좌측 (효자동)",033-263-8288,강원특별자치도 춘천시청,033-250-4043,2025-07-14
바다상회,일반가맹점,한식,강원특별자치도,춘천시,4181000,강원특별자치도춘천시 영서로2753번길 18 (우두동),033-261-0588,강원특별자치도 춘천시청,033-250-4043,2025-07-14
바다속풍경,일반가맹점,한식,강원특별자치도,춘천시,4181000,강원특별자치도 춘천시 효자로 119-1 바다속풍경,033-256-8885,강원특별자치도 춘천시청,033-250-4043,2025-07-14
바다수퍼해물천하 조개구이찜 춘천점,일반가맹점,일반대중음식,강원특별자치도,춘천시,4181000,강원특별자치도 춘천시 수변공원길 25-1 1층(삼천동),033-254-5557,강원특별자치도 춘천시청,033-250-4043,2025-07-14
바다애참치,일반가맹점,일식,강원특별자치도,춘천시,4181000,강원특별자치도춘천시 퇴계로145번길 11-2 (퇴계동),033-261-8818,강원특별자치도 춘천시청,033-250-4043,2025-07-14
바다해물찜 감자탕,일반가맹점,한식,강원특별자치도,춘천시,4181000,강원특별자치도춘천시 우석로79번길 15-7 (석사동),033-264-1259,강원특별자치도 춘천시청,033-250-4043,2025-07-14
바다향,일반가맹점,한식,강원특별자치도,춘천시,4181000,강원특별자치도춘천시 신동면 정족길 188,033-264-0122,강원특별자치도 춘천시청,033-250-4043,2025-07-14
바다횟집,일반가맹점,일반대중음식,강원특별자치도,춘천시,4181000,강원특별자치도 춘천시 칠전서길 28-9 1층,033-264-4590,강원특별자치도 춘천시청,033-250-4043,2025-07-14
바람골막국수,일반가맹점,한식,강원특별자치도,춘천시,4181000,강원특별자치도 춘천시 효명길 28-1 1층,033-241-0989,강원특별자치도 춘천시청,033-250-4043,2025-07-14
바로덮밥바로파스타,일반가맹점,한식,강원특별자치도,춘천시,4181000,강원특별자치도 춘천시 효자로 108 1층 102호(효자동),,강원특별자치도 춘천시청,033-250-4043,2025-07-14
바르다김선생(석사점),일반가맹점,한식,강원특별자치도,춘천시,4181000,"강원특별자치도춘천시 지석로 85, 1층 104호 (석사동, 강남프라자)",033-263-1011,강원특별자치도 춘천시청,033-250-4043,2025-07-14
바른고기 정육,일반가맹점,정육점,강원특별자치도,춘천시,4181000,강원특별자치도 춘천시 안마산로 115 A동 103호,033-818-1777,강원특별자치도 춘천시청,033-250-4043,2025-07-14
바른생활,일반가맹점,일반대중음식,강원특별자치도,춘천시,4181000,"강원특별자치도춘천시 후석로 326, 113 (후평동, 엠타워)",033-241-2566,강원특별자치도 춘천시청,033-250-4043,2025-07-14
바른양식당,일반가맹점,양식,강원특별자치도,춘천시,4181000,강원특별자치도 춘천시 중앙로67번길 18 4동2 층4205호,033-253-3555,강원특별자치도 춘천시청,033-250-4043,2025-07-14
바른주방,일반가맹점,한식,강원특별자치도,춘천시,4181000,강원특별자치도 춘천시 서부대성로206번길 19 1층,,강원특별자치도 춘천시청,033-250-4043,2025-07-14
바른치킨 춘천석사점,일반가맹점,일반대중음식,강원특별자치도,춘천시,4181000,"강원특별자치도 춘천시 퇴계농공로 11 101호(석사동, 스타플러스빌딩)",033-264-5877,강원특별자치도 춘천시청,033-250-4043,2025-07-14
바른치킨 춘천온의롯데캐슬점,일반가맹점,일반대중음식,강원특별자치도,춘천시,4181000,강원특별자치도춘천시 온의동 590 롯데캐슬스카이클래스 117동 116호,033-251-6999,강원특별자치도 춘천시청,033-250-4043,2025-07-14
바른치킨춘천후평점,일반가맹점,일반대중음식,강원특별자치도,춘천시,4181000,강원특별자치도 춘천시 춘천로 402 .102호(후평동),033-255-7108,강원특별자치도 춘천시청,033-250-4043,2025-07-14
바베큐 in oper a Garden,일반가맹점,일반대중음식,강원특별자치도,춘천시,4181000,강원특별자치도 춘천시 동내면 원창고개길 125 1층,033-263-3123,강원특별자치도 춘천시청,033-250-4043,2025-07-14
바보형제쭈꾸미춘천만천점,일반가맹점,일반대중음식,강원특별자치도,춘천시,4181000,강원특별자치도춘천시 동면 춘천순환로 388,033-242-9990,강원특별자치도 춘천시청,033-250-4043,2025-07-14
바보형제쭈꾸미효자점,일반가맹점,한식,강원특별자치도,춘천시,4181000,강원특별자치도 춘천시 춘천로186번길 17 1층,033-252-8868,강원특별자치도 춘천시청,033-250-4043,2025-07-14
바불리옛날왕만두춘천점,일반가맹점,한식,강원특별자치도,춘천시,4181000,강원특별자치도 춘천시 약사고개길 7-1 1층,070-4107-9490,강원특별자치도 춘천시청,033-250-4043,2025-07-14
바비랑이푸드,일반가맹점,일반대중음식,강원특별자치도,춘천시,4181000,강원특별자치도 춘천시 운교길 4 1층,,강원특별자치도 춘천시청,033-250-4043,2025-07-14
바비앤드밥,일반가맹점,일반대중음식,강원특별자치도,춘천시,4181000,강원특별자치도 춘천시 후석로46번길 8 1층,,강원특별자치도 춘천시청,033-250-4043,2025-07-14
바오바오양꼬치앤훠궈,일반가맹점,중식,강원특별자치도,춘천시,4181000,강원특별자치도 춘천시 동내면 거두택지길 39 2층,033-261-8988,강원특별자치도 춘천시청,033-250-4043,2025-07-14
바오밥,일반가맹점,양식,강원특별자치도,춘천시,4181000,강원특별자치도춘천시 신동로 69-4 (신동),033-244-6612,강원특별자치도 춘천시청,033-250-4043,2025-07-14
바우네나주곰탕춘천퇴계점,일반가맹점,한식,강원특별자치도,춘천시,4181000,"강원특별자치도 춘천시 우묵길56번길 20 1동,1층",033-252-7887,강원특별자치도 춘천시청,033-250-4043,2025-07-14
바우네왕만두,일반가맹점,한식,강원특별자치도,춘천시,4181000,강원특별자치도 춘천시 영서로 2784 1층(우두동),033-255-1978,강원특별자치도 춘천시청,033-250-4043,2025-07-14
바우옹심이 메밀칼국수,일반가맹점,한식,강원특별자치도,춘천시,4181000,강원특별자치도춘천시 영서로2753번길 8 (우두동),033-243-2010,강원특별자치도 춘천시청,033-250-4043,2025-07-14
바우하우스,일반가맹점,양식,강원특별자치도,춘천시,4181000,"강원특별자치도춘천시 서부대성로43번길 20, 1층 (요선동)",033-253-2438,강원특별자치도 춘천시청,033-250-4043,2025-07-14
바우하우스(Bauhaus),일반가맹점,패스트푸드,강원특별자치도,춘천시,4181000,강원특별자치도 춘천시 효제길 17-1 1층,,강원특별자치도 춘천시청,033-250-4043,2025-07-14
바이케이크,일반가맹점,제과점,강원특별자치도,춘천시,4181000,강원특별자치도 춘천시 춘천로 223 1층,,강원특별자치도 춘천시청,033-250-4043,2025-07-14
바이킹,일반가맹점,한식,강원특별자치도,춘천시,4181000,강원특별자치도 춘천시 삭주로 132-1 좌측,033-241-0143,강원특별자치도 춘천시청,033-250-4043,2025-07-14
바탕골분식,일반가맹점,한식,강원특별자치도,춘천시,4181000,강원특별자치도춘천시 서부대성로44번길 19 (요선동),033-254-3564,강원특별자치도 춘천시청,033-250-4043,2025-07-14
박´S푸드,일반가맹점,한식,강원특별자치도,춘천시,4181000,강원특별자치도 춘천시 춘천로 164-1 1층,,강원특별자치도 춘천시청,033-250-4043,2025-07-14
박가네칼국수,일반가맹점,한식,강원특별자치도,춘천시,4181000,"강원특별자치도춘천시 영서로 2352-24, 풍물시장 12-1207 (온의동)",033-264-8837,강원특별자치도 춘천시청,033-250-4043,2025-07-14
박가부대춘천강대점,일반가맹점,한식,강원특별자치도,춘천시,4181000,강원특별자치도춘천시 백령로138번길 41 박가부대춘천강대점 (효자동),033-257-0755,강원특별자치도 춘천시청,033-250-4043,2025-07-14
박군한우,일반가맹점,한식,강원특별자치도,춘천시,4181000,강원특별자치도 춘천시 벌말길 65-1 1층,033-262-8988,강원특별자치도 춘천시청,033-250-4043,2025-07-14
박대감,일반가맹점,한식,강원특별자치도,춘천시,4181000,강원특별자치도 춘천시 스무숲1길 26 1층 (석사동),033-261-3599,강원특별자치도 춘천시청,033-250-4043,2025-07-14
박대감(우두점),일반가맹점,한식,강원특별자치도,춘천시,4181000,강원특별자치도춘천시 우두동 1056번지,033-255-6892,강원특별자치도 춘천시청,033-250-4043,2025-07-14
박사로냉면,일반가맹점,일반대중음식,강원특별자치도,춘천시,4181000,강원특별자치도 춘천시 서면 박사로 839 1층,,강원특별자치도 춘천시청,033-250-4043,2025-07-14
박사마을곰핫도그,일반가맹점,일반대중음식,강원특별자치도,춘천시,4181000,강원특별자치도 춘천시 서면 금산길 66 1층,,강원특별자치도 춘천시청,033-250-4043,2025-07-14
박사마을닭갈비막국수,일반가맹점,한식,강원특별자치도,춘천시,4181000,강원특별자치도춘천시 서면 박사로 1060,033-241-2641,강원특별자치도 춘천시청,033-250-4043,2025-07-14
박순이 김치찌개부대찌개,일반가맹점,한식,강원특별자치도,춘천시,4181000,강원특별자치도 춘천시 춘주로91번길 8 1층,033-257-0139,강원특별자치도 춘천시청,033-250-4043,2025-07-14
박스소고기얼크니국밥,일반가맹점,한식,강원특별자치도,춘천시,4181000,강원특별자치도 춘천시 지내고탄로 5 1층,,강원특별자치도 춘천시청,033-250-4043,2025-07-14
박혜정케이커리,일반가맹점,제과점,강원특별자치도,춘천시,4181000,강원특별자치도 춘천시 동내면 거두택지길 66 1층,033-262-9004,강원특별자치도 춘천시청,033-250-4043,2025-07-14
반달곰,일반가맹점,한식,강원특별자치도,춘천시,4181000,"강원특별자치도춘천시 후석로 425-1, 1층 (후평동)",033-263-0605,강원특별자치도 춘천시청,033-250-4043,2025-07-14
반마리 닭국수,일반가맹점,한식,강원특별자치도,춘천시,4181000,강원특별자치도춘천시 애막골길7번길 26 (석사동),033-255-9490,강원특별자치도 춘천시청,033-250-4043,2025-07-14
반반한닭춘천점,일반가맹점,일반대중음식,강원특별자치도,춘천시,4181000,강원특별자치도 춘천시 보안길 37 1층(후평동),033-252-2210,강원특별자치도 춘천시청,033-250-4043,2025-07-14
반올림피자샵 춘천2호점,일반가맹점,패스트푸드,강원특별자치도,춘천시,4181000,강원특별자치도 춘천시 퇴계로145번길 11-14 1층 101호,033-264-7717,강원특별자치도 춘천시청,033-250-4043,2025-07-14
반월칼국수,일반가맹점,한식,강원특별자치도,춘천시,4181000,강원특별자치도춘천시 남산면 창말길 18,031-502-4678,강원특별자치도 춘천시청,033-250-4043,2025-07-14
반주,일반가맹점,한식,강원특별자치도,춘천시,4181000,강원특별자치도 춘천시 남춘로36번길 81 (퇴계동),070-7585-2446,강원특별자치도 춘천시청,033-250-4043,2025-07-14
반찬가게,일반가맹점,일반대중음식,강원특별자치도,춘천시,4181000,강원특별자치도 춘천시 칠전서길 34 ..,033-262-9751,강원특별자치도 춘천시청,033-250-4043,2025-07-14
반타이,일반가맹점,일반대중음식,강원특별자치도,춘천시,4181000,강원특별자치도 춘천시 낙원길 37 2층,,강원특별자치도 춘천시청,033-250-4043,2025-07-14
발닭발닭,일반가맹점,한식,강원특별자치도,춘천시,4181000,강원특별자치도 춘천시 동내면 거두택지길 26 ..,033-263-0122,강원특별자치도 춘천시청,033-250-4043,2025-07-14
발래골식당,일반가맹점,한식,강원특별자치도,춘천시,4181000,강원특별자치도춘천시 남산면 북한강변길 964,033-261-4865,강원특별자치도 춘천시청,033-250-4043,2025-07-14
밤골횟집,일반가맹점,한식,강원특별자치도,춘천시,4181000,강원특별자치도춘천시 서면 삿갓봉길 96,033-244-9696,강원특별자치도 춘천시청,033-250-4043,2025-07-14
밥고리,일반가맹점,한식,강원특별자치도,춘천시,4181000,강원특별자치도춘천시 서부대성로 92-2 (조양동),033-251-7646,강원특별자치도 춘천시청,033-250-4043,2025-07-14
밥보네집,일반가맹점,한식,강원특별자치도,춘천시,4181000,강원특별자치도춘천시 서부대성로239번길 4 (효자동),033-255-2123,강원특별자치도 춘천시청,033-250-4043,2025-07-14
밥의민족,일반가맹점,한식,강원특별자치도,춘천시,4181000,강원특별자치도 춘천시 새롬공원길5번길 4 1층,,강원특별자치도 춘천시청,033-250-4043,2025-07-14
밥이랑 국이랑,일반가맹점,한식,강원특별자치도,춘천시,4181000,강원특별자치도 춘천시 동산면 영서로 411 .,033-264-5659,강원특별자치도 춘천시청,033-250-4043,2025-07-14
밥줘요,일반가맹점,한식,강원특별자치도,춘천시,4181000,강원특별자치도 춘천시 만천로199번길 41 1층(후평동),,강원특별자치도 춘천시청,033-250-4043,2025-07-14
밥짓는마을,일반가맹점,양식,강원특별자치도,춘천시,4181000,강원특별자치도춘천시 중앙로 63-1 (중앙로2가),033-242-2624,강원특별자치도 춘천시청,033-250-4043,2025-07-14
밥풀,일반가맹점,일반대중음식,강원특별자치도,춘천시,4181000,강원특별자치도 춘천시 퇴계로93번길 3 107호,,강원특별자치도 춘천시청,033-250-4043,2025-07-14
밥풀릭스춘천점,일반가맹점,일반대중음식,강원특별자치도,춘천시,4181000,강원특별자치도 춘천시 서부대성로205번길 9-1 1층,033-910-0402,강원특별자치도 춘천시청,033-250-4043,2025-07-14
밥한그릇정두그릇,일반가맹점,한식,강원특별자치도,춘천시,4181000,"강원특별자치도춘천시 영서로2452번길 9, 2층 (근화동)",033-243-1190,강원특별자치도 춘천시청,033-250-4043,2025-07-14
밥한끼,일반가맹점,한식,강원특별자치도,춘천시,4181000,강원특별자치도 춘천시 후석로393번길 51 1층,,강원특별자치도 춘천시청,033-250-4043,2025-07-14
밥한끼,일반가맹점,한식,강원특별자치도,춘천시,4181000,강원특별자치도 춘천시 후석로 365 1층,033-261-0842,강원특별자치도 춘천시청,033-250-4043,2025-07-14
방월리전집,일반가맹점,일반대중음식,강원특별자치도,춘천시,4181000,"강원특별자치도춘천시 벌말길 72-1, 1층 (석사동)",033-263-0128,강원특별자치도 춘천시청,033-250-4043,2025-07-14
방콕66,일반가맹점,일반대중음식,강원특별자치도,춘천시,4181000,강원특별자치도 춘천시 춘천로 340 1층,033-264-1770,강원특별자치도 춘천시청,033-250-4043,2025-07-14
배가네,일반가맹점,한식,강원특별자치도,춘천시,4181000,강원특별자치도 춘천시 동내면 학곡동길 4 1층,033-264-6564,강원특별자치도 춘천시청,033-250-4043,2025-07-14
배꼽시계,일반가맹점,한식,강원특별자치도,춘천시,4181000,강원특별자치도 춘천시 후석로45번길 23-1 1층(석사동),,강원특별자치도 춘천시청,033-250-4043,2025-07-14
배나무골가마솥칼국수,일반가맹점,한식,강원특별자치도,춘천시,4181000,강원특별자치도춘천시 국사봉길 2-9 (퇴계동),033-256-6868,강원특별자치도 춘천시청,033-250-4043,2025-07-14
배나무집횟골오리,일반가맹점,한식,강원특별자치도,춘천시,4181000,강원특별자치도 춘천시 경춘로 2297-33 .,,강원특별자치도 춘천시청,033-250-4043,2025-07-14
배달삼겹 돈나와라뚝딱,일반가맹점,한식,강원특별자치도,춘천시,4181000,강원특별자치도 춘천시 효자로 101-3 1층(효자동),033-253-3592,강원특별자치도 춘천시청,033-250-4043,2025-07-14
배달연구소,일반가맹점,한식,강원특별자치도,춘천시,4181000,강원특별자치도 춘천시 백령로138번길 57 1층(효자동),,강원특별자치도 춘천시청,033-250-4043,2025-07-14
배떡춘천명동점,일반가맹점,한식,강원특별자치도,춘천시,4181000,강원특별자치도 춘천시 중앙로67번길 18 1층,033-241-7879,강원특별자치도 춘천시청,033-250-4043,2025-07-14
배럴하우스(BARREL HOUSE),일반가맹점,양식,강원특별자치도,춘천시,4181000,강원특별자치도 춘천시 우묵길70번길 7 1층(퇴계동),,강원특별자치도 춘천시청,033-250-4043,2025-07-14
배부리,일반가맹점,한식,강원특별자치도,춘천시,4181000,강원특별자치도 춘천시 춘천로68번길 8 1층(효자동),033-241-8720,강원특별자치도 춘천시청,033-250-4043,2025-07-14
배블리,일반가맹점,일반대중음식,강원특별자치도,춘천시,4181000,강원특별자치도 춘천시 후석로250번길 21 1층,033-255-2303,강원특별자치도 춘천시청,033-250-4043,2025-07-14
배스킨라빈스 춘천우두점,일반가맹점,제과점,강원특별자치도,춘천시,4181000,강원특별자치도 춘천시 우두6길 5 101호,033-253-3133,강원특별자치도 춘천시청,033-250-4043,2025-07-14
배터매운탕온의점,일반가맹점,한식,강원특별자치도,춘천시,4181000,강원특별자치도 춘천시 영서로2279번길 25 .,033-254-3345,강원특별자치도 춘천시청,033-250-4043,2025-07-14
배터식당,일반가맹점,한식,강원특별자치도,춘천시,4181000,강원특별자치도춘천시 당간지주길 89 (소양로1가),033-243-6344,강원특별자치도 춘천시청,033-250-4043,2025-07-14
백계옥,일반가맹점,한식,강원특별자치도,춘천시,4181000,강원특별자치도 춘천시 영서로2279번길 19 1층,,강원특별자치도 춘천시청,033-250-4043,2025-07-14
백년갈비춘천점,일반가맹점,한식,강원특별자치도,춘천시,4181000,"강원특별자치도춘천시 후석로455번길 44, 1층 (후평동)",070-7078-4488,강원특별자치도 춘천시청,033-250-4043,2025-07-14
백년전,일반가맹점,한식,강원특별자치도,춘천시,4181000,강원특별자치도 춘천시 동내면 거두택지길26번길 9-13 1층,033-262-9291,강원특별자치도 춘천시청,033-250-4043,2025-07-14
백년족발,일반가맹점,한식,강원특별자치도,춘천시,4181000,"강원특별자치도춘천시 후석로 232, 1층 (후평동)",033-241-0100,강원특별자치도 춘천시청,033-250-4043,2025-07-14
백년족발 근화점,일반가맹점,한식,강원특별자치도,춘천시,4181000,강원특별자치도 춘천시 공지로431번길 1 1층 1호(근화동),033-243-0800,강원특별자치도 춘천시청,033-250-4043,2025-07-14
백년족발 석사씨지브이점,일반가맹점,한식,강원특별자치도,춘천시,4181000,"강원특별자치도춘천시 지석로 22, 1층 (퇴계동)",033-261-0200,강원특별자치도 춘천시청,033-250-4043,2025-07-14
백년족발 요선점,일반가맹점,일반대중음식,강원특별자치도,춘천시,4181000,"강원특별자치도 춘천시 서부대성로 22-1 1, 2층(소양로2가)",033-254-0200,강원특별자치도 춘천시청,033-250-4043,2025-07-14
백년족발(퇴계점),일반가맹점,제과점,강원특별자치도,춘천시,4181000,"강원특별자치도춘천시 춘주로 162, 상 101 (퇴계동, 현대1차아파트)",033-243-0600,강원특별자치도 춘천시청,033-250-4043,2025-07-14
백년카츠 남춘천점,일반가맹점,일반대중음식,강원특별자치도,춘천시,4181000,강원특별자치도 춘천시 행촌로 34 1층,033-242-0039,강원특별자치도 춘천시청,033-250-4043,2025-07-14
백년회관서서갈비 퇴계점,일반가맹점,한식,강원특별자치도,춘천시,4181000,강원특별자치도 춘천시 역전옛길 9 퇴계동,033-262-7766,강원특별자치도 춘천시청,033-250-4043,2025-07-14
백담코다리,일반가맹점,한식,강원특별자치도,춘천시,4181000,강원특별자치도 춘천시 보안길 19 1층101호(후평동),,강원특별자치도 춘천시청,033-250-4043,2025-07-14
백돈춘천점,일반가맹점,일식,강원특별자치도,춘천시,4181000,강원특별자치도 춘천시 벌말길 27 1층,,강원특별자치도 춘천시청,033-250-4043,2025-07-14
백두산어탕국수,일반가맹점,한식,강원특별자치도,춘천시,4181000,강원특별자치도 춘천시 남산면 강촌로 393 .,033-261-3448,강원특별자치도 춘천시청,033-250-4043,2025-07-14
백령밥집,일반가맹점,한식,강원특별자치도,춘천시,4181000,강원특별자치도 춘천시 백령로 182 1층(후평동),033-241-2287,강원특별자치도 춘천시청,033-250-4043,2025-07-14
백리향,일반가맹점,중식,강원특별자치도,춘천시,4181000,"강원특별자치도춘천시 신흥길5번길 8-2, 1층 (우두동)",033-254-0622,강원특별자치도 춘천시청,033-250-4043,2025-07-14
백세추어탕,일반가맹점,한식,강원특별자치도,춘천시,4181000,강원특별자치도 춘천시 춘천로 346 1층,033-252-9267,강원특별자치도 춘천시청,033-250-4043,2025-07-14
백암왕순대,일반가맹점,한식,강원특별자치도,춘천시,4181000,강원특별자치도춘천시 퇴계동 11택지개발지구 10블록 로트2 1층 2호,033-251-3124,강원특별자치도 춘천시청,033-250-4043,2025-07-14
백암왕순대(춘천1호점),일반가맹점,한식,강원특별자치도,춘천시,4181000,강원특별자치도춘천시 동내면 춘천순환로72번길 33-10 1층,033-264-3124,강원특별자치도 춘천시청,033-250-4043,2025-07-14
백암토종순대,일반가맹점,한식,강원특별자치도,춘천시,4181000,강원특별자치도 춘천시 우두1길 21 1층 102호(우두동),033-243-7767,강원특별자치도 춘천시청,033-250-4043,2025-07-14
백일칼국수 춘천공지천점,일반가맹점,한식,강원특별자치도,춘천시,4181000,강원특별자치도 춘천시 뱀내길 6 1층,033-255-0101,강원특별자치도 춘천시청,033-250-4043,2025-07-14
백일칼국수 춘천우두점,일반가맹점,한식,강원특별자치도,춘천시,4181000,"강원특별자치도춘천시 충열로7번길 24, 1층 (우두동)",,강원특별자치도 춘천시청,033-250-4043,2025-07-14
백종원의 원조쌈밥집 춘천석사점,일반가맹점,한식,강원특별자치도,춘천시,4181000,강원특별자치도춘천시 퇴계농공로 14 (석사동),033-261-0292,강원특별자치도 춘천시청,033-250-4043,2025-07-14
백채김치찌개춘천후평점,일반가맹점,한식,강원특별자치도,춘천시,4181000,"강원특별자치도 춘천시 후석로326번길 13 상가동 1층 101호(후평동,현대2차아파트)",,강원특별자치도 춘천시청,033-250-4043,2025-07-14
백화,일반가맹점,한식,강원특별자치도,춘천시,4181000,강원특별자치도 춘천시 동내면 거두택지길26번길 24 1층,,강원특별자치도 춘천시청,033-250-4043,2025-07-14
뱃터매운탕,일반가맹점,한식,강원특별자치도,춘천시,4181000,강원특별자치도 춘천시 영서로 3219 1층,033-244-1201,강원특별자치도 춘천시청,033-250-4043,2025-07-14
버거스튜디오,일반가맹점,일반대중음식,강원특별자치도,춘천시,4181000,강원특별자치도 춘천시 칠전동길 61 1층,033-261-0429,강원특별자치도 춘천시청,033-250-4043,2025-07-14
버거킹 딜리버리 전용,일반가맹점,패스트푸드,강원특별자치도,춘천시,4181000,서울특별시 종로구 삼봉로 71 2층,02-6331-8255,강원특별자치도 춘천시청,033-250-4043,2025-07-14
버거킹 춘천거두GS점,일반가맹점,패스트푸드,강원특별자치도,춘천시,4181000,강원특별자치도춘천시 동내면 춘천순환로 59,033-264-0332,강원특별자치도 춘천시청,033-250-4043,2025-07-14
버거킹 춘천온의점,일반가맹점,패스트푸드,강원특별자치도,춘천시,4181000,강원특별자치도 춘천시 방송길 98-1 1층,,강원특별자치도 춘천시청,033-250-4043,2025-07-14
버거킹 춘천후평에스점,일반가맹점,패스트푸드,강원특별자치도,춘천시,4181000,강원특별자치도 춘천시 후석로 322 1.2층,,강원특별자치도 춘천시청,033-250-4043,2025-07-14
버거타운,일반가맹점,패스트푸드,강원특별자치도,춘천시,4181000,"강원특별자치도춘천시 서부대성로 18, 1층 (소양로2가)",033-255-8175,강원특별자치도 춘천시청,033-250-4043,2025-07-14
버니하우스,일반가맹점,일반대중음식,강원특별자치도,춘천시,4181000,강원특별자치도 춘천시 서부대성로239번길 47-14 1층,,강원특별자치도 춘천시청,033-250-4043,2025-07-14
버터하우스,일반가맹점,일반대중음식,강원특별자치도,춘천시,4181000,강원특별자치도 춘천시 새롬공원길5번길 26 1층,02-1544-4223,강원특별자치도 춘천시청,033-250-4043,2025-07-14
번개치킨,일반가맹점,일반대중음식,강원특별자치도,춘천시,4181000,강원특별자치도춘천시 벌말길 86-1 (석사동),033-262-1666,강원특별자치도 춘천시청,033-250-4043,2025-07-14
베러인타임,일반가맹점,한식,강원특별자치도,춘천시,4181000,강원특별자치도 춘천시 벌말길 72 1층,,강원특별자치도 춘천시청,033-250-4043,2025-07-14
베리베리청과,일반가맹점,농수산물,강원특별자치도,춘천시,4181000,강원특별자치도 춘천시 퇴계로 133 103호(퇴계동),,강원특별자치도 춘천시청,033-250-4043,2025-07-14
베이스 캠프(Base Camp),일반가맹점,일반대중음식,강원특별자치도,춘천시,4181000,강원특별자치도 춘천시 남산면 보매기길 8 1층,,강원특별자치도 춘천시청,033-250-4043,2025-07-14
베이스캠프,일반가맹점,한식,강원특별자치도,춘천시,4181000,강원특별자치도 춘천시 이디오피아길 19 .,033-252-8649,강원특별자치도 춘천시청,033-250-4043,2025-07-14
베이크블럭,일반가맹점,일반대중음식,강원특별자치도,춘천시,4181000,강원특별자치도 춘천시 영서로 2261 1층 베이크블럭,,강원특별자치도 춘천시청,033-250-4043,2025-07-14
베트남노상식당,일반가맹점,양식,강원특별자치도,춘천시,4181000,"강원특별자치도춘천시 삭주로 6, 1층 (조양동)",,강원특별자치도 춘천시청,033-250-4043,2025-07-14
베트남식당,일반가맹점,한식,강원특별자치도,춘천시,4181000,강원특별자치도 춘천시 서부대성로48번길 5-1 1층,,강원특별자치도 춘천시청,033-250-4043,2025-07-14
베트남쌀국수,일반가맹점,일반대중음식,강원특별자치도,춘천시,4181000,강원특별자치도 춘천시 명동길 50-1 1층(중앙로3가),,강원특별자치도 춘천시청,033-250-4043,2025-07-14
벤처하우스,일반가맹점,일반대중음식,강원특별자치도,춘천시,4181000,강원특별자치도 춘천시 서부대성로44번길 20-2 (요선동),033-256-1355,강원특별자치도 춘천시청,033-250-4043,2025-07-14
벨몽드본점김밥,일반가맹점,한식,강원특별자치도,춘천시,4181000,강원특별자치도춘천시 춘천로 197-1 (효자동),033-255-7482,강원특별자치도 춘천시청,033-250-4043,2025-07-14
벨몽드참참참스넥,일반가맹점,한식,강원특별자치도,춘천시,4181000,"강원특별자치도 춘천시 춘천로 197-1 ,1층(효자동)",033-254-2284,강원특별자치도 춘천시청,033-250-4043,2025-07-14
별난별미 별별김밥,일반가맹점,한식,강원특별자치도,춘천시,4181000,강원특별자치도 춘천시 백령로 138 .1층 가운데 호,033-243-6774,강원특별자치도 춘천시청,033-250-4043,2025-07-14
별당막국수,일반가맹점,한식,강원특별자치도,춘천시,4181000,강원특별자치도춘천시 약사동 151-7,033-254-9603,강원특별자치도 춘천시청,033-250-4043,2025-07-14
별미당,일반가맹점,일반대중음식,강원특별자치도,춘천시,4181000,강원특별자치도 춘천시 명동길 49 1층,033-254-1153,강원특별자치도 춘천시청,033-250-4043,2025-07-14
별미막국수,일반가맹점,한식,강원특별자치도,춘천시,4181000,강원특별자치도춘천시 자라우길 7-17 (온의동),033-255-3728,강원특별자치도 춘천시청,033-250-4043,2025-07-14
별미분식,일반가맹점,한식,강원특별자치도,춘천시,4181000,강원특별자치도 춘천시 서부대성로48번길 24 1층,,강원특별자치도 춘천시청,033-250-4043,2025-07-14
별미순대국,일반가맹점,한식,강원특별자치도,춘천시,4181000,강원특별자치도 춘천시 공단로 20 1층,033-2344-4567,강원특별자치도 춘천시청,033-250-4043,2025-07-14
별미쌈대패,일반가맹점,한식,강원특별자치도,춘천시,4181000,강원특별자치도 춘천시 안마산로 203 1층,033-262-7772,강원특별자치도 춘천시청,033-250-4043,2025-07-14
별미얼큰순대국,일반가맹점,한식,강원특별자치도,춘천시,4181000,강원특별자치도 춘천시 동내면 거두택지길 65-3 .,033-262-7999,강원특별자치도 춘천시청,033-250-4043,2025-07-14
별순대,일반가맹점,한식,강원특별자치도,춘천시,4181000,"강원특별자치도춘천시 효평길 103 , . (후평동)",033-254-9595,강원특별자치도 춘천시청,033-250-4043,2025-07-14
별장,일반가맹점,한식,강원특별자치도,춘천시,4181000,강원특별자치도 춘천시 서면 삿갓봉길 49 .,033-244-2007,강원특별자치도 춘천시청,033-250-4043,2025-07-14
별장한방토종닭,일반가맹점,한식,강원특별자치도,춘천시,4181000,강원특별자치도 춘천시 동면 연산골길 54 별장한방토종닭,033-241-7776,강원특별자치도 춘천시청,033-250-4043,2025-07-14
별채식당,일반가맹점,한식,강원특별자치도,춘천시,4181000,강원특별자치도춘천시 삭주로 75 (교동),033-257-9110,강원특별자치도 춘천시청,033-250-4043,2025-07-14
병관이네과자점한숲점,일반가맹점,제과점,강원특별자치도,춘천시,4181000,강원특별자치도 춘천시 안마산로 115 상가A동1층 104호 (퇴계동.이편한세상춘찬한숲시티),,강원특별자치도 춘천시청,033-250-4043,2025-07-14
병아리김밥 춘천장학점,일반가맹점,한식,강원특별자치도,춘천시,4181000,강원특별자치도 춘천시 동면 춘천로449번길 30-3 104호,033-244-1107,강원특별자치도 춘천시청,033-250-4043,2025-07-14
병우네 칼국수,일반가맹점,한식,강원특별자치도,춘천시,4181000,"강원특별자치도춘천시 퇴계로145번길 11-1, 1층 (퇴계동)",033-261-6949,강원특별자치도 춘천시청,033-250-4043,2025-07-14
병천순대,일반가맹점,한식,강원특별자치도,춘천시,4181000,강원특별자치도춘천시 삭주로 98 (후평동),033-255-6702,강원특별자치도 춘천시청,033-250-4043,2025-07-14
병천순대 춘천점,일반가맹점,한식,강원특별자치도,춘천시,4181000,강원특별자치도춘천시 동면 만천리 305-3,033-244-0082,강원특별자치도 춘천시청,033-250-4043,2025-07-14
병천순대국,일반가맹점,한식,강원특별자치도,춘천시,4181000,강원특별자치도 춘천시 동내면 영서로 1778 1층,033-255-8997,강원특별자치도 춘천시청,033-250-4043,2025-07-14
병천시골순대국밥,일반가맹점,한식,강원특별자치도,춘천시,4181000,강원특별자치도춘천시 백령로151번길 1 (효자동),033-241-7555,강원특별자치도 춘천시청,033-250-4043,2025-07-14
보경루,일반가맹점,중식,강원특별자치도,춘천시,4181000,"강원특별자치도 춘천시 춘천로 68 40, 1층",033-253-3800,강원특별자치도 춘천시청,033-250-4043,2025-07-14
보노샌드,일반가맹점,일반대중음식,강원특별자치도,춘천시,4181000,강원특별자치도 춘천시 춘주로92번길 19 .,,강원특별자치도 춘천시청,033-250-4043,2025-07-14
보돌미역춘천만천점,일반가맹점,한식,강원특별자치도,춘천시,4181000,"강원특별자치도춘천시 동면 춘천순환로 514, 1층",033-254-1114,강원특별자치도 춘천시청,033-250-4043,2025-07-14
보리와마루,일반가맹점,한식,강원특별자치도,춘천시,4181000,강원특별자치도 춘천시 동면 춘천로449번길 24-3 1층,033-241-1077,강원특별자치도 춘천시청,033-250-4043,2025-07-14
보리울,일반가맹점,한식,강원특별자치도,춘천시,4181000,강원특별자치도 춘천시 중앙로194번길 35 ...,033-253-7004,강원특별자치도 춘천시청,033-250-4043,2025-07-14
보릿고개춘천점,일반가맹점,한식,강원특별자치도,춘천시,4181000,강원특별자치도 춘천시 동내면 거두택지길 41-38 .,033-264-6657,강원특별자치도 춘천시청,033-250-4043,2025-07-14
보문각,일반가맹점,중식,강원특별자치도,춘천시,4181000,강원특별자치도 춘천시 약사고개길 42 (약사동),033-254-8375,강원특별자치도 춘천시청,033-250-4043,2025-07-14
보민집,일반가맹점,일반대중음식,강원특별자치도,춘천시,4181000,강원특별자치도 춘천시 우두상리2길 30 1층,033-242-7070,강원특별자치도 춘천시청,033-250-4043,2025-07-14
보배반점 춘천퇴계점,일반가맹점,중식,강원특별자치도,춘천시,4181000,강원특별자치도 춘천시 퇴계로 41 1층,033-251-6754,강원특별자치도 춘천시청,033-250-4043,2025-07-14
보쌈꽃핀메밀,일반가맹점,일반대중음식,강원특별자치도,춘천시,4181000,강원특별자치도 춘천시 후만로98번길 2 1층,,강원특별자치도 춘천시청,033-250-4043,2025-07-14
보안감자탕앤호세야,일반가맹점,한식,강원특별자치도,춘천시,4181000,강원특별자치도 춘천시 보안길 62 5층,033-252-3737,강원특별자치도 춘천시청,033-250-4043,2025-07-14
보안낸동삼겹살,일반가맹점,한식,강원특별자치도,춘천시,4181000,강원특별자치도 춘천시 보안길 50-1 1층,,강원특별자치도 춘천시청,033-250-4043,2025-07-14
보안삼거리집,일반가맹점,한식,강원특별자치도,춘천시,4181000,"강원특별자치도춘천시 후석로 342, 나호 (후평동)",033-242-9955,강원특별자치도 춘천시청,033-250-4043,2025-07-14
보양오리숯불구이,일반가맹점,한식,강원특별자치도,춘천시,4181000,강원특별자치도춘천시 충열로16번길 4 (우두동),033-242-3599,강원특별자치도 춘천시청,033-250-4043,2025-07-14
보영이네해물칼국수,일반가맹점,한식,강원특별자치도,춘천시,4181000,강원특별자치도 춘천시 효자로 42 1층(효자동),033-243-5883,강원특별자치도 춘천시청,033-250-4043,2025-07-14
보영이네해물칼국수만천리점,일반가맹점,한식,강원특별자치도,춘천시,4181000,"강원특별자치도춘천시 동면 만천리 816-2, 4",033-257-0883,강원특별자치도 춘천시청,033-250-4043,2025-07-14
보영이네해물칼국수본점,일반가맹점,한식,강원특별자치도,춘천시,4181000,강원특별자치도춘천시 공단로60번길 2 (후평동),033-243-0883,강원특별자치도 춘천시청,033-250-4043,2025-07-14
복건성,일반가맹점,한식,강원특별자치도,춘천시,4181000,강원특별자치도 춘천시 충열로7번길 19 1층,033-255-5517,강원특별자치도 춘천시청,033-250-4043,2025-07-14
복대복소한마리곰탕,일반가맹점,한식,강원특별자치도,춘천시,4181000,강원특별자치도춘천시 신북읍 신샘밭로 388-5,033-254-8300,강원특별자치도 춘천시청,033-250-4043,2025-07-14
복돼지숯불구이,일반가맹점,한식,강원특별자치도,춘천시,4181000,강원특별자치도 춘천시 보안길 81 1층,033-254-0104,강원특별자치도 춘천시청,033-250-4043,2025-07-14
복땡이솥뚜껑삼겹살,일반가맹점,한식,강원특별자치도,춘천시,4181000,강원특별자치도 춘천시 충열로16번길 23 1층,033-255-9834,강원특별자치도 춘천시청,033-250-4043,2025-07-14
복성원,일반가맹점,중식,강원특별자치도,춘천시,4181000,강원특별자치도춘천시 효자동 89-1,033-251-3125,강원특별자치도 춘천시청,033-250-4043,2025-07-14
복순이아구찜,일반가맹점,한식,강원특별자치도,춘천시,4181000,강원특별자치도춘천시 동면 뒷들길 4-7,033-251-3330,강원특별자치도 춘천시청,033-250-4043,2025-07-14
복순이아구찜 퇴계점,일반가맹점,한식,강원특별자치도,춘천시,4181000,강원특별자치도 춘천시 남춘로36번길 20 1층,033-262-0769,강원특별자치도 춘천시청,033-250-4043,2025-07-14
본480,일반가맹점,일반대중음식,강원특별자치도,춘천시,4181000,강원특별자치도 춘천시 퇴계로145번길 15-2 1층(퇴계동),,강원특별자치도 춘천시청,033-250-4043,2025-07-14
본가김밥,일반가맹점,한식,강원특별자치도,춘천시,4181000,"강원특별자치도춘천시 삭주로 33-1 (교동,1층)",033-253-0346,강원특별자치도 춘천시청,033-250-4043,2025-07-14
본가푸드,일반가맹점,일반대중음식,강원특별자치도,춘천시,4181000,강원특별자치도 춘천시 백령로 180 201호(후평동),033-252-0508,강원특별자치도 춘천시청,033-250-4043,2025-07-14
"본가호반닭갈비, 막국수",일반가맹점,한식,강원특별자치도,춘천시,4181000,강원특별자치도춘천시 동내면 춘천순환로72번길 34-15,033-264-7738,강원특별자치도 춘천시청,033-250-4043,2025-07-14
본가회냉면,일반가맹점,한식,강원특별자치도,춘천시,4181000,강원특별자치도 춘천시 영서로 3199 ..,033-241-0779,강원특별자치도 춘천시청,033-250-4043,2025-07-14
본도시락 춘천장학점,일반가맹점,한식,강원특별자치도,춘천시,4181000,강원특별자치도 춘천시 동면 춘천순환로 613 103호,033-252-4282,강원특별자치도 춘천시청,033-250-4043,2025-07-14
본도시락춘천점,일반가맹점,한식,강원특별자치도,춘천시,4181000,강원특별자치도 춘천시 춘천로151번길 2 1층,033-241-4282,강원특별자치도 춘천시청,033-250-4043,2025-07-14
본래순대 춘천애막골점,일반가맹점,한식,강원특별자치도,춘천시,4181000,강원특별자치도 춘천시 우석로85번길 20-15 (석사동),033-262-7963,강원특별자치도 춘천시청,033-250-4043,2025-07-14
본삼계탕,일반가맹점,한식,강원특별자치도,춘천시,4181000,"강원특별자치도춘천시 동면 춘천순환로 338, 103호",033-254-9191,강원특별자치도 춘천시청,033-250-4043,2025-07-14
본설렁탕 춘천명동점,일반가맹점,한식,강원특별자치도,춘천시,4181000,강원특별자치도 춘천시 아침길 3 1층,033-255-2322,강원특별자치도 춘천시청,033-250-4043,2025-07-14
본우리집밥 한국고용정보점,일반가맹점,일반대중음식,강원특별자치도,춘천시,4181000,강원특별자치도 춘천시 영서로 2491 5층(근화동),,강원특별자치도 춘천시청,033-250-4043,2025-07-14
본우리집밥이마트 춘천점,일반가맹점,일반대중음식,강원특별자치도,춘천시,4181000,"강원특별자치도 춘천시 경춘로 2353 (온의동,이마트)",,강원특별자치도 춘천시청,033-250-4043,2025-07-14
본죽 한림대점,일반가맹점,한식,강원특별자치도,춘천시,4181000,강원특별자치도춘천시 삭주로 74 (교동),033-244-6282,강원특별자치도 춘천시청,033-250-4043,2025-07-14
본죽&비빔밥 춘천석사에버빌점,일반가맹점,한식,강원특별자치도,춘천시,4181000,"강원특별자치도춘천시 퇴계농공로 12, 103 (석사동, 로얄프라자)",033-263-2631,강원특별자치도 춘천시청,033-250-4043,2025-07-14
본죽&비빔밥CAFE 춘천퇴계한숲점,일반가맹점,한식,강원특별자치도,춘천시,4181000,강원특별자치도 춘천시 안마산로 113 상가비동 1층 B2-103호,033-257-6288,강원특별자치도 춘천시청,033-250-4043,2025-07-14
본죽(강대점),일반가맹점,한식,강원특별자치도,춘천시,4181000,"강원특별자치도춘천시 서부대성로227번길 15-7, 2층 (효자동)",033-2444-4467,강원특별자치도 춘천시청,033-250-4043,2025-07-14
본죽(온의점),일반가맹점,한식,강원특별자치도,춘천시,4181000,강원특별자치도춘천시 영서로 2313 (온의동),033-252-6288,강원특별자치도 춘천시청,033-250-4043,2025-07-14
본죽앤드비빔밥춘천시청점,일반가맹점,일반대중음식,강원특별자치도,춘천시,4181000,"강원특별자치도춘천시 중앙로 32, 107호 (요선동)",033-242-6233,강원특별자치도 춘천시청,033-250-4043,2025-07-14
본죽엔비빔밥춘천우두택지점,일반가맹점,한식,강원특별자치도,춘천시,4181000,강원특별자치도 춘천시 우두1길 157 104호,033-818-0017,강원특별자치도 춘천시청,033-250-4043,2025-07-14
본죽우두강변점,일반가맹점,한식,강원특별자치도,춘천시,4181000,강원특별자치도 춘천시 충열로 14 (우두동),033-254-6288,강원특별자치도 춘천시청,033-250-4043,2025-07-14
본죽춘천후평점,일반가맹점,한식,강원특별자치도,춘천시,4181000,강원특별자치도 춘천시 후석로 266 .,033-241-6288,강원특별자치도 춘천시청,033-250-4043,2025-07-14
본푸드컴퍼니,일반가맹점,일반대중음식,강원특별자치도,춘천시,4181000,강원특별자치도 춘천시 방송길 77 1층 1213호,,강원특별자치도 춘천시청,033-250-4043,2025-07-14
봄내 예찬,일반가맹점,한식,강원특별자치도,춘천시,4181000,강원특별자치도춘천시 영서로 2885-1 (사농동),033-242-3917,강원특별자치도 춘천시청,033-250-4043,2025-07-14
봄내가든,일반가맹점,한식,강원특별자치도,춘천시,4181000,강원특별자치도춘천시 서면 덕두원길 16-3,033-242-6256,강원특별자치도 춘천시청,033-250-4043,2025-07-14
봄내구이촌,일반가맹점,한식,강원특별자치도,춘천시,4181000,강원특별자치도춘천시 공원3길 21 (퇴계동),033-241-9288,강원특별자치도 춘천시청,033-250-4043,2025-07-14
봄내농원,일반가맹점,일식,강원특별자치도,춘천시,4181000,강원특별자치도 춘천시 퇴계로 79 1층,,강원특별자치도 춘천시청,033-250-4043,2025-07-14
봄내대가,일반가맹점,일반대중음식,강원특별자치도,춘천시,4181000,강원특별자치도 춘천시 중앙로 194 1층,,강원특별자치도 춘천시청,033-250-4043,2025-07-14
봄내밥상,일반가맹점,한식,강원특별자치도,춘천시,4181000,강원특별자치도 춘천시 신북읍 신북로 28 1층,,강원특별자치도 춘천시청,033-250-4043,2025-07-14
봄내제빵소,일반가맹점,제과점,강원특별자치도,춘천시,4181000,"강원특별자치도춘천시 안마산로 128, 1층 105호 (퇴계동)",033-264-0880,강원특별자치도 춘천시청,033-250-4043,2025-07-14
봄내족발,일반가맹점,한식,강원특별자치도,춘천시,4181000,강원특별자치도춘천시 공지로431번길 7 (근화동),033-251-7800,강원특별자치도 춘천시청,033-250-4043,2025-07-14
봄내찬,일반가맹점,한식,강원특별자치도,춘천시,4181000,강원특별자치도 춘천시 동내면 춘천순환로72번길 72 1층,033-254-8777,강원특별자치도 춘천시청,033-250-4043,2025-07-14
봄내치킨앤떡볶이,일반가맹점,한식,강원특별자치도,춘천시,4181000,"강원특별자치도춘천시 퇴계로 220-17, 103 상가 (석사동, 퇴계주공3단지아파트)",033-261-8492,강원특별자치도 춘천시청,033-250-4043,2025-07-14
봄도시,일반가맹점,일반대중음식,강원특별자치도,춘천시,4181000,강원특별자치도 춘천시 새롬공원길5번길 16 1층(석사동),,강원특별자치도 춘천시청,033-250-4043,2025-07-14
봄래원(봄이오는정원),일반가맹점,한식,강원특별자치도,춘천시,4181000,"강원특별자치도춘천시 옥천길 45, 1층 (옥천동)",033-244-0818,강원특별자치도 춘천시청,033-250-4043,2025-07-14
봄봄,일반가맹점,한식,강원특별자치도,춘천시,4181000,강원특별자치도춘천시 신동면 금병의숙1길 55,033-261-2772,강원특별자치도 춘천시청,033-250-4043,2025-07-14
봄봄백반,일반가맹점,한식,강원특별자치도,춘천시,4181000,강원특별자치도 춘천시 영서로 2879 1층,033-255-8088,강원특별자치도 춘천시청,033-250-4043,2025-07-14
봄을담아,일반가맹점,일반대중음식,강원특별자치도,춘천시,4181000,강원특별자치도춘천시 금강로62번길 14 (조양동),033-241-4400,강원특별자치도 춘천시청,033-250-4043,2025-07-14
봄이락,일반가맹점,한식,강원특별자치도,춘천시,4181000,강원특별자치도춘천시 세실로 108 (석사동),,강원특별자치도 춘천시청,033-250-4043,2025-07-14
봄치킨,일반가맹점,일반대중음식,강원특별자치도,춘천시,4181000,강원특별자치도 춘천시 춘천로 345 1층(후평동),033-251-2730,강원특별자치도 춘천시청,033-250-4043,2025-07-14
봉가,일반가맹점,일식,강원특별자치도,춘천시,4181000,강원특별자치도춘천시 우석로85번길 19-2 봉가 (석사동),033-243-4848,강원특별자치도 춘천시청,033-250-4043,2025-07-14
봉관이네오징어천국,일반가맹점,일반대중음식,강원특별자치도,춘천시,4181000,강원특별자치도 춘천시 스무숲1길 4-14 1층,033-343-4848,강원특별자치도 춘천시청,033-250-4043,2025-07-14
봉구스밥버거,일반가맹점,일반대중음식,강원특별자치도,춘천시,4181000,강원특별자치도 춘천시 공지로 121 .,033-263-5026,강원특별자치도 춘천시청,033-250-4043,2025-07-14
봉구스밥버거 명동점,일반가맹점,한식,강원특별자치도,춘천시,4181000,"강원특별자치도춘천시 중앙로 지하 33-1, 지하상가다열 (중앙로1가)",033-251-5094,강원특별자치도 춘천시청,033-250-4043,2025-07-14
봉구스밥버거 한림대점,일반가맹점,일반대중음식,강원특별자치도,춘천시,4181000,강원특별자치도 춘천시 삭주로 70 (교동),033-264-2050,강원특별자치도 춘천시청,033-250-4043,2025-07-14
봉다리네,일반가맹점,일반대중음식,강원특별자치도,춘천시,4181000,강원특별자치도 춘천시 춘주로 193 1층,033-252-7000,강원특별자치도 춘천시청,033-250-4043,2025-07-14
봉덕칼국수,일반가맹점,한식,강원특별자치도,춘천시,4181000,강원특별자치도춘천시 동면 금옥길 481,033-241-0171,강원특별자치도 춘천시청,033-250-4043,2025-07-14
봉림반점,일반가맹점,중식,강원특별자치도,춘천시,4181000,강원특별자치도춘천시 신북읍 신샘밭로 576,033-241-1641,강원특별자치도 춘천시청,033-250-4043,2025-07-14
봉봉닭갈비막국수,일반가맹점,한식,강원특별자치도,춘천시,4181000,강원특별자치도춘천시 동내면 거두택지길4번길 9 봉봉닭갈비막국수,033-262-9844,강원특별자치도 춘천시청,033-250-4043,2025-07-14
봉수닭갈비,일반가맹점,한식,강원특별자치도,춘천시,4181000,강원특별자치도춘천시 서부대성로227번길 3-1 (효자동),033-252-8136,강원특별자치도 춘천시청,033-250-4043,2025-07-14
봉수닭갈비2층,일반가맹점,한식,강원특별자치도,춘천시,4181000,강원특별자치도 춘천시 서부대성로 227 3-1,033-252-8136,강원특별자치도 춘천시청,033-250-4043,2025-07-14
"봉스스페셜티(Bong, speciaity)",일반가맹점,일반대중음식,강원특별자치도,춘천시,4181000,강원특별자치도춘천시 교동 664-207번지 2층,033-636-1993,강원특별자치도 춘천시청,033-250-4043,2025-07-14
봉운장,일반가맹점,한식,강원특별자치도,춘천시,4181000,강원특별자치도춘천시 소양고개길 26 (소양로3가),033-257-3203,강원특별자치도 춘천시청,033-250-4043,2025-07-14
봉의산막국수,일반가맹점,일반대중음식,강원특별자치도,춘천시,4181000,강원특별자치도 춘천시 후석로 447-2 (후평동),033-244-0222,강원특별자치도 춘천시청,033-250-4043,2025-07-14
부경감자탕,일반가맹점,한식,강원특별자치도,춘천시,4181000,강원특별자치도춘천시 세실로192번길 11 (후평동),033-251-5737,강원특별자치도 춘천시청,033-250-4043,2025-07-14
부녀식당,일반가맹점,한식,강원특별자치도,춘천시,4181000,"강원특별자치도춘천시 명동길29번길 4-21, 1층 (죽림동)",033-252-0654,강원특별자치도 춘천시청,033-250-4043,2025-07-14
부리또인강원대점,일반가맹점,일반대중음식,강원특별자치도,춘천시,4181000,강원특별자치도춘천시 서부대성로 241 (효자동),033-911-6991,강원특별자치도 춘천시청,033-250-4043,2025-07-14
부부횟집,일반가맹점,한식,강원특별자치도,춘천시,4181000,"강원특별자치도춘천시 효자로 22, 1층 (퇴계동)",033-256-2100,강원특별자치도 춘천시청,033-250-4043,2025-07-14
부산산꼼장어,일반가맹점,한식,강원특별자치도,춘천시,4181000,"강원특별자치도춘천시 우석로79번길 16-19, 1층 (석사동)",033-263-7181,강원특별자치도 춘천시청,033-250-4043,2025-07-14
부산아지매 생선구이,일반가맹점,한식,강원특별자치도,춘천시,4181000,강원특별자치도 춘천시 솟발1길 4-37 1층(퇴계동),033-261-9992,강원특별자치도 춘천시청,033-250-4043,2025-07-14
부산아지매국밥,일반가맹점,일반대중음식,강원특별자치도,춘천시,4181000,강원특별자치도 춘천시 후석로45번길 22 1층,033-818-4848,강원특별자치도 춘천시청,033-250-4043,2025-07-14
부산아지매국밥 춘천석사점,일반가맹점,일반대중음식,강원특별자치도,춘천시,4181000,강원특별자치도 춘천시 후석로45번길 22 1층(석사동),033-818-4848,강원특별자치도 춘천시청,033-250-4043,2025-07-14
부안막국수,일반가맹점,한식,강원특별자치도,춘천시,4181000,강원특별자치도춘천시 후평3동 419,033-254-0654,강원특별자치도 춘천시청,033-250-4043,2025-07-14
부안옥,일반가맹점,한식,강원특별자치도,춘천시,4181000,강원특별자치도춘천시 보안길 58 (후평동),033-256-5252,강원특별자치도 춘천시청,033-250-4043,2025-07-14
부어치킨 (후평점),일반가맹점,일반대중음식,강원특별자치도,춘천시,4181000,강원특별자치도 춘천시 백령로 184 1층,033-243-9292,강원특별자치도 춘천시청,033-250-4043,2025-07-14
부어치킨(석사점),일반가맹점,일반대중음식,강원특별자치도,춘천시,4181000,강원특별자치도 춘천시 후석로45번길 21 1층(석사동),,강원특별자치도 춘천시청,033-250-4043,2025-07-14
부어치킨우두점,일반가맹점,일반대중음식,강원특별자치도,춘천시,4181000,강원특별자치도춘천시 영서로2756번길 15 (우두동),033-255-9482,강원특별자치도 춘천시청,033-250-4043,2025-07-14
부영식당,일반가맹점,한식,강원특별자치도,춘천시,4181000,강원특별자치도춘천시 북산면 오봉산길 630,033-256-3028,강원특별자치도 춘천시청,033-250-4043,2025-07-14
부용가든,일반가맹점,한식,강원특별자치도,춘천시,4181000,강원특별자치도춘천시 북산면 오봉산길 672,033-244-5662,강원특별자치도 춘천시청,033-250-4043,2025-07-14
부원곱창,일반가맹점,한식,강원특별자치도,춘천시,4181000,강원특별자치도춘천시 김유정로 1852-5 (퇴계동),033-264-4656,강원특별자치도 춘천시청,033-250-4043,2025-07-14
부원작은별관,일반가맹점,한식,강원특별자치도,춘천시,4181000,강원특별자치도 춘천시 김유정로 1852-5 1층(퇴계동),033-264-4656,강원특별자치도 춘천시청,033-250-4043,2025-07-14
부일정,일반가맹점,한식,강원특별자치도,춘천시,4181000,강원특별자치도춘천시 영서로 3053-5 (사농동),033-254-0786,강원특별자치도 춘천시청,033-250-4043,2025-07-14
부자네토종순대국,일반가맹점,한식,강원특별자치도,춘천시,4181000,"강원특별자치도춘천시 삭주로 62-1, 1층 (교동)",033-912-5985,강원특별자치도 춘천시청,033-250-4043,2025-07-14
부자동태찜,일반가맹점,한식,강원특별자치도,춘천시,4181000,"강원특별자치도춘천시 퇴계로93번길 8, 104호 (퇴계동)",033-263-5002,강원특별자치도 춘천시청,033-250-4043,2025-07-14
부진전,일반가맹점,한식,강원특별자치도,춘천시,4181000,강원특별자치도춘천시 춘주로91번길 12-1 (온의동),033-256-5989,강원특별자치도 춘천시청,033-250-4043,2025-07-14
부촌식당해장국,일반가맹점,한식,강원특별자치도,춘천시,4181000,강원특별자치도춘천시 춘천로213번길 4 (효자동),033-241-6024,강원특별자치도 춘천시청,033-250-4043,2025-07-14
부흥장어,일반가맹점,한식,강원특별자치도,춘천시,4181000,강원특별자치도춘천시 충열로16번길 14 (우두동),033-256-6406,강원특별자치도 춘천시청,033-250-4043,2025-07-14
북경관,일반가맹점,중식,강원특별자치도,춘천시,4181000,강원특별자치도춘천시 공지로 426 (근화동),033-243-3001,강원특별자치도 춘천시청,033-250-4043,2025-07-14
북방새우,일반가맹점,한식,강원특별자치도,춘천시,4181000,강원특별자치도 춘천시 우묵길74번길 26 1층,033-251-8659,강원특별자치도 춘천시청,033-250-4043,2025-07-14
북방새우,일반가맹점,일식,강원특별자치도,춘천시,4181000,강원특별자치도 춘천시 우묵길74번길 26 1층,033-251-8659,강원특별자치도 춘천시청,033-250-4043,2025-07-14
북춘천스크린그늘집,일반가맹점,한식,강원특별자치도,춘천시,4181000,강원특별자치도 춘천시 충열로 153 2층,,강원특별자치도 춘천시청,033-250-4043,2025-07-14
북카페(춘천지역자활센터),주부식가맹점,할인점/슈퍼마켓,강원특별자치도,춘천시,4181000,강원특별자치도 춘천시 우석로 100 (석사동),,강원특별자치도 춘천시청,033-250-4043,2025-07-14
북카페세컨드플레이스,일반가맹점,일반대중음식,강원특별자치도,춘천시,4181000,강원특별자치도 춘천시 동내면 거두길 27-1 1층,02-1544-4223,강원특별자치도 춘천시청,033-250-4043,2025-07-14
북한강,일반가맹점,한식,강원특별자치도,춘천시,4181000,강원특별자치도춘천시 남산면 북한강변길 910-24,033-261-0221,강원특별자치도 춘천시청,033-250-4043,2025-07-14
북한강쭈꾸미,일반가맹점,한식,강원특별자치도,춘천시,4181000,강원특별자치도춘천시 동면 만천로 28,031-255-9233,강원특별자치도 춘천시청,033-250-4043,2025-07-14
분식의달인,일반가맹점,한식,강원특별자치도,춘천시,4181000,강원특별자치도 춘천시 춘천로17번길 31 1층,,강원특별자치도 춘천시청,033-250-4043,2025-07-14
분식집에 하숙하는 붕어빵,일반가맹점,한식,강원특별자치도,춘천시,4181000,강원특별자치도 춘천시 삭주로 25 1층(교동),,강원특별자치도 춘천시청,033-250-4043,2025-07-14
분식하우스,일반가맹점,한식,강원특별자치도,춘천시,4181000,강원특별자치도 춘천시 백령로 215 106호,033-254-3999,강원특별자치도 춘천시청,033-250-4043,2025-07-14
불굴의차여사감자탕,일반가맹점,한식,강원특별자치도,춘천시,4181000,강원특별자치도 춘천시 승지골길 7-3 1층 (퇴계동),033-256-9119,강원특별자치도 춘천시청,033-250-4043,2025-07-14
불굴의차여사감자탕 장학점,일반가맹점,한식,강원특별자치도,춘천시,4181000,강원특별자치도 춘천시 동면 춘천로449번길 26-6 1층,033-264-9119,강원특별자치도 춘천시청,033-250-4043,2025-07-14
불굴의차여사감자탕애막골점,일반가맹점,일반대중음식,강원특별자치도,춘천시,4181000,강원특별자치도 춘천시 애막골길11번길 17 1층(석사동),033-910-9097,강원특별자치도 춘천시청,033-250-4043,2025-07-14
불난집,일반가맹점,한식,강원특별자치도,춘천시,4181000,강원특별자치도 춘천시 백령로 18 1층,033-263-1291,강원특별자치도 춘천시청,033-250-4043,2025-07-14
불닭발동대문엽기떡볶이 석사점,일반가맹점,일반대중음식,강원특별자치도,춘천시,4181000,"강원특별자치도춘천시 퇴계농공로 11, 2층 203호 (석사동, 스타플러스빌딩)",033-257-8591,강원특별자치도 춘천시청,033-250-4043,2025-07-14
불닭발땡초동대문엽기떡볶이춘천강남점,일반가맹점,일반대중음식,강원특별자치도,춘천시,4181000,강원특별자치도 춘천시 영서로 2319 102호,033-253-8592,강원특별자치도 춘천시청,033-250-4043,2025-07-14
불닭발땡초동대문엽기떡볶이춘천후평점,일반가맹점,한식,강원특별자치도,춘천시,4181000,강원특별자치도 춘천시 춘천로 305 1층 좌측상가,033-254-8592,강원특별자치도 춘천시청,033-250-4043,2025-07-14
불발탄,일반가맹점,한식,강원특별자치도,춘천시,4181000,"강원특별자치도춘천시 안마산로 213, 춘천퇴계타운상가 1층 122 (퇴계동)",033-263-9293,강원특별자치도 춘천시청,033-250-4043,2025-07-14
불새닭발,일반가맹점,한식,강원특별자치도,춘천시,4181000,강원특별자치도 춘천시 영서로 2918 상가동 103호,033-252-9505,강원특별자치도 춘천시청,033-250-4043,2025-07-14
불타는통닭,일반가맹점,일반대중음식,강원특별자치도,춘천시,4181000,강원특별자치도 춘천시 행촌로 54 1층 (퇴계동),033-241-1475,강원특별자치도 춘천시청,033-250-4043,2025-07-14
붐붐,일반가맹점,일반대중음식,강원특별자치도,춘천시,4181000,강원특별자치도 춘천시 우묵들길 24 3층,033-256-5558,강원특별자치도 춘천시청,033-250-4043,2025-07-14
붕어빵카페,일반가맹점,한식,강원특별자치도,춘천시,4181000,강원특별자치도 춘천시 후석로228번길 5 1층,033-242-1365,강원특별자치도 춘천시청,033-250-4043,2025-07-14
브라운돈까스 춘천점,일반가맹점,일반대중음식,강원특별자치도,춘천시,4181000,"강원특별자치도 춘천시 방송길 77 1층 1118호 1132호 (온의동, 춘천 센트럴타워 푸르지오)",033-242-8777,강원특별자치도 춘천시청,033-250-4043,2025-07-14
브라운밀(Brown Meal),일반가맹점,일반대중음식,강원특별자치도,춘천시,4181000,강원특별자치도 춘천시 동내면 거두택지길 49 1층,02-1544-4223,강원특별자치도 춘천시청,033-250-4043,2025-07-14
브라이드 그룸,일반가맹점,일반대중음식,강원특별자치도,춘천시,4181000,강원특별자치도 춘천시 동내면 거두택지길 87-4 1층,033-261-1255,강원특별자치도 춘천시청,033-250-4043,2025-07-14
브레댄코 춘천한림대점,일반가맹점,제과점,강원특별자치도,춘천시,4181000,강원특별자치도 춘천시 한림대학길 1 옥천동 학생회관(김유정관),033-231-1111,강원특별자치도 춘천시청,033-250-4043,2025-07-14
브레드10,일반가맹점,제과점,강원특별자치도,춘천시,4181000,"강원특별자치도춘천시 동내면 거두택지길14번길 20, 1층",033-243-5905,강원특별자치도 춘천시청,033-250-4043,2025-07-14
브레드11,일반가맹점,제과점,강원특별자치도,춘천시,4181000,강원특별자치도 춘천시 공지로297번길 9 1층 우측상가,,강원특별자치도 춘천시청,033-250-4043,2025-07-14
브로트,일반가맹점,제과점,강원특별자치도,춘천시,4181000,강원특별자치도 춘천시 공지로 149-1 1층 (석사동),,강원특별자치도 춘천시청,033-250-4043,2025-07-14
브리꼴레르,일반가맹점,일반대중음식,강원특별자치도,춘천시,4181000,강원특별자치도 춘천시 삭주로108번길 7 1층,070-8657-1169,강원특별자치도 춘천시청,033-250-4043,2025-07-14
브릭스 피자,일반가맹점,패스트푸드,강원특별자치도,춘천시,4181000,강원특별자치도 춘천시 서부대성로 255 2층(효자동),,강원특별자치도 춘천시청,033-250-4043,2025-07-14
브릭아일랜드,일반가맹점,일반대중음식,강원특별자치도,춘천시,4181000,강원특별자치도춘천시 중도동 612-2번지,,강원특별자치도 춘천시청,033-250-4043,2025-07-14
브와베르(bois vert),일반가맹점,제과점,강원특별자치도,춘천시,4181000,"강원특별자치도 춘천시 동내면 영서로 1543-48 1,2층",,강원특별자치도 춘천시청,033-250-4043,2025-07-14
블랑오,일반가맹점,제과점,강원특별자치도,춘천시,4181000,강원특별자치도 춘천시 부안길 4 1층(후평동),033-910-0252,강원특별자치도 춘천시청,033-250-4043,2025-07-14
블랑제리331,일반가맹점,일반대중음식,강원특별자치도,춘천시,4181000,강원특별자치도 춘천시 춘천로255번길 2 1층,,강원특별자치도 춘천시청,033-250-4043,2025-07-14
블랙데이,일반가맹점,중식,강원특별자치도,춘천시,4181000,강원특별자치도 춘천시 동면 춘천순환로 508 1층,033-244-5657,강원특별자치도 춘천시청,033-250-4043,2025-07-14
블랙스톤춘천점,일반가맹점,양식,강원특별자치도,춘천시,4181000,강원특별자치도 춘천시 칠전동2길 16-13 1층,033-263-6324,강원특별자치도 춘천시청,033-250-4043,2025-07-14
블루 핫,일반가맹점,한식,강원특별자치도,춘천시,4181000,강원특별자치도 춘천시 신북읍 배후령길 4 다동1층,,강원특별자치도 춘천시청,033-250-4043,2025-07-14
블루몽크,일반가맹점,양식,강원특별자치도,춘천시,4181000,강원특별자치도 춘천시 서부대성로43번길 21 2층,,강원특별자치도 춘천시청,033-250-4043,2025-07-14
블루밍,일반가맹점,일반대중음식,강원특별자치도,춘천시,4181000,강원특별자치도춘천시 옥천길54번길 26-1 (옥천동),,강원특별자치도 춘천시청,033-250-4043,2025-07-14
블루핀,일반가맹점,일식,강원특별자치도,춘천시,4181000,강원특별자치도 춘천시 향교앞길 8 1층,033-241-0120,강원특별자치도 춘천시청,033-250-4043,2025-07-14
비비큐 춘천장학지구점,일반가맹점,일반대중음식,강원특별자치도,춘천시,4181000,강원특별자치도 춘천시 동면 춘천로449번길 20-2 1층,033-262-9282,강원특별자치도 춘천시청,033-250-4043,2025-07-14
비비큐 춘천퇴계타운점,일반가맹점,일반대중음식,강원특별자치도,춘천시,4181000,강원특별자치도 춘천시 안마산로 199 1층,033-264-9285,강원특별자치도 춘천시청,033-250-4043,2025-07-14
비비큐석사점,일반가맹점,일반대중음식,강원특별자치도,춘천시,4181000,강원특별자치도춘천시 퇴계로 140-1 (퇴계동),033-261-9282,강원특별자치도 춘천시청,033-250-4043,2025-07-14
비비큐우두점,일반가맹점,일반대중음식,강원특별자치도,춘천시,4181000,"강원특별자치도춘천시 우두1길 101, 114호 (우두동)",033-263-6866,강원특별자치도 춘천시청,033-250-4043,2025-07-14
비비큐춘천효자점,일반가맹점,일반대중음식,강원특별자치도,춘천시,4181000,강원특별자치도 춘천시 백령로 171-1 1층,033-256-9282,강원특별자치도 춘천시청,033-250-4043,2025-07-14
비비큐치킨 춘천퇴계점,일반가맹점,한식,강원특별자치도,춘천시,4181000,강원특별자치도 춘천시 행촌로 59 1층(퇴계동),033-252-0468,강원특별자치도 춘천시청,033-250-4043,2025-07-14
비비큐치킨온의점,일반가맹점,일반대중음식,강원특별자치도,춘천시,4181000,"강원특별자치도춘천시 스포츠타운길 526, 1층 (온의동)",033-252-4752,강원특별자치도 춘천시청,033-250-4043,2025-07-14
비비큐후평점,일반가맹점,일반대중음식,강원특별자치도,춘천시,4181000,강원특별자치도 춘천시 세실로 218 1층,033-257-5592,강원특별자치도 춘천시청,033-250-4043,2025-07-14
비비큐후평점,일반가맹점,일반대중음식,강원특별자치도,춘천시,4181000,"강원특별자치도 춘천시 세실로 218 , 1층(후평동)",033-257-5592,강원특별자치도 춘천시청,033-250-4043,2025-07-14
비스트로마리오,일반가맹점,양식,강원특별자치도,춘천시,4181000,"강원특별자치도춘천시 동내면 거두택지길 87-12, 비스트로마리오",033-262-4701,강원특별자치도 춘천시청,033-250-4043,2025-07-14
비스트로테이스티,일반가맹점,양식,강원특별자치도,춘천시,4181000,강원특별자치도춘천시 낙원길 48 (중앙로2가),033-243-7369,강원특별자치도 춘천시청,033-250-4043,2025-07-14
비에이치(BHC)한림대점,일반가맹점,일반대중음식,강원특별자치도,춘천시,4181000,강원특별자치도 춘천시 삭주로80번길 45 (효자동),033-252-9243,강원특별자치도 춘천시청,033-250-4043,2025-07-14
비에이치씨 춘천우두점,일반가맹점,일반대중음식,강원특별자치도,춘천시,4181000,강원특별자치도 춘천시 우두1길 40 상가동 1층 101호(우두동.춘천우두엘에이치천년나무3단지),033-254-1618,강원특별자치도 춘천시청,033-250-4043,2025-07-14
비에이치씨(BHC)춘천동광오거리점,일반가맹점,일반대중음식,강원특별자치도,춘천시,4181000,"강원특별자치도춘천시 춘천로 359, 1층 (후평동)",033-242-4849,강원특별자치도 춘천시청,033-250-4043,2025-07-14
비에이치씨(bhc) 후평점,일반가맹점,한식,강원특별자치도,춘천시,4181000,"강원특별자치도춘천시 서부대성로239번길 49-3, 1층 (후평동)",033-254-9982,강원특별자치도 춘천시청,033-250-4043,2025-07-14
비에이치씨(bhc)김유정역점,일반가맹점,일반대중음식,강원특별자치도,춘천시,4181000,강원특별자치도 춘천시 신동면 김유정로 1417 B동 1층 101-3호,033-261-6607,강원특별자치도 춘천시청,033-250-4043,2025-07-14
비에이치씨(bhc)애막골점,일반가맹점,일반대중음식,강원특별자치도,춘천시,4181000,강원특별자치도 춘천시 애막골길3번길 34 1층(석사동),033-262-9292,강원특별자치도 춘천시청,033-250-4043,2025-07-14
비에이치씨국군춘천병원점,일반가맹점,일반대중음식,강원특별자치도,춘천시,4181000,강원특별자치도 춘천시 방고개길 57 1층(신동),033-241-8995,강원특별자치도 춘천시청,033-250-4043,2025-07-14
비에이치씨김유정역점,일반가맹점,일반대중음식,강원특별자치도,춘천시,4181000,강원특별자치도 춘천시 신동면 김유정로 1417 B동 1층 101-3호,033-261-6607,강원특별자치도 춘천시청,033-250-4043,2025-07-14
비에이치씨춘천거두점,일반가맹점,일반대중음식,강원특별자치도,춘천시,4181000,"강원특별자치도춘천시 동내면 춘천순환로94번길 17, 1층 좌측호",033-263-8806,강원특별자치도 춘천시청,033-250-4043,2025-07-14
비에이치씨춘천학곡점,일반가맹점,일반대중음식,강원특별자치도,춘천시,4181000,강원특별자치도 춘천시 동내면 영서로 1787 1층,033-262-5166,강원특별자치도 춘천시청,033-250-4043,2025-07-14
비에이치씨치킨강대점,일반가맹점,일반대중음식,강원특별자치도,춘천시,4181000,"강원특별자치도춘천시 공지로242번길 21, 1층 (효자동)",033-261-9942,강원특별자치도 춘천시청,033-250-4043,2025-07-14
비에이치씨치킨춘천동산점,일반가맹점,한식,강원특별자치도,춘천시,4181000,강원특별자치도춘천시 동산면 영서로 415,033-264-0900,강원특별자치도 춘천시청,033-250-4043,2025-07-14
비에이치씨퇴계사거리점,일반가맹점,일반대중음식,강원특별자치도,춘천시,4181000,강원특별자치도 춘천시 퇴계로 166 1층 105~1호(퇴계동),033-262-8998,강원특별자치도 춘천시청,033-250-4043,2025-07-14
비에이치씨퇴계사랑점,일반가맹점,일반대중음식,강원특별자치도,춘천시,4181000,강원특별자치도 춘천시 춘주로147번길 12-14 (퇴계동),033-251-9243,강원특별자치도 춘천시청,033-250-4043,2025-07-14
비에치씨퇴계씨지브이(BHC퇴계CGV점),일반가맹점,일반대중음식,강원특별자치도,춘천시,4181000,강원특별자치도춘천시 안마산로 231 (퇴계동),033-254-6780,강원특별자치도 춘천시청,033-250-4043,2025-07-14
비와별닭갈비본점,일반가맹점,한식,강원특별자치도,춘천시,4181000,"강원특별자치도 춘천시 스무숲길 5 1,2층",033-262-8899,강원특별자치도 춘천시청,033-250-4043,2025-07-14
비와별닭갈비소양강점,일반가맹점,한식,강원특별자치도,춘천시,4181000,"강원특별자치도춘천시 신북읍 신샘밭로 710, 1층",033-262-8899,강원특별자치도 춘천시청,033-250-4043,2025-07-14
비와별닭갈비애막골점,일반가맹점,한식,강원특별자치도,춘천시,4181000,강원특별자치도 춘천시 애막골길11번길 38 1층,033-262-0233,강원특별자치도 춘천시청,033-250-4043,2025-07-14
빅샌2호점,일반가맹점,일반대중음식,강원특별자치도,춘천시,4181000,강원특별자치도 춘천시 효자로14번길 15 1층,033-255-7778,강원특별자치도 춘천시청,033-250-4043,2025-07-14
빅스타피자강대후문점,일반가맹점,한식,강원특별자치도,춘천시,4181000,강원특별자치도 춘천시 서부대성로227번길 13 ..,033-244-7440,강원특별자치도 춘천시청,033-250-4043,2025-07-14
빅스타피자롯데마트춘천점,일반가맹점,패스트푸드,강원특별자치도,춘천시,4181000,"강원특별자치도 춘천시 방송길 84 1층(온의동,롯데마트",033-255-7440,강원특별자치도 춘천시청,033-250-4043,2025-07-14
빅스타피자춘천우두,일반가맹점,패스트푸드,강원특별자치도,춘천시,4181000,강원특별자치도 춘천시 우두1길 87 1층 105호,033-256-7440,강원특별자치도 춘천시청,033-250-4043,2025-07-14
빈베이커리,일반가맹점,제과점,강원특별자치도,춘천시,4181000,"강원특별자치도춘천시 남춘로26번길 20, 102호 (퇴계동, 수희빌딩)",033-263-0435,강원특별자치도 춘천시청,033-250-4043,2025-07-14
빈체로,일반가맹점,양식,강원특별자치도,춘천시,4181000,강원특별자치도춘천시 애막골길20번길 19 (석사동),033-262-0075,강원특별자치도 춘천시청,033-250-4043,2025-07-14
빈티지 다락방,일반가맹점,일반대중음식,강원특별자치도,춘천시,4181000,강원특별자치도춘천시 서부대성로 243 (효자동),,강원특별자치도 춘천시청,033-250-4043,2025-07-14
빌리비,일반가맹점,일반대중음식,강원특별자치도,춘천시,4181000,강원특별자치도 춘천시 시청길10번길 11 1층,,강원특별자치도 춘천시청,033-250-4043,2025-07-14
빌즈(Billz),일반가맹점,제과점,강원특별자치도,춘천시,4181000,강원특별자치도 춘천시 동면 춘천로449번길 20-3 1층,,강원특별자치도 춘천시청,033-250-4043,2025-07-14
빙동댕 춘천점,일반가맹점,일반대중음식,강원특별자치도,춘천시,4181000,강원특별자치도 춘천시 삭주로 55-2 1층(교동),,강원특별자치도 춘천시청,033-250-4043,2025-07-14
빙수의집,일반가맹점,일반대중음식,강원특별자치도,춘천시,4181000,"강원특별자치도춘천시 서부대성로 245, 1층 (효자동)",033-255-1145,강원특별자치도 춘천시청,033-250-4043,2025-07-14
빚은팔호광장점,일반가맹점,제과점,강원특별자치도,춘천시,4181000,"강원특별자치도춘천시 춘천로 188, 1층 106호 (효자동)",033-253-9991,강원특별자치도 춘천시청,033-250-4043,2025-07-14
빠띠시에,일반가맹점,제과점,강원특별자치도,춘천시,4181000,"강원특별자치도춘천시 칠전서길 28-1, 칠전상가 1층 4호 5호 (칠전동)",033-257-7109,강원특별자치도 춘천시청,033-250-4043,2025-07-14
빨강머리이모닭갈비,일반가맹점,한식,강원특별자치도,춘천시,4181000,강원특별자치도 춘천시 금강로62번길 10 1층,033-242-5415,강원특별자치도 춘천시청,033-250-4043,2025-07-14
빵순이피자앤파스타,일반가맹점,패스트푸드,강원특별자치도,춘천시,4181000,강원특별자치도 춘천시 공지로 111 1층 104호,,강원특별자치도 춘천시청,033-250-4043,2025-07-14
빵이가득한집,일반가맹점,제과점,강원특별자치도,춘천시,4181000,강원특별자치도춘천시 중앙로77번길 6-2 빵이가득한집 (중앙로2가),033-257-0092,강원특별자치도 춘천시청,033-250-4043,2025-07-14
빵장수단팥빵후평점,일반가맹점,제과점,강원특별자치도,춘천시,4181000,"강원특별자치도 춘천시 후석로 326 109동 (후평동,엠타워)",033-252-8254,강원특별자치도 춘천시청,033-250-4043,2025-07-14
빽가네,일반가맹점,한식,강원특별자치도,춘천시,4181000,강원특별자치도 춘천시 행촌로32번길 5-15 1층상가,033-244-0459,강원특별자치도 춘천시청,033-250-4043,2025-07-14
빽보이피자 춘천온의점,일반가맹점,패스트푸드,강원특별자치도,춘천시,4181000,강원특별자치도 춘천시 방송길 70 117동 104호,,강원특별자치도 춘천시청,033-250-4043,2025-07-14
뼈가네순대,일반가맹점,일반대중음식,강원특별자치도,춘천시,4181000,강원특별자치도 춘천시 스무숲1길 75 1층,033-262-5211,강원특별자치도 춘천시청,033-250-4043,2025-07-14
뽀빠이감자탕,일반가맹점,한식,강원특별자치도,춘천시,4181000,강원특별자치도 춘천시 동내면 순환대로 565-7 1층,033-262-8281,강원특별자치도 춘천시청,033-250-4043,2025-07-14
뽀시래케이크,일반가맹점,일반대중음식,강원특별자치도,춘천시,4181000,강원특별자치도 춘천시 영서로 2762 1층 좌측 우두동,,강원특별자치도 춘천시청,033-250-4043,2025-07-14
뽁밥,일반가맹점,일반대중음식,강원특별자치도,춘천시,4181000,"강원특별자치도춘천시 후석로455번길 8, 1층 (후평동)",033-261-1002,강원특별자치도 춘천시청,033-250-4043,2025-07-14
뽕뽕황짬봉이야,일반가맹점,중식,강원특별자치도,춘천시,4181000,강원특별자치도춘천시 후석로455번길 53-1 (후평동),033-241-1515,강원특별자치도 춘천시청,033-250-4043,2025-07-14
쁘띠마망(벨몽드점),일반가맹점,제과점,강원특별자치도,춘천시,4181000,"강원특별자치도 춘천시 춘천로 197-1 , 1층",,강원특별자치도 춘천시청,033-250-4043,2025-07-14
쁘띠방스,일반가맹점,제과점,강원특별자치도,춘천시,4181000,"강원특별자치도춘천시 동면 소양강로 100-1, 상가동 101호 우측 (춘천장학엘에이치1단지아파트)",033-251-8929,강원특별자치도 춘천시청,033-250-4043,2025-07-14
쁘미브레드,일반가맹점,일반대중음식,강원특별자치도,춘천시,4181000,강원특별자치도 춘천시 중앙로 186 17동,,강원특별자치도 춘천시청,033-250-4043,2025-07-14
삐삐스낵,일반가맹점,일반대중음식,강원특별자치도,춘천시,4181000,강원특별자치도춘천시 중앙로2가 1.2,033-254-4505,강원특별자치도 춘천시청,033-250-4043,2025-07-14
삐에로치킨,일반가맹점,일반대중음식,강원특별자치도,춘천시,4181000,강원특별자치도춘천시 퇴계동 주공2차아파트상가 103,033-263-1344,강원특별자치도 춘천시청,033-250-4043,2025-07-14
삐오옛날통닭,일반가맹점,일반대중음식,강원특별자치도,춘천시,4181000,"강원특별자치도춘천시 춘주로 201, 1층 (퇴계동)",033-910-4429,강원특별자치도 춘천시청,033-250-4043,2025-07-14
사거리횟집,일반가맹점,일식,강원특별자치도,춘천시,4181000,강원특별자치도 춘천시 스포츠타운길 533 1층 (온의동),,강원특별자치도 춘천시청,033-250-4043,2025-07-14
사거리횟집,일반가맹점,일식,강원특별자치도,춘천시,4181000,강원특별자치도 춘천시 공지로 327 1층,033-244-0074,강원특별자치도 춘천시청,033-250-4043,2025-07-14
사거리횟집후평점,일반가맹점,일식,강원특별자치도,춘천시,4181000,강원특별자치도 춘천시 백령로 215 1층 103호,,강원특별자치도 춘천시청,033-250-4043,2025-07-14
사게네초밥앤정을담다춘천온의점,일반가맹점,일식,강원특별자치도,춘천시,4181000,"강원특별자치도춘천시 방송길 77, 모다아울렛 지하1층 108호 (온의동, 춘천센트럴타워푸르지오)",033-252-3233,강원특별자치도 춘천시청,033-250-4043,2025-07-14
사계,일반가맹점,한식,강원특별자치도,춘천시,4181000,강원특별자치도춘천시 후석로228번길 7 (후평동),033-252-0721,강원특별자치도 춘천시청,033-250-4043,2025-07-14
사계절회관,일반가맹점,한식,강원특별자치도,춘천시,4181000,강원특별자치도 춘천시 우묵길78번길 20 1층 5호,033-253-9292,강원특별자치도 춘천시청,033-250-4043,2025-07-14
사대부족발,일반가맹점,한식,강원특별자치도,춘천시,4181000,강원특별자치도춘천시 춘천로 175 (운교동),033-253-7913,강원특별자치도 춘천시청,033-250-4043,2025-07-14
사또설렁탕,일반가맹점,한식,강원특별자치도,춘천시,4181000,강원특별자치도 춘천시 춘천로170번길 22 1층,033-254-6262,강원특별자치도 춘천시청,033-250-4043,2025-07-14
사랑말길100,일반가맹점,한식,강원특별자치도,춘천시,4181000,강원특별자치도 춘천시 신북읍 사랑말길 100 1층,033-243-3924,강원특별자치도 춘천시청,033-250-4043,2025-07-14
사랑채,일반가맹점,한식,강원특별자치도,춘천시,4181000,"강원특별자치도춘천시 우석로67번길 9, 1층 (석사동)",033-261-8876,강원특별자치도 춘천시청,033-250-4043,2025-07-14
사우나한돼지,일반가맹점,한식,강원특별자치도,춘천시,4181000,강원특별자치도춘천시 후석로 284 (후평동),033-252-5701,강원특별자치도 춘천시청,033-250-4043,2025-07-14
사우진미닭갈비,일반가맹점,한식,강원특별자치도,춘천시,4181000,강원특별자치도춘천시 충열로16번길 21-13 (우두동),033-256-7850,강원특별자치도 춘천시청,033-250-4043,2025-07-14
사유식당,일반가맹점,한식,강원특별자치도,춘천시,4181000,"강원특별자치도춘천시 서부대성로 87, 2층 (조양동)",033-252-1924,강원특별자치도 춘천시청,033-250-4043,2025-07-14
사이라,일반가맹점,일반대중음식,강원특별자치도,춘천시,4181000,"강원특별자치도 춘천시 퇴계로93번길 21 , 1층",,강원특별자치도 춘천시청,033-250-4043,2025-07-14
사창리순대국,일반가맹점,한식,강원특별자치도,춘천시,4181000,강원특별자치도 춘천시 서부대성로173번길 39-1 1층(효자동),033-252-1993,강원특별자치도 춘천시청,033-250-4043,2025-07-14
사창리순대국거두직영점,일반가맹점,한식,강원특별자치도,춘천시,4181000,강원특별자치도 춘천시 동내면 거두택지길14번길 9-1 1층 101호,033-263-2007,강원특별자치도 춘천시청,033-250-4043,2025-07-14
사쿠사쿠춘천점,일반가맹점,일반대중음식,강원특별자치도,춘천시,4181000,강원특별자치도춘천시 충열로20번길 4 (우두동),033-252-9952,강원특별자치도 춘천시청,033-250-4043,2025-07-14
삭주면가,일반가맹점,한식,강원특별자치도,춘천시,4181000,"강원특별자치도춘천시 삭주로 190, 1층 (후평동)",033-256-4762,강원특별자치도 춘천시청,033-250-4043,2025-07-14
산골닭갈비,일반가맹점,한식,강원특별자치도,춘천시,4181000,강원특별자치도 춘천시 남산면 강촌로 57 1층,033-261-4521,강원특별자치도 춘천시청,033-250-4043,2025-07-14
산골소당2호점,일반가맹점,한식,강원특별자치도,춘천시,4181000,"강원특별자치도춘천시 삭주로 89-8, 상가 106-108 (후평동, 에리트아파트)",033-251-2904,강원특별자치도 춘천시청,033-250-4043,2025-07-14
산골손칼국수,일반가맹점,한식,강원특별자치도,춘천시,4181000,강원특별자치도 춘천시 효석로77번길 15 (석사동),033-262-2260,강원특별자치도 춘천시청,033-250-4043,2025-07-14
산골청국장,일반가맹점,한식,강원특별자치도,춘천시,4181000,강원특별자치도춘천시 신북읍 산천리 291-1번지,033-243-8911,강원특별자치도 춘천시청,033-250-4043,2025-07-14
산골콩손두부,일반가맹점,한식,강원특별자치도,춘천시,4181000,강원특별자치도춘천시 동면 만천로143번길 54,033-253-7500,강원특별자치도 춘천시청,033-250-4043,2025-07-14
산골흑염소,일반가맹점,한식,강원특별자치도,춘천시,4181000,강원특별자치도춘천시 신북읍 율문3길 37,033-241-1492,강원특별자치도 춘천시청,033-250-4043,2025-07-14
산까치가든,일반가맹점,한식,강원특별자치도,춘천시,4181000,강원특별자치도춘천시 서면 납실길 60,033-243-4477,강원특별자치도 춘천시청,033-250-4043,2025-07-14
산내들,일반가맹점,한식,강원특별자치도,춘천시,4181000,강원특별자치도춘천시 서면 납실길 17,033-243-9494,강원특별자치도 춘천시청,033-250-4043,2025-07-14
산들해,일반가맹점,한식,강원특별자치도,춘천시,4181000,강원특별자치도춘천시 보안길 17 (후평동),033-253-9723,강원특별자치도 춘천시청,033-250-4043,2025-07-14
산뜰,일반가맹점,일반대중음식,강원특별자치도,춘천시,4181000,강원특별자치도 춘천시 신북읍 영서로 3337 1층,,강원특별자치도 춘천시청,033-250-4043,2025-07-14
산모롱이,일반가맹점,한식,강원특별자치도,춘천시,4181000,"강원특별자치도 춘천시 춘천로423번길 28 ,",033-241-5159,강원특별자치도 춘천시청,033-250-4043,2025-07-14
산속툇골오리,일반가맹점,한식,강원특별자치도,춘천시,4181000,강원특별자치도춘천시 춘주로187번길 1 (퇴계동),033-255-5279,강원특별자치도 춘천시청,033-250-4043,2025-07-14
산수리폭포가든,일반가맹점,한식,강원특별자치도,춘천시,4181000,강원특별자치도 춘천시 남산면 산수길 269-99 1층,,강원특별자치도 춘천시청,033-250-4043,2025-07-14
산수야,일반가맹점,한식,강원특별자치도,춘천시,4181000,"강원특별자치도춘천시 동면 연산골길 100, 1층",033-261-7870,강원특별자치도 춘천시청,033-250-4043,2025-07-14
산수정,일반가맹점,한식,강원특별자치도,춘천시,4181000,강원특별자치도춘천시 남산면 산수길 215,033-263-4932,강원특별자치도 춘천시청,033-250-4043,2025-07-14
산애그린,일반가맹점,한식,강원특별자치도,춘천시,4181000,강원특별자치도춘천시 공지로 55 (석사동),033-261-1880,강원특별자치도 춘천시청,033-250-4043,2025-07-14
산천리짜장&치킨,일반가맹점,일반대중음식,강원특별자치도,춘천시,4181000,강원특별자치도 춘천시 신북읍 구리고개길 5 2동 1층 101호,033-263-2229,강원특별자치도 춘천시청,033-250-4043,2025-07-14
산천마을,일반가맹점,한식,강원특별자치도,춘천시,4181000,강원특별자치도춘천시 영서로 2841-1 (사농동),033-257-1232,강원특별자치도 춘천시청,033-250-4043,2025-07-14
산천수산송어횟집,일반가맹점,일반대중음식,강원특별자치도,춘천시,4181000,강원특별자치도 춘천시 신북읍 샘뜨락1길 46 1층,033-243-3080,강원특별자치도 춘천시청,033-250-4043,2025-07-14
산천어춘천닭갈비,일반가맹점,한식,강원특별자치도,춘천시,4181000,"강원특별자치도춘천시 효자로 134-2, 2층 (효자동)",,강원특별자치도 춘천시청,033-250-4043,2025-07-14
산촌,일반가맹점,한식,강원특별자치도,춘천시,4181000,강원특별자치도춘천시 동면 금옥길 161,033-252-7602,강원특별자치도 춘천시청,033-250-4043,2025-07-14
산촌흑염소,일반가맹점,한식,강원특별자치도,춘천시,4181000,강원특별자치도춘천시 스무숲1길 8-1 (석사동),033-262-4433,강원특별자치도 춘천시청,033-250-4043,2025-07-14
산토리니,일반가맹점,일반대중음식,강원특별자치도,춘천시,4181000,강원특별자치도 춘천시 동면 순환대로 1154-97 .,033-242-3010,강원특별자치도 춘천시청,033-250-4043,2025-07-14
살루떼(Salute),일반가맹점,제과점,강원특별자치도,춘천시,4181000,강원특별자치도춘천시 후석로379번길 34 (후평동),070-7559-3654,강원특별자치도 춘천시청,033-250-4043,2025-07-14
삼거리칼국수장가네붕장어,일반가맹점,한식,강원특별자치도,춘천시,4181000,"강원특별자치도춘천시 동내면 원창고개길 285, 1층",033-261-1480,강원특별자치도 춘천시청,033-250-4043,2025-07-14
삼겹천하,일반가맹점,한식,강원특별자치도,춘천시,4181000,강원특별자치도춘천시 후평3동 869-8,033-242-2128,강원특별자치도 춘천시청,033-250-4043,2025-07-14
삼겹천하,일반가맹점,한식,강원특별자치도,춘천시,4181000,강원특별자치도춘천시 애막골길11번길 18-1 (석사동),033-263-3242,강원특별자치도 춘천시청,033-250-4043,2025-07-14
삼교리동치미막국수(춘천점),일반가맹점,한식,강원특별자치도,춘천시,4181000,강원특별자치도춘천시 삭주로 193 (후평동),033-242-9988,강원특별자치도 춘천시청,033-250-4043,2025-07-14
삼구삼구(3939),일반가맹점,한식,강원특별자치도,춘천시,4181000,강원특별자치도 춘천시 후석로186번길 30-7 석사동,033-262-0633,강원특별자치도 춘천시청,033-250-4043,2025-07-14
삼남매,일반가맹점,한식,강원특별자치도,춘천시,4181000,강원특별자치도 춘천시 춘천로170번길 8 1층,033-637-5770,강원특별자치도 춘천시청,033-250-4043,2025-07-14
삼대닭갈비,일반가맹점,한식,강원특별자치도,춘천시,4181000,강원특별자치도춘천시 남춘로5번길 18-1 (퇴계동),033-251-8706,강원특별자치도 춘천시청,033-250-4043,2025-07-14
삼대막국수,일반가맹점,한식,강원특별자치도,춘천시,4181000,강원특별자치도춘천시 퇴계동 365-1번지,033-253-8600,강원특별자치도 춘천시청,033-250-4043,2025-07-14
삼동전집,일반가맹점,한식,강원특별자치도,춘천시,4181000,강원특별자치도 춘천시 퇴계로145번길 3-2 101호,033-263-2112,강원특별자치도 춘천시청,033-250-4043,2025-07-14
삼봉한우정육식당,일반가맹점,한식,강원특별자치도,춘천시,4181000,강원특별자치도춘천시 퇴계로 247 (석사동),033-261-2266,강원특별자치도 춘천시청,033-250-4043,2025-07-14
삼삼구이,일반가맹점,한식,강원특별자치도,춘천시,4181000,강원특별자치도춘천시 스무숲1길 8-2 (석사동),033-262-9235,강원특별자치도 춘천시청,033-250-4043,2025-07-14
삼삼카츠,일반가맹점,일반대중음식,강원특별자치도,춘천시,4181000,강원특별자치도 춘천시 후석로45번길 35 1층,,강원특별자치도 춘천시청,033-250-4043,2025-07-14
삼삼회관,일반가맹점,일반대중음식,강원특별자치도,춘천시,4181000,"강원특별자치도춘천시 효석로67번길 18, 1층 좌측호 (석사동)",033-263-3392,강원특별자치도 춘천시청,033-250-4043,2025-07-14
삼성분식,일반가맹점,한식,강원특별자치도,춘천시,4181000,"강원특별자치도춘천시 충열로 30 103호  상가 (우두동, 삼성아파트)",033-251-3788,강원특별자치도 춘천시청,033-250-4043,2025-07-14
삼시세끼,일반가맹점,한식,강원특별자치도,춘천시,4181000,강원특별자치도춘천시 춘천로68번길 20 (효자동),033-243-3527,강원특별자치도 춘천시청,033-250-4043,2025-07-14
삼악산닭갈비,일반가맹점,한식,강원특별자치도,춘천시,4181000,강원특별자치도 춘천시 서면 경춘로 679-5 1층,033-261-9960,강원특별자치도 춘천시청,033-250-4043,2025-07-14
삼악산등선폭포에있는등선집,일반가맹점,한식,강원특별자치도,춘천시,4181000,"강원특별자치도춘천시 서면 경춘로 1401-21, 1층",032-262-2519,강원특별자치도 춘천시청,033-250-4043,2025-07-14
삼오촌두부,일반가맹점,한식,강원특별자치도,춘천시,4181000,강원특별자치도춘천시 남산면 소주고개로 426,033-261-4681,강원특별자치도 춘천시청,033-250-4043,2025-07-14
삼주외식산업(주)춘천바이오산업진흥원점,일반가맹점,한식,강원특별자치도,춘천시,4181000,강원특별자치도 춘천시 소양강로 32 4층,02-456-5700,강원특별자치도 춘천시청,033-250-4043,2025-07-14
삼천동숯불구이,일반가맹점,한식,강원특별자치도,춘천시,4181000,강원특별자치도춘천시 스포츠타운길 443 (삼천동),033-251-7697,강원특별자치도 춘천시청,033-250-4043,2025-07-14
삼천동식당,일반가맹점,한식,강원특별자치도,춘천시,4181000,"강원특별자치도춘천시 자라우새길 68, 1층 (송암동)",033-020-1111,강원특별자치도 춘천시청,033-250-4043,2025-07-14
삼천포돼지국밥,일반가맹점,한식,강원특별자치도,춘천시,4181000,강원특별자치도춘천시 신북읍 율문3길 71,033-253-2294,강원특별자치도 춘천시청,033-250-4043,2025-07-14
삼첩분식우두점,일반가맹점,한식,강원특별자치도,춘천시,4181000,강원특별자치도 춘천시 새청말길 23 1층 102호,033-243-3737,강원특별자치도 춘천시청,033-250-4043,2025-07-14
삼촌네 갈비탕,일반가맹점,한식,강원특별자치도,춘천시,4181000,강원특별자치도 춘천시 춘주로91번길 13 1층,033-910-0159,강원특별자치도 춘천시청,033-250-4043,2025-07-14
삼포가는길,일반가맹점,일반대중음식,강원특별자치도,춘천시,4181000,강원특별자치도 춘천시 신동면 김유정로 1060-25 1층,033-262-3840,강원특별자치도 춘천시청,033-250-4043,2025-07-14
삼포하마가든,일반가맹점,한식,강원특별자치도,춘천시,4181000,강원특별자치도춘천시 신동면 김유정로 1066,033-262-1999,강원특별자치도 춘천시청,033-250-4043,2025-07-14
삼포흑염소,일반가맹점,한식,강원특별자치도,춘천시,4181000,강원특별자치도춘천시 신동면 중리 130,033-261-9911,강원특별자치도 춘천시청,033-250-4043,2025-07-14
삽자루든 돼지,일반가맹점,한식,강원특별자치도,춘천시,4181000,강원특별자치도춘천시 후평1동 846-1 현대상가 204,033-252-9297,강원특별자치도 춘천시청,033-250-4043,2025-07-14
삿포로 우동집,일반가맹점,일식,강원특별자치도,춘천시,4181000,강원특별자치도 춘천시 동면 춘천로449번길 26-1 1층,,강원특별자치도 춘천시청,033-250-4043,2025-07-14
상린,일반가맹점,양식,강원특별자치도,춘천시,4181000,강원특별자치도 춘천시 교동길17번길 11 1층,070-7500-0870,강원특별자치도 춘천시청,033-250-4043,2025-07-14
상상오리 춘천점,일반가맹점,일반대중음식,강원특별자치도,춘천시,4181000,"강원특별자치도 춘천시 후석로46번길 8 ,1층(석사동)",070-7542-5292,강원특별자치도 춘천시청,033-250-4043,2025-07-14
상우매운탕,일반가맹점,한식,강원특별자치도,춘천시,4181000,강원특별자치도춘천시 신북읍 율문리 301-2,033-242-1416,강원특별자치도 춘천시청,033-250-4043,2025-07-14
상하이,일반가맹점,중식,강원특별자치도,춘천시,4181000,강원특별자치도 춘천시 동면 춘천로449번길 24 1층 101호,033-255-8965,강원특별자치도 춘천시청,033-250-4043,2025-07-14
상호네닭갈비,일반가맹점,한식,강원특별자치도,춘천시,4181000,"강원특별자치도춘천시 우묵들길 7, 1층 (퇴계동)",033-251-1170,강원특별자치도 춘천시청,033-250-4043,2025-07-14
상호네닭갈비 스무숲점,일반가맹점,한식,강원특별자치도,춘천시,4181000,강원특별자치도 춘천시 스무숲1길 38-5 1층,,강원특별자치도 춘천시청,033-250-4043,2025-07-14
상호네숯불닭갈비돼지갈비,일반가맹점,한식,강원특별자치도,춘천시,4181000,강원특별자치도춘천시 동내면 거두길 20-20,033-262-3500,강원특별자치도 춘천시청,033-250-4043,2025-07-14
새들의 천국,일반가맹점,한식,강원특별자치도,춘천시,4181000,강원특별자치도춘천시 서면 856,033-244-3037,강원특별자치도 춘천시청,033-250-4043,2025-07-14
새로카츠,일반가맹점,일반대중음식,강원특별자치도,춘천시,4181000,강원특별자치도 춘천시 새롬공원길 22-1 1층 좌측호,,강원특별자치도 춘천시청,033-250-4043,2025-07-14
새명동우미닭갈비,일반가맹점,한식,강원특별자치도,춘천시,4181000,강원특별자치도춘천시 시청길10번길 16 (조양동),033-252-1759,강원특별자치도 춘천시청,033-250-4043,2025-07-14
새미골추어탕,일반가맹점,한식,강원특별자치도,춘천시,4181000,강원특별자치도춘천시 서부대성로48번길 26-1 (요선동),033-241-4118,강원특별자치도 춘천시청,033-250-4043,2025-07-14
새서울해장국,일반가맹점,한식,강원특별자치도,춘천시,4181000,"강원특별자치도춘천시 백령로 146, 3 (효자동)",033-255-7122,강원특별자치도 춘천시청,033-250-4043,2025-07-14
새술막 막국수,일반가맹점,한식,강원특별자치도,춘천시,4181000,강원특별자치도춘천시 동산면 원창리 881번지,033-261-2135,강원특별자치도 춘천시청,033-250-4043,2025-07-14
새참,일반가맹점,한식,강원특별자치도,춘천시,4181000,강원특별자치도춘천시 지석로 13 (퇴계동),033-262-8870,강원특별자치도 춘천시청,033-250-4043,2025-07-14
샌드리아춘천애막골점,일반가맹점,일반대중음식,강원특별자치도,춘천시,4181000,강원특별자치도 춘천시 후석로186번길 10 1층,033-262-4345,강원특별자치도 춘천시청,033-250-4043,2025-07-14
샌드브루,일반가맹점,일반대중음식,강원특별자치도,춘천시,4181000,강원특별자치도 춘천시 충혼길66번길 6 ..,,강원특별자치도 춘천시청,033-250-4043,2025-07-14
샌드소양,일반가맹점,일반대중음식,강원특별자치도,춘천시,4181000,강원특별자치도 춘천시 번개시장길 32 110호,033-818-0429,강원특별자치도 춘천시청,033-250-4043,2025-07-14
샌드위치일상춘천점,일반가맹점,한식,강원특별자치도,춘천시,4181000,강원특별자치도 춘천시 서부대성로 67 101호,,강원특별자치도 춘천시청,033-250-4043,2025-07-14
샌토락낙원동점,일반가맹점,한식,강원특별자치도,춘천시,4181000,강원특별자치도 춘천시 중앙로68번길 20 .,033-251-0550,강원특별자치도 춘천시청,033-250-4043,2025-07-14
샐러드네,일반가맹점,일반대중음식,강원특별자치도,춘천시,4181000,강원특별자치도 춘천시 후석로393번길 38 1층,033-252-0995,강원특별자치도 춘천시청,033-250-4043,2025-07-14
샐러디 온의점,일반가맹점,일반대중음식,강원특별자치도,춘천시,4181000,강원특별자치도 춘천시 춘천로17번길 31 1층 102호,033-242-1394,강원특별자치도 춘천시청,033-250-4043,2025-07-14
샐러디 춘천우두점,일반가맹점,일반대중음식,강원특별자치도,춘천시,4181000,강원특별자치도 춘천시 우두1길 100 116동 113호,033-243-8008,강원특별자치도 춘천시청,033-250-4043,2025-07-14
샐러디 춘천후평점,일반가맹점,일반대중음식,강원특별자치도,춘천시,4181000,강원특별자치도 춘천시 후석로 318 1층 101호,033-253-1395,강원특별자치도 춘천시청,033-250-4043,2025-07-14
샐러디아춘천점,일반가맹점,일반대중음식,강원특별자치도,춘천시,4181000,강원특별자치도 춘천시 춘천순환로 46 1층 105호,033-264-0141,강원특별자치도 춘천시청,033-250-4043,2025-07-14
샐러디춘천퇴계점,일반가맹점,일반대중음식,강원특별자치도,춘천시,4181000,강원특별자치도 춘천시 퇴계농공로 11 106호,070-4184-4592,강원특별자치도 춘천시청,033-250-4043,2025-07-14
샐러바웃 샐러드 앤드 포케 후평점,일반가맹점,일반대중음식,강원특별자치도,춘천시,4181000,강원특별자치도 춘천시 후석로 346 1층,033-910-8285,강원특별자치도 춘천시청,033-250-4043,2025-07-14
샐럽스프 온의점,일반가맹점,일반대중음식,강원특별자치도,춘천시,4181000,강원특별자치도 춘천시 영서로 2341 101-1호,033-254-1253,강원특별자치도 춘천시청,033-250-4043,2025-07-14
샘골,일반가맹점,한식,강원특별자치도,춘천시,4181000,강원특별자치도 춘천시 서면 방동샘골길 35 1층,033-255-7206,강원특별자치도 춘천시청,033-250-4043,2025-07-14
샘골보신탕,일반가맹점,한식,강원특별자치도,춘천시,4181000,강원특별자치도춘천시 후석로420번길 53-1 (후평동),033-256-2606,강원특별자치도 춘천시청,033-250-4043,2025-07-14
샘물가든,일반가맹점,한식,강원특별자치도,춘천시,4181000,강원특별자치도춘천시 서면 서상로 369,033-242-7319,강원특별자치도 춘천시청,033-250-4043,2025-07-14
샘밭막국수,일반가맹점,일반대중음식,강원특별자치도,춘천시,4181000,강원특별자치도춘천시 신북읍 천전 118-23,033-242-1702,강원특별자치도 춘천시청,033-250-4043,2025-07-14
샘밭촌놈,일반가맹점,한식,강원특별자치도,춘천시,4181000,강원특별자치도춘천시 동내면 외솔길19번길 49-29,033-261-9999,강원특별자치도 춘천시청,033-250-4043,2025-07-14
샘터왕족발,일반가맹점,한식,강원특별자치도,춘천시,4181000,강원특별자치도 춘천시 영서로 2865 1층,033-231-1111,강원특별자치도 춘천시청,033-250-4043,2025-07-14
샘토명물닭갈비본점,일반가맹점,일반대중음식,강원특별자치도,춘천시,4181000,강원특별자치도 춘천시 신북읍 신샘밭로 729 1층,033-256-9995,강원특별자치도 춘천시청,033-250-4043,2025-07-14
샘토숯불닭갈비남춘천역점,일반가맹점,한식,강원특별자치도,춘천시,4181000,강원특별자치도 춘천시 우묵길52번길 10 1층,,강원특별자치도 춘천시청,033-250-4043,2025-07-14
샘토참숯불닭갈비강촌점,일반가맹점,한식,강원특별자치도,춘천시,4181000,"강원특별자치도춘천시 남산면 강촌로 159, 샘토참숯불닭갈비 강촌점",033-262-9995,강원특별자치도 춘천시청,033-250-4043,2025-07-14
생각나는밥집,일반가맹점,한식,강원특별자치도,춘천시,4181000,강원특별자치도 춘천시 성심로 62 1층,,강원특별자치도 춘천시청,033-250-4043,2025-07-14
생곡막국수춘천점,일반가맹점,한식,강원특별자치도,춘천시,4181000,강원특별자치도 춘천시 동면 춘천순환로 408 ..,033-264-3000,강원특별자치도 춘천시청,033-250-4043,2025-07-14
생마차강대후문점,일반가맹점,일식,강원특별자치도,춘천시,4181000,강원특별자치도 춘천시 백령로138번길 15 1층(효자동),,강원특별자치도 춘천시청,033-250-4043,2025-07-14
생삼겹구루(Guru),일반가맹점,일반대중음식,강원특별자치도,춘천시,4181000,강원특별자치도 춘천시 동내면 춘천순환로94번길 25 1층,033-261-3992,강원특별자치도 춘천시청,033-250-4043,2025-07-14
생삼겹구루요선점,일반가맹점,한식,강원특별자치도,춘천시,4181000,"강원특별자치도춘천시 서부대성로43번길 3 , 1층 (요선동)",,강원특별자치도 춘천시청,033-250-4043,2025-07-14
생생삼겹살,일반가맹점,한식,강원특별자치도,춘천시,4181000,강원특별자치도춘천시 공원3길 21-1 (퇴계동),033-252-1381,강원특별자치도 춘천시청,033-250-4043,2025-07-14
생선명가거북명태,일반가맹점,한식,강원특별자치도,춘천시,4181000,강원특별자치도 춘천시 동내면 거두택지길26번길 9-14 .,033-263-0587,강원특별자치도 춘천시청,033-250-4043,2025-07-14
샤브마니아 메가박스점,일반가맹점,한식,강원특별자치도,춘천시,4181000,강원특별자치도 춘천시 춘천로17번길 17 106호,033-252-0854,강원특별자치도 춘천시청,033-250-4043,2025-07-14
샤브마니아 춘천우두점,일반가맹점,한식,강원특별자치도,춘천시,4181000,"강원특별자치도춘천시 충열로 153, 2동 1층 (우두동)",033-241-2340,강원특별자치도 춘천시청,033-250-4043,2025-07-14
샤브마니아춘천점,일반가맹점,한식,강원특별자치도,춘천시,4181000,강원특별자치도 춘천시 동면 춘천순환로 344 1층,033-262-0854,강원특별자치도 춘천시청,033-250-4043,2025-07-14
샤브명가,일반가맹점,한식,강원특별자치도,춘천시,4181000,"강원특별자치도 춘천시 안마산로 110 B1층(퇴계동,하윤빌딩)",033-242-1991,강원특별자치도 춘천시청,033-250-4043,2025-07-14
샤브향,일반가맹점,한식,강원특별자치도,춘천시,4181000,강원특별자치도 춘천시 동내면 외솔길19번길 64-8 .,033-263-2555,강원특별자치도 춘천시청,033-250-4043,2025-07-14
샤브향 춘천퇴계점,일반가맹점,한식,강원특별자치도,춘천시,4181000,강원특별자치도춘천시 우묵들길 35-6 (퇴계동),033-252-2868,강원특별자치도 춘천시청,033-250-4043,2025-07-14
샬롬분식,일반가맹점,한식,강원특별자치도,춘천시,4181000,강원특별자치도 춘천시 춘천로185번길 6-4 운교동,033-243-3472,강원특별자치도 춘천시청,033-250-4043,2025-07-14
샵디에스,일반가맹점,일반대중음식,강원특별자치도,춘천시,4181000,강원특별자치도 춘천시 춘천로68번길 10-1 1층,,강원특별자치도 춘천시청,033-250-4043,2025-07-14
샵샤브춘천점,일반가맹점,한식,강원특별자치도,춘천시,4181000,강원특별자치도 춘천시 동면 춘천순환로 446 101호,,강원특별자치도 춘천시청,033-250-4043,2025-07-14
샵샤브춘천점,일반가맹점,한식,강원특별자치도,춘천시,4181000,강원특별자치도 춘천시 동면 춘천순환로 446 101호,033-242-4942,강원특별자치도 춘천시청,033-250-4043,2025-07-14
샵샵,일반가맹점,일식,강원특별자치도,춘천시,4181000,"강원특별자치도 춘천시 중앙로67번길 18 3동1층3102호(죽림동,브라운가)",,강원특별자치도 춘천시청,033-250-4043,2025-07-14
샹츠마라,일반가맹점,중식,강원특별자치도,춘천시,4181000,"강원특별자치도춘천시 명동길 17-1, 2층 3층 (조양동)",,강원특별자치도 춘천시청,033-250-4043,2025-07-14
샹츠마라 강원대점,일반가맹점,중식,강원특별자치도,춘천시,4181000,강원특별자치도 춘천시 서부대성로239번길 3 .2층,,강원특별자치도 춘천시청,033-250-4043,2025-07-14
서가네,일반가맹점,한식,강원특별자치도,춘천시,4181000,강원특별자치도 춘천시 벌말길 58 1층(석사동),,강원특별자치도 춘천시청,033-250-4043,2025-07-14
서가네매운갈비찜,일반가맹점,한식,강원특별자치도,춘천시,4181000,강원특별자치도춘천시 충혼길8번길 19 (온의동),033-255-8186,강원특별자치도 춘천시청,033-250-4043,2025-07-14
서래왕차돌(남춘천역점),일반가맹점,한식,강원특별자치도,춘천시,4181000,강원특별자치도 춘천시 우묵들길 4 1층(퇴계동),033-255-0465,강원특별자치도 춘천시청,033-250-4043,2025-07-14
서면누각,일반가맹점,일반대중음식,강원특별자치도,춘천시,4181000,강원특별자치도 춘천시 서면 유천길 9 1층,,강원특별자치도 춘천시청,033-250-4043,2025-07-14
서면반점,일반가맹점,중식,강원특별자치도,춘천시,4181000,강원특별자치도춘천시 서면 박사로 939,033-243-4764,강원특별자치도 춘천시청,033-250-4043,2025-07-14
서면손두부집,일반가맹점,한식,강원특별자치도,춘천시,4181000,강원특별자치도춘천시 서면 당산길 31-11,033-243-2280,강원특별자치도 춘천시청,033-250-4043,2025-07-14
서면식당,일반가맹점,한식,강원특별자치도,춘천시,4181000,강원특별자치도 춘천시 서면 신매강변길 299 가동 1층,,강원특별자치도 춘천시청,033-250-4043,2025-07-14
서문가든,일반가맹점,한식,강원특별자치도,춘천시,4181000,강원특별자치도 춘천시 백령로147번길 10-1 1층,,강원특별자치도 춘천시청,033-250-4043,2025-07-14
서부맛집능이해천탕,일반가맹점,한식,강원특별자치도,춘천시,4181000,강원특별자치도 춘천시 서부대성로 12 지하1층 서부맛집능이해천탕,033-256-8686,강원특별자치도 춘천시청,033-250-4043,2025-07-14
서상매운탕,일반가맹점,한식,강원특별자치도,춘천시,4181000,강원특별자치도춘천시 서면 박사로 1501,033-243-3894,강원특별자치도 춘천시청,033-250-4043,2025-07-14
서영이네맛집,일반가맹점,한식,강원특별자치도,춘천시,4181000,"강원특별자치도춘천시 옥천길 27, 1층 (옥천동)",033-255-9966,강원특별자치도 춘천시청,033-250-4043,2025-07-14
서울감자탕,일반가맹점,한식,강원특별자치도,춘천시,4181000,"강원특별자치도춘천시 공지로 366, 1층 (효자동)",033-255-8880,강원특별자치도 춘천시청,033-250-4043,2025-07-14
서울녹각삼계탕,일반가맹점,한식,강원특별자치도,춘천시,4181000,강원특별자치도 춘천시 효석로 29 1층,033-262-9288,강원특별자치도 춘천시청,033-250-4043,2025-07-14
서울횟집,일반가맹점,한식,강원특별자치도,춘천시,4181000,강원특별자치도춘천시 서면 삿갓봉길 21,033-244-2368,강원특별자치도 춘천시청,033-250-4043,2025-07-14
서윤식당,일반가맹점,한식,강원특별자치도,춘천시,4181000,강원특별자치도 춘천시 춘천로 271 1층,033-242-0728,강원특별자치도 춘천시청,033-250-4043,2025-07-14
서정가든,일반가맹점,한식,강원특별자치도,춘천시,4181000,강원특별자치도춘천시 동내면 순환대로 555,033-262-6604,강원특별자치도 춘천시청,033-250-4043,2025-07-14
서정생태탕,일반가맹점,한식,강원특별자치도,춘천시,4181000,"강원특별자치도춘천시 승지골길13번길 7-4, 상가 1층 북측 (퇴계동)",033-262-0270,강원특별자치도 춘천시청,033-250-4043,2025-07-14
서춘천농업협동조합,주부식가맹점,농협(마트),강원특별자치도,춘천시,4181000,강원특별자치도춘천시 서면 박사로 910,033-243-0811,강원특별자치도 춘천시청,033-250-4043,2025-07-14
서춘천농협 신매지점,주부식가맹점,농협(마트),강원특별자치도,춘천시,4181000,강원특별자치도 춘천시 서면 박사로 1262 (서면),,강원특별자치도 춘천시청,033-250-4043,2025-07-14
서해바지락 칼국수,일반가맹점,한식,강원특별자치도,춘천시,4181000,"강원특별자치도춘천시 퇴계농공로 13, 1층 (석사동)",033-262-0498,강원특별자치도 춘천시청,033-250-4043,2025-07-14
서해안 생찜,일반가맹점,한식,강원특별자치도,춘천시,4181000,강원특별자치도 춘천시 스무숲1길 32-9 1층,033-263-1119,강원특별자치도 춘천시청,033-250-4043,2025-07-14
서현옛날밥상,일반가맹점,한식,강원특별자치도,춘천시,4181000,강원특별자치도춘천시 공지로 276-3 (효자동),033-254-8813,강원특별자치도 춘천시청,033-250-4043,2025-07-14
석관동떡볶이 춘천점,일반가맹점,한식,강원특별자치도,춘천시,4181000,강원특별자치도 춘천시 서부대성로 177 (효자동),033-241-9994,강원특별자치도 춘천시청,033-250-4043,2025-07-14
석돌판돼지구이,일반가맹점,한식,강원특별자치도,춘천시,4181000,강원특별자치도 춘천시 백령로 220 1층,033-251-5300,강원특별자치도 춘천시청,033-250-4043,2025-07-14
석사CGV점 치킨매니아,일반가맹점,일반대중음식,강원특별자치도,춘천시,4181000,"강원특별자치도춘천시 지석로 75, 프라임존 110 (석사동)",033-252-9982,강원특별자치도 춘천시청,033-250-4043,2025-07-14
석사교대점치킨플러스,일반가맹점,한식,강원특별자치도,춘천시,4181000,"강원특별자치도춘천시 효석로89번길 19, 1층 (석사동)",033-262-7982,강원특별자치도 춘천시청,033-250-4043,2025-07-14
석사돈사무소,일반가맹점,한식,강원특별자치도,춘천시,4181000,강원특별자치도춘천시 후석로66번길 25 (석사동),033-261-0330,강원특별자치도 춘천시청,033-250-4043,2025-07-14
석사돌삼겹,일반가맹점,한식,강원특별자치도,춘천시,4181000,강원특별자치도 춘천시 효석로89번길 31 1층,,강원특별자치도 춘천시청,033-250-4043,2025-07-14
석사반점,일반가맹점,중식,강원특별자치도,춘천시,4181000,강원특별자치도춘천시 효자동 791-2번지 근로복지상가 204,033-261-4351,강원특별자치도 춘천시청,033-250-4043,2025-07-14
석사소머리국밥전문점,일반가맹점,한식,강원특별자치도,춘천시,4181000,강원특별자치도춘천시 효석로77번길 20 (석사동),033-262-4566,강원특별자치도 춘천시청,033-250-4043,2025-07-14
석쇠꾼 스무숲점,일반가맹점,한식,강원특별자치도,춘천시,4181000,강원특별자치도 춘천시 스무숲1길 81 1층,,강원특별자치도 춘천시청,033-250-4043,2025-07-14
선산곱창,일반가맹점,한식,강원특별자치도,춘천시,4181000,강원특별자치도 춘천시 충열로16번길 21-16 1층,,강원특별자치도 춘천시청,033-250-4043,2025-07-14
선차이,일반가맹점,중식,강원특별자치도,춘천시,4181000,강원특별자치도 춘천시 수변공원길 11 2층,033-252-0090,강원특별자치도 춘천시청,033-250-4043,2025-07-14
선참치,일반가맹점,일반대중음식,강원특별자치도,춘천시,4181000,강원특별자치도 춘천시 퇴계로 97 1층 103호,033-264-3737,강원특별자치도 춘천시청,033-250-4043,2025-07-14
선호두랑파이,일반가맹점,일반대중음식,강원특별자치도,춘천시,4181000,강원특별자치도 춘천시 시청길10번길 4-2 1층(조양동),033-251-1668,강원특별자치도 춘천시청,033-250-4043,2025-07-14
선화유통,일반가맹점,농수산물,강원특별자치도,춘천시,4181000,강원특별자치도춘천시 동면 춘천순환로 575,033-261-8892,강원특별자치도 춘천시청,033-250-4043,2025-07-14
설악막국수춘천닭갈비강촌점,일반가맹점,한식,강원특별자치도,춘천시,4181000,강원특별자치도춘천시 남면 충효로 801,033-262-2358,강원특별자치도 춘천시청,033-250-4043,2025-07-14
설악추어탕,일반가맹점,한식,강원특별자치도,춘천시,4181000,강원특별자치도춘천시 우석로4번길 15 (석사동),033-263-0770,강원특별자치도 춘천시청,033-250-4043,2025-07-14
섬마을,일반가맹점,한식,강원특별자치도,춘천시,4181000,강원특별자치도 춘천시 효자문길 18 1층,033-257-5558,강원특별자치도 춘천시청,033-250-4043,2025-07-14
섬마을생선구이전문,일반가맹점,한식,강원특별자치도,춘천시,4181000,"강원특별자치도춘천시 복골길 1, 1층 (후평동)",033-256-5556,강원특별자치도 춘천시청,033-250-4043,2025-07-14
성대수산,일반가맹점,일식,강원특별자치도,춘천시,4181000,강원특별자치도춘천시 영서로 2800 (우두동),033-251-0585,강원특별자치도 춘천시청,033-250-4043,2025-07-14
성산손칼국수,일반가맹점,한식,강원특별자치도,춘천시,4181000,"강원특별자치도춘천시 동면 뒷들길 4-4, 1층",033-252-3476,강원특별자치도 춘천시청,033-250-4043,2025-07-14
성수순대와족발,일반가맹점,한식,강원특별자치도,춘천시,4181000,강원특별자치도춘천시 복골길 52 (후평동),033-256-2242,강원특별자치도 춘천시청,033-250-4043,2025-07-14
성심식당,일반가맹점,한식,강원특별자치도,춘천시,4181000,강원특별자치도춘천시 중앙로68번길 11 (낙원동),033-256-4880,강원특별자치도 춘천시청,033-250-4043,2025-07-14
성심식당,일반가맹점,일반대중음식,강원특별자치도,춘천시,4181000,강원특별자치도춘천시 효자2동 710-14 5/2,033-254-2638,강원특별자치도 춘천시청,033-250-4043,2025-07-14
성우닭갈비,일반가맹점,한식,강원특별자치도,춘천시,4181000,"강원특별자치도춘천시 동내면 춘천순환로 110, 1층",033-244-5579,강원특별자치도 춘천시청,033-250-4043,2025-07-14
세경옛날순대국,일반가맹점,한식,강원특별자치도,춘천시,4181000,"강원특별자치도춘천시 삭주로 125, 세경3차상가 206 (후평동)",033-251-5639,강원특별자치도 춘천시청,033-250-4043,2025-07-14
세모네돌짜장,일반가맹점,중식,강원특별자치도,춘천시,4181000,"강원특별자치도춘천시 서면 영서로 3888-6, 1층",033-244-0724,강원특별자치도 춘천시청,033-250-4043,2025-07-14
세븐일레븐 (강촌점),편의점,편의점,강원특별자치도,춘천시,4181000,강원특별자치도춘천시 남산면 강촌로 112,02-3284-8187,강원특별자치도 춘천시청,033-250-4043,2025-07-14
세븐일레븐 공지천점,편의점,편의점,강원특별자치도,춘천시,4181000,강원특별자치도춘천시 수변공원길 18 (삼천동),02-3284-8187,강원특별자치도 춘천시청,033-250-4043,2025-07-14
세븐일레븐 뉴강대천하점,편의점,편의점,강원특별자치도,춘천시,4181000,"강원특별자치도춘천시 백령로 75, 1층 (효자동)",,강원특별자치도 춘천시청,033-250-4043,2025-07-14
세븐일레븐 리치하우스점,편의점,편의점,강원특별자치도,춘천시,4181000,강원특별자치도 춘천시 애막골길20번길 23-1 (석사동),02-1577-0711,강원특별자치도 춘천시청,033-250-4043,2025-07-14
세븐일레븐 봄내박물관점,편의점,편의점,강원특별자치도,춘천시,4181000,강원특별자치도 춘천시 우석로 43 1층,02-1577-0711,강원특별자치도 춘천시청,033-250-4043,2025-07-14
세븐일레븐 춘천OK점,편의점,편의점,강원특별자치도,춘천시,4181000,강원특별자치도 춘천시 춘천로 120 상가동 1층 101호,02-1577-0711,강원특별자치도 춘천시청,033-250-4043,2025-07-14
세븐일레븐 춘천거두공단점,편의점,편의점,강원특별자치도,춘천시,4181000,강원특별자치도춘천시 동내면 순환대로 940,02-1577-0711,강원특별자치도 춘천시청,033-250-4043,2025-07-14
세븐일레븐 춘천거두대로점,편의점,편의점,강원특별자치도,춘천시,4181000,강원특별자치도 춘천시 동내면 춘천순환로 108 1층 101호,02-1577-0711,강원특별자치도 춘천시청,033-250-4043,2025-07-14
세븐일레븐 춘천거두점,편의점,편의점,강원특별자치도,춘천시,4181000,강원특별자치도 춘천시 동내면 춘천순환로72번길 16 .,02-1577-0711,강원특별자치도 춘천시청,033-250-4043,2025-07-14
세븐일레븐 춘천거두택지길점,편의점,편의점,강원특별자치도,춘천시,4181000,강원특별자치도 춘천시 동내면 거두택지길 39 101호,02-1577-0711,강원특별자치도 춘천시청,033-250-4043,2025-07-14
세븐일레븐 춘천교동본점,편의점,편의점,강원특별자치도,춘천시,4181000,강원특별자치도 춘천시 삭주로 45-1 .,02-1577-0711,강원특별자치도 춘천시청,033-250-4043,2025-07-14
세븐일레븐 춘천교동점,편의점,편의점,강원특별자치도,춘천시,4181000,강원특별자치도춘천시 교동길 67 (교동),,강원특별자치도 춘천시청,033-250-4043,2025-07-14
세븐일레븐 춘천근화대로점,편의점,편의점,강원특별자치도,춘천시,4181000,강원특별자치도 춘천시 영서로 2478-1 1층(근화동),02-1577-0711,강원특별자치도 춘천시청,033-250-4043,2025-07-14
세븐일레븐 춘천근화점,편의점,편의점,강원특별자치도,춘천시,4181000,강원특별자치도 춘천시 공지로 469 .,02-1577-0711,강원특별자치도 춘천시청,033-250-4043,2025-07-14
세븐일레븐 춘천금호점,편의점,편의점,강원특별자치도,춘천시,4181000,강원특별자치도춘천시 퇴계동 945번지 금호2차아파트 1층 5호 9호,,강원특별자치도 춘천시청,033-250-4043,2025-07-14
세븐일레븐 춘천김유정역점,편의점,편의점,강원특별자치도,춘천시,4181000,강원특별자치도춘천시 신동면 증리 1043-131,033-2344-4567,강원특별자치도 춘천시청,033-250-4043,2025-07-14
세븐일레븐 춘천뉴시티점,편의점,편의점,강원특별자치도,춘천시,4181000,"강원특별자치도춘천시 영서로 2922, 춘천 101호 뉴시티 코아루 (사농동)",,강원특별자치도 춘천시청,033-250-4043,2025-07-14
세븐일레븐 춘천당림점,편의점,편의점,강원특별자치도,춘천시,4181000,"강원특별자치도춘천시 서면 경춘로 969, 세븐일레븐 춘천당림점",02-3284-8185,강원특별자치도 춘천시청,033-250-4043,2025-07-14
세븐일레븐 춘천도청점,편의점,편의점,강원특별자치도,춘천시,4181000,강원특별자치도 춘천시 서부대성로57번길 2 .,02-1577-0711,강원특별자치도 춘천시청,033-250-4043,2025-07-14
세븐일레븐 춘천두산위브점,편의점,편의점,강원특별자치도,춘천시,4181000,강원특별자치도 춘천시 동면 삭주로 224 .,02-1577-0711,강원특별자치도 춘천시청,033-250-4043,2025-07-14
세븐일레븐 춘천리버스타점,편의점,편의점,강원특별자치도,춘천시,4181000,강원특별자치도 춘천시 영서로 2670 1층,02-1577-0711,강원특별자치도 춘천시청,033-250-4043,2025-07-14
세븐일레븐 춘천만천대로점,편의점,편의점,강원특별자치도,춘천시,4181000,강원특별자치도 춘천시 동면 만천로 87 .,02-1577-0711,강원특별자치도 춘천시청,033-250-4043,2025-07-14
세븐일레븐 춘천만천쉼터점,편의점,편의점,강원특별자치도,춘천시,4181000,강원특별자치도춘천시 동면 만천로 110,033-1577-0711,강원특별자치도 춘천시청,033-250-4043,2025-07-14
세븐일레븐 춘천만천점,편의점,편의점,강원특별자치도,춘천시,4181000,"강원특별자치도 춘천시 동면 후석로326번길 94 상가동 103호, 104호",02-1577-0711,강원특별자치도 춘천시청,033-250-4043,2025-07-14
세븐일레븐 춘천미소점,편의점,편의점,강원특별자치도,춘천시,4181000,"강원특별자치도춘천시 근화길15번길 21, 1층 (근화동)",,강원특별자치도 춘천시청,033-250-4043,2025-07-14
세븐일레븐 춘천보람점,편의점,편의점,강원특별자치도,춘천시,4181000,강원특별자치도 춘천시 도화길 5 .,02-1577-0711,강원특별자치도 춘천시청,033-250-4043,2025-07-14
세븐일레븐 춘천삭주로점,편의점,편의점,강원특별자치도,춘천시,4181000,강원특별자치도 춘천시 삭주로194번길 12 .,02-1577-0711,강원특별자치도 춘천시청,033-250-4043,2025-07-14
세븐일레븐 춘천삼성점,편의점,편의점,강원특별자치도,춘천시,4181000,강원특별자치도 춘천시 충열로16번길 21-20 1층,02-1577-0711,강원특별자치도 춘천시청,033-250-4043,2025-07-14
세븐일레븐 춘천새마을고개점,편의점,편의점,강원특별자치도,춘천시,4181000,"강원특별자치도춘천시 법원뒷길 26, 1층 (효자동)",,강원특별자치도 춘천시청,033-250-4043,2025-07-14
세븐일레븐 춘천새마을고개점,편의점,편의점,강원특별자치도,춘천시,4181000,강원특별자치도 춘천시 법원뒷길 26 1층 101호,02-1577-0711,강원특별자치도 춘천시청,033-250-4043,2025-07-14
세븐일레븐 춘천석사대우점,편의점,편의점,강원특별자치도,춘천시,4181000,"강원특별자치도 춘천시 우석로101번길 86 상가동 1층 03,104호",02-1577-0711,강원특별자치도 춘천시청,033-250-4043,2025-07-14
세븐일레븐 춘천석사쉼터점,편의점,편의점,강원특별자치도,춘천시,4181000,강원특별자치도 춘천시 퇴계농공로 13 1층,02-1577-0711,강원특별자치도 춘천시청,033-250-4043,2025-07-14
세븐일레븐 춘천석사점,편의점,편의점,강원특별자치도,춘천시,4181000,"강원특별자치도춘천시 애막골길11번길 22, 1층 (석사동)",033-1577-0711,강원특별자치도 춘천시청,033-250-4043,2025-07-14
세븐일레븐 춘천석사효석점,편의점,편의점,강원특별자치도,춘천시,4181000,강원특별자치도 춘천시 후석로45번길 34 1층(석사동),02-1577-0711,강원특별자치도 춘천시청,033-250-4043,2025-07-14
세븐일레븐 춘천설레임점,편의점,편의점,강원특별자치도,춘천시,4181000,강원특별자치도 춘천시 충혼길52번길 18 1층,02-1577-8007,강원특별자치도 춘천시청,033-250-4043,2025-07-14
세븐일레븐 춘천소양강점,편의점,편의점,강원특별자치도,춘천시,4181000,"강원특별자치도춘천시 신북읍 상천3길 4 , .",033-1577-0711,강원특별자치도 춘천시청,033-250-4043,2025-07-14
세븐일레븐 춘천솟발길점,편의점,편의점,강원특별자치도,춘천시,4181000,강원특별자치도 춘천시 솟발1길 4-37 .,02-1577-0711,강원특별자치도 춘천시청,033-250-4043,2025-07-14
세븐일레븐 춘천스마트하우스점,편의점,편의점,강원특별자치도,춘천시,4181000,"강원특별자치도 춘천시 소양로 190 상가동 114호, 115호",02-1577-0711,강원특별자치도 춘천시청,033-250-4043,2025-07-14
세븐일레븐 춘천스무숲점,편의점,편의점,강원특별자치도,춘천시,4181000,"강원특별자치도춘천시 스무숲1길 71, 1층 (석사동)",02-3284-8168,강원특별자치도 춘천시청,033-250-4043,2025-07-14
세븐일레븐 춘천시청점,편의점,편의점,강원특별자치도,춘천시,4181000,강원특별자치도 춘천시 시청길 24 1층(조양동),02-1577-0711,강원특별자치도 춘천시청,033-250-4043,2025-07-14
세븐일레븐 춘천신북스타점,편의점,편의점,강원특별자치도,춘천시,4181000,강원특별자치도 춘천시 신북읍 영서로 3346 1층,02-1577-0711,강원특별자치도 춘천시청,033-250-4043,2025-07-14
세븐일레븐 춘천양우스타점,편의점,편의점,강원특별자치도,춘천시,4181000,강원특별자치도 춘천시 공지로317번길 14 1층,02-1577-0711,강원특별자치도 춘천시청,033-250-4043,2025-07-14
세븐일레븐 춘천에이스점,편의점,편의점,강원특별자치도,춘천시,4181000,강원특별자치도 춘천시 만천로 239 .,02-1577-0711,강원특별자치도 춘천시청,033-250-4043,2025-07-14
세븐일레븐 춘천영서뷰티점,편의점,편의점,강원특별자치도,춘천시,4181000,강원특별자치도 춘천시 영서로 2896 .,02-1577-0711,강원특별자치도 춘천시청,033-250-4043,2025-07-14
세븐일레븐 춘천예준점,편의점,편의점,강원특별자치도,춘천시,4181000,강원특별자치도춘천시 둥지길47번길 4 (효자동),,강원특별자치도 춘천시청,033-250-4043,2025-07-14
세븐일레븐 춘천온의대로점,편의점,편의점,강원특별자치도,춘천시,4181000,강원특별자치도 춘천시 안마산로 19-1 .,02-1577-0711,강원특별자치도 춘천시청,033-250-4043,2025-07-14
세븐일레븐 춘천우두희망점,편의점,편의점,강원특별자치도,춘천시,4181000,강원특별자치도 춘천시 우두1길 38 S001동 3호,02-1577-0711,강원특별자치도 춘천시청,033-250-4043,2025-07-14
세븐일레븐 춘천우미린점,편의점,편의점,강원특별자치도,춘천시,4181000,"강원특별자치도 춘천시 보안길 36 상가1동 101호(후평동, 우미린뉴시티)",02-1577-0711,강원특별자치도 춘천시청,033-250-4043,2025-07-14
세븐일레븐 춘천은하수점,편의점,편의점,강원특별자치도,춘천시,4181000,강원특별자치도 춘천시 대양당길9번길 16-1 1층,02-1577-0711,강원특별자치도 춘천시청,033-250-4043,2025-07-14
세븐일레븐 춘천이안점,편의점,편의점,강원특별자치도,춘천시,4181000,"강원특별자치도 춘천시 영서로 2169-1 퇴계이안분산상가동 101호, 102호",02-1577-0711,강원특별자치도 춘천시청,033-250-4043,2025-07-14
세븐일레븐 춘천장학점,편의점,편의점,강원특별자치도,춘천시,4181000,강원특별자치도 춘천시 동면 춘천순환로 715 1층,02-1577-0711,강원특별자치도 춘천시청,033-250-4043,2025-07-14
세븐일레븐 춘천잭슨나인스호텔점,편의점,편의점,강원특별자치도,춘천시,4181000,강원특별자치도 춘천시 중앙로 193 B101호,02-1577-0711,강원특별자치도 춘천시청,033-250-4043,2025-07-14
세븐일레븐 춘천제일점,편의점,편의점,강원특별자치도,춘천시,4181000,강원특별자치도춘천시 동내면 거두택지길26번길 22,02-3284-8185,강원특별자치도 춘천시청,033-250-4043,2025-07-14
세븐일레븐 춘천조안점,편의점,편의점,강원특별자치도,춘천시,4181000,강원특별자치도 춘천시 후석로59번길 11 101호,02-1577-0711,강원특별자치도 춘천시청,033-250-4043,2025-07-14
세븐일레븐 춘천주공타운점,편의점,편의점,강원특별자치도,춘천시,4181000,"강원특별자치도춘천시 퇴계로145번길 4, 상가동 103호 (퇴계동, 주공1차아파트)",,강원특별자치도 춘천시청,033-250-4043,2025-07-14
세븐일레븐 춘천지석로점,편의점,편의점,강원특별자치도,춘천시,4181000,강원특별자치도춘천시 석사동 866-2번지 휴먼타운아파트 제상가 2호 동제1층 102호,,강원특별자치도 춘천시청,033-250-4043,2025-07-14
세븐일레븐 춘천천전리점,편의점,편의점,강원특별자치도,춘천시,4181000,강원특별자치도 춘천시 신북읍 신샘밭로 648 .,02-1577-0711,강원특별자치도 춘천시청,033-250-4043,2025-07-14
세븐일레븐 춘천칠전대박점,편의점,편의점,강원특별자치도,춘천시,4181000,강원특별자치도 춘천시 칠전동길 50 .,02-1577-0711,강원특별자치도 춘천시청,033-250-4043,2025-07-14
세븐일레븐 춘천터미널점,편의점,편의점,강원특별자치도,춘천시,4181000,강원특별자치도 춘천시 춘주로91번길 2 .,02-1577-0711,강원특별자치도 춘천시청,033-250-4043,2025-07-14
세븐일레븐 춘천테라스리빙점,편의점,편의점,강원특별자치도,춘천시,4181000,"강원특별자치도춘천시 중앙로 32, 101호 (요선동)",,강원특별자치도 춘천시청,033-250-4043,2025-07-14
세븐일레븐 춘천퇴계우성점,편의점,편의점,강원특별자치도,춘천시,4181000,강원특별자치도 춘천시 미나리길 7-3 .,02-1577-0711,강원특별자치도 춘천시청,033-250-4043,2025-07-14
세븐일레븐 춘천퇴계점,편의점,편의점,강원특별자치도,춘천시,4181000,강원특별자치도 춘천시 퇴계로146번길 12-2 1층,02-1577-0711,강원특별자치도 춘천시청,033-250-4043,2025-07-14
세븐일레븐 춘천퇴계행촌점,편의점,편의점,강원특별자치도,춘천시,4181000,강원특별자치도 춘천시 행촌로32번길 5-38 .,02-1577-0711,강원특별자치도 춘천시청,033-250-4043,2025-07-14
세븐일레븐 춘천퇴계희망점,편의점,편의점,강원특별자치도,춘천시,4181000,강원특별자치도 춘천시 남춘로26번길 20 102호,02-1577-0711,강원특별자치도 춘천시청,033-250-4043,2025-07-14
세븐일레븐 춘천트루엘점,편의점,편의점,강원특별자치도,춘천시,4181000,"강원특별자치도춘천시 백령로 215 , 근린생활시설 3동 6호 (후평동, 일성트루엘더퍼스트)",033-1577-0711,강원특별자치도 춘천시청,033-250-4043,2025-07-14
세븐일레븐 춘천포스코점,편의점,편의점,강원특별자치도,춘천시,4181000,강원특별자치도 춘천시 춘천로296번길 15-1 .,02-1577-0711,강원특별자치도 춘천시청,033-250-4043,2025-07-14
세븐일레븐 춘천푸르지오점,편의점,편의점,강원특별자치도,춘천시,4181000,"강원특별자치도 춘천시 방송길 77 1층 1206호,1221호",02-1577-0711,강원특별자치도 춘천시청,033-250-4043,2025-07-14
세븐일레븐 춘천학곡센터점,편의점,편의점,강원특별자치도,춘천시,4181000,강원특별자치도춘천시 동내면 영서로 1765,,강원특별자치도 춘천시청,033-250-4043,2025-07-14
세븐일레븐 춘천한림대에리트점,편의점,편의점,강원특별자치도,춘천시,4181000,"강원특별자치도춘천시 삭주로 89-8 (후평동, 에리트아파트)",02-3284-8187,강원특별자치도 춘천시청,033-250-4043,2025-07-14
세븐일레븐 춘천한미점,편의점,편의점,강원특별자치도,춘천시,4181000,강원특별자치도춘천시 백령로23번길 17-3 (효자동),02-3284-8182,강원특별자치도 춘천시청,033-250-4043,2025-07-14
세븐일레븐 춘천할렐루야점,편의점,편의점,강원특별자치도,춘천시,4181000,강원특별자치도 춘천시 스포츠타운길 529-1 1층,02-1577-0711,강원특별자치도 춘천시청,033-250-4043,2025-07-14
세븐일레븐 춘천향교점,편의점,편의점,강원특별자치도,춘천시,4181000,강원특별자치도 춘천시 교동길 8-1 1층,02-1577-0711,강원특별자치도 춘천시청,033-250-4043,2025-07-14
세븐일레븐 춘천현진에버빌점,편의점,편의점,강원특별자치도,춘천시,4181000,"강원특별자치도 춘천시 지석로 115 1층 101호,102호",02-1577-8007,강원특별자치도 춘천시청,033-250-4043,2025-07-14
세븐일레븐 춘천현진점,편의점,편의점,강원특별자치도,춘천시,4181000,"강원특별자치도춘천시 지석로 63, 제상가동 107 108호 (석사동, 현진에버빌2차)",02-1577-0711,강원특별자치도 춘천시청,033-250-4043,2025-07-14
세븐일레븐 춘천화목원점,편의점,편의점,강원특별자치도,춘천시,4181000,"강원특별자치도춘천시 신샘밭로 119, 1층 (사농동)",033-1577-0711,강원특별자치도 춘천시청,033-250-4043,2025-07-14
세븐일레븐 춘천효자로점,편의점,편의점,강원특별자치도,춘천시,4181000,강원특별자치도춘천시 효자로 134-2 (효자동),033-1577-0711,강원특별자치도 춘천시청,033-250-4043,2025-07-14
세븐일레븐 춘천효자사거리점,편의점,편의점,강원특별자치도,춘천시,4181000,강원특별자치도 춘천시 효제길 11 1층,02-1577-0711,강원특별자치도 춘천시청,033-250-4043,2025-07-14
세븐일레븐 춘천효자스타점,편의점,편의점,강원특별자치도,춘천시,4181000,"강원특별자치도 춘천시 공지로 234-16 (효자동, 효자8주공 단지내상가 105~109호)",02-1577-0711,강원특별자치도 춘천시청,033-250-4043,2025-07-14
세븐일레븐 춘천효자원룸점,편의점,편의점,강원특별자치도,춘천시,4181000,강원특별자치도춘천시 두하길 17 (효자동),,강원특별자치도 춘천시청,033-250-4043,2025-07-14
세븐일레븐 춘천효자점,편의점,편의점,강원특별자치도,춘천시,4181000,강원특별자치도춘천시 춘천로 94-1 (효자동),,강원특별자치도 춘천시청,033-250-4043,2025-07-14
세븐일레븐 춘천효자점,편의점,편의점,강원특별자치도,춘천시,4181000,강원특별자치도춘천시 춘천로 94-1 (효자동),070-4157-6474,강원특별자치도 춘천시청,033-250-4043,2025-07-14
세븐일레븐 춘천후만점,편의점,편의점,강원특별자치도,춘천시,4181000,"강원특별자치도 춘천시 후만로98번길 9 제점포2동 1층 4,5호 1층 세븐일레븐",02-1577-0711,강원특별자치도 춘천시청,033-250-4043,2025-07-14
세븐일레븐 춘천후평본점,편의점,편의점,강원특별자치도,춘천시,4181000,강원특별자치도 춘천시 춘천로 266 .,02-1577-0711,강원특별자치도 춘천시청,033-250-4043,2025-07-14
세븐일레븐 춘천후평사거리점,편의점,편의점,강원특별자치도,춘천시,4181000,강원특별자치도 춘천시 후석로 355 1층,02-1577-0711,강원특별자치도 춘천시청,033-250-4043,2025-07-14
세븐일레븐 춘천후평세경점,편의점,편의점,강원특별자치도,춘천시,4181000,강원특별자치도 춘천시 세실로 173 상가 A동 101호,02-1577-0711,강원특별자치도 춘천시청,033-250-4043,2025-07-14
세븐일레븐 춘천후평센터점,편의점,편의점,강원특별자치도,춘천시,4181000,강원특별자치도 춘천시 세실로192번길 1 .,02-1577-0711,강원특별자치도 춘천시청,033-250-4043,2025-07-14
세븐일레븐 춘천후평쉼터점,편의점,편의점,강원특별자치도,춘천시,4181000,"강원특별자치도춘천시 춘천로 338, 101호 (후평동)",,강원특별자치도 춘천시청,033-250-4043,2025-07-14
세븐일레븐 춘천후평행복점,편의점,편의점,강원특별자치도,춘천시,4181000,강원특별자치도 춘천시 후만로98번길 9 상가동 103~107호,02-1577-0711,강원특별자치도 춘천시청,033-250-4043,2025-07-14
세븐일레븐 트루엘더퍼스트점,편의점,편의점,강원특별자치도,춘천시,4181000,"강원특별자치도 춘천시 백령로 190 1층 103호, 104호",02-1577-0711,강원특별자치도 춘천시청,033-250-4043,2025-07-14
세븐일레븐 한림대2점,편의점,편의점,강원특별자치도,춘천시,4181000,강원특별자치도 춘천시 삭주로 94 상가동 1층 3호,02-1577-0711,강원특별자치도 춘천시청,033-250-4043,2025-07-14
세븐일레븐 한림대점,편의점,편의점,강원특별자치도,춘천시,4181000,강원특별자치도 춘천시 삭주로 78 .,02-1577-0711,강원특별자치도 춘천시청,033-250-4043,2025-07-14
세븐일레븐강원대점,편의점,편의점,강원특별자치도,춘천시,4181000,강원특별자치도춘천시 서부대성로 241 (효자동),02-3284-8185,강원특별자치도 춘천시청,033-250-4043,2025-07-14
세븐일레븐춘천본점,편의점,편의점,강원특별자치도,춘천시,4181000,강원특별자치도춘천시 퇴계동 667제11토지구획정리사업지구7블럭3롯트,02-3284-8203,강원특별자치도 춘천시청,033-250-4043,2025-07-14
세븐일레븐춘천애막골점,편의점,편의점,강원특별자치도,춘천시,4181000,강원특별자치도춘천시 애막골길11번길 34 (석사동),02-3284-8167,강원특별자치도 춘천시청,033-250-4043,2025-07-14
세븐일레븐춘천온의점,편의점,편의점,강원특별자치도,춘천시,4181000,강원특별자치도춘천시 영서로2279번길 9 (온의동),02-2127-5850,강원특별자치도 춘천시청,033-250-4043,2025-07-14
세븐코리아 춘천우두풍년점,편의점,편의점,강원특별자치도,춘천시,4181000,"강원특별자치도춘천시 충열로 78 , , (우두동)",02-1577-0711,강원특별자치도 춘천시청,033-250-4043,2025-07-14
세영식품,일반가맹점,일반대중음식,강원특별자치도,춘천시,4181000,"강원특별자치도 춘천시 강원대학길 1 이룸관동 1층(효자동, 강원대학교)",,강원특별자치도 춘천시청,033-250-4043,2025-07-14
세영식품(주) 강원대학교 이룸관,일반가맹점,한식,강원특별자치도,춘천시,4181000,"강원특별자치도 춘천시 강원대학길 1 이룸관동 1층 (효자동, 강원대학교)",070-7124-4628,강원특별자치도 춘천시청,033-250-4043,2025-07-14
세월교밥집,일반가맹점,한식,강원특별자치도,춘천시,4181000,강원특별자치도 춘천시 신북읍 신샘밭로 749 1층,033-242-6427,강원특별자치도 춘천시청,033-250-4043,2025-07-14
세월교푸줏간,일반가맹점,한식,강원특별자치도,춘천시,4181000,강원특별자치도춘천시 동면 금옥길 481,033-242-0900,강원특별자치도 춘천시청,033-250-4043,2025-07-14
세이(Say),일반가맹점,일반대중음식,강원특별자치도,춘천시,4181000,강원특별자치도 춘천시 후석로66번길 41 1층,070-7803-0901,강원특별자치도 춘천시청,033-250-4043,2025-07-14
세종수산,일반가맹점,한식,강원특별자치도,춘천시,4181000,"강원특별자치도춘천시 충열로16번길 5-3, 1 (우두동)",033-254-8558,강원특별자치도 춘천시청,033-250-4043,2025-07-14
세프앤파티,일반가맹점,한식,강원특별자치도,춘천시,4181000,강원특별자치도춘천시 동면 공단로70번길 219,033-256-8255,강원특별자치도 춘천시청,033-250-4043,2025-07-14
세할머니막국수,일반가맹점,한식,강원특별자치도,춘천시,4181000,강원특별자치도 춘천시 우석로4번길 11-2 1층(석사동),033-244-0110,강원특별자치도 춘천시청,033-250-4043,2025-07-14
세향다원,일반가맹점,일반대중음식,강원특별자치도,춘천시,4181000,강원특별자치도 춘천시 북산면 오봉산길 779 1층,,강원특별자치도 춘천시청,033-250-4043,2025-07-14
소가유,일반가맹점,한식,강원특별자치도,춘천시,4181000,강원특별자치도 춘천시 남춘로56번길 11 1층(효자동),,강원특별자치도 춘천시청,033-250-4043,2025-07-14
소곱창이다,일반가맹점,한식,강원특별자치도,춘천시,4181000,강원특별자치도 춘천시 남춘로36번길 63 1층,,강원특별자치도 춘천시청,033-250-4043,2025-07-14
소근소근사랑방,일반가맹점,한식,강원특별자치도,춘천시,4181000,강원특별자치도 춘천시 소양로171번길 11 1층 (소양로2가),033-242-0443,강원특별자치도 춘천시청,033-250-4043,2025-07-14
소금,일반가맹점,한식,강원특별자치도,춘천시,4181000,"강원특별자치도 춘천시 벌말길 74 , 1층(석사동)",033-262-2228,강원특별자치도 춘천시청,033-250-4043,2025-07-14
소금면옥,일반가맹점,일반대중음식,강원특별자치도,춘천시,4181000,"강원특별자치도춘천시 동면 금촌로 397-20, 1층",033-262-2262,강원특별자치도 춘천시청,033-250-4043,2025-07-14
소달구지,일반가맹점,한식,강원특별자치도,춘천시,4181000,"강원특별자치도 춘천시 둥지길 8 , 1층",033-255-7333,강원특별자치도 춘천시청,033-250-4043,2025-07-14
소담송하,일반가맹점,한식,강원특별자치도,춘천시,4181000,강원특별자치도춘천시 중앙로 2 (요선동),033-253-7744,강원특별자치도 춘천시청,033-250-4043,2025-07-14
소담송하&The 9 peak,일반가맹점,한식,강원특별자치도,춘천시,4181000,"강원특별자치도춘천시 동면 춘천순환로 868, 1층",033-257-1005,강원특별자치도 춘천시청,033-250-4043,2025-07-14
소담촌 춘천점,일반가맹점,한식,강원특별자치도,춘천시,4181000,"강원특별자치도 춘천시 동면 만천로143번길 64 ,1층",033-255-3355,강원특별자치도 춘천시청,033-250-4043,2025-07-14
소란,일반가맹점,한식,강원특별자치도,춘천시,4181000,강원특별자치도 춘천시 백령로 143 1층,033-242-5718,강원특별자치도 춘천시청,033-250-4043,2025-07-14
소랑돼지랑닭이랑,일반가맹점,한식,강원특별자치도,춘천시,4181000,"강원특별자치도춘천시 동내면 영서로 1783, 1층",033-261-5956,강원특별자치도 춘천시청,033-250-4043,2025-07-14
소램360양식당,일반가맹점,일반대중음식,강원특별자치도,춘천시,4181000,강원특별자치도 춘천시 퇴계로 249 1층103호,,강원특별자치도 춘천시청,033-250-4043,2025-07-14
소림마라 춘천점,일반가맹점,중식,강원특별자치도,춘천시,4181000,강원특별자치도 춘천시 백령로138번길 40 2층,033-257-3877,강원특별자치도 춘천시청,033-250-4043,2025-07-14
소림생고기,일반가맹점,한식,강원특별자치도,춘천시,4181000,"강원특별자치도춘천시 춘천로 212, 1층 (효자동)",033-255-5755,강원특별자치도 춘천시청,033-250-4043,2025-07-14
소문,일반가맹점,중식,강원특별자치도,춘천시,4181000,강원특별자치도 춘천시 동면 만천로143번길 6 1층,033-243-1124,강원특별자치도 춘천시청,033-250-4043,2025-07-14
소문난순대,일반가맹점,한식,강원특별자치도,춘천시,4181000,강원특별자치도춘천시 행촌로32번길 5-5 (퇴계동),033-241-4277,강원특별자치도 춘천시청,033-250-4043,2025-07-14
소문난왕대박수산,일반가맹점,일식,강원특별자치도,춘천시,4181000,강원특별자치도 춘천시 퇴계로93번길 4-6 1층,033-264-8255,강원특별자치도 춘천시청,033-250-4043,2025-07-14
소문난의정부부대찌개(2호점),일반가맹점,한식,강원특별자치도,춘천시,4181000,"강원특별자치도춘천시 보안길 6-1, 1층 (후평동)",,강원특별자치도 춘천시청,033-250-4043,2025-07-14
소문난의정부부대찌개춘천시청점,일반가맹점,한식,강원특별자치도,춘천시,4181000,"강원특별자치도춘천시 보안길 6-1, 1층 (후평동)",033-251-1020,강원특별자치도 춘천시청,033-250-4043,2025-07-14
소문난횟집,일반가맹점,한식,강원특별자치도,춘천시,4181000,강원특별자치도 춘천시 서면 박사로 201 1층,,강원특별자치도 춘천시청,033-250-4043,2025-07-14
소반애,일반가맹점,한식,강원특별자치도,춘천시,4181000,강원특별자치도 춘천시 동면 춘천로 527-58 .,033-251-6812,강원특별자치도 춘천시청,033-250-4043,2025-07-14
소복소복,일반가맹점,일반대중음식,강원특별자치도,춘천시,4181000,강원특별자치도 춘천시 동내면 거두택지길44번길 7-14 1층,033-261-6835,강원특별자치도 춘천시청,033-250-4043,2025-07-14
소봄,일반가맹점,일반대중음식,강원특별자치도,춘천시,4181000,강원특별자치도 춘천시 영서로2279번길 15-1 1층(온의동),,강원특별자치도 춘천시청,033-250-4043,2025-07-14
소소떡볶이 한림대점,일반가맹점,한식,강원특별자치도,춘천시,4181000,강원특별자치도 춘천시 삭주로80번길 3 (교동),033-242-1732,강원특별자치도 춘천시청,033-250-4043,2025-07-14
소소오뎅,일반가맹점,일반대중음식,강원특별자치도,춘천시,4181000,강원특별자치도 춘천시 우두1길 79 1층(우두동),,강원특별자치도 춘천시청,033-250-4043,2025-07-14
소소한 밥상,일반가맹점,한식,강원특별자치도,춘천시,4181000,강원특별자치도 춘천시 중앙로 138 지하1층,,강원특별자치도 춘천시청,033-250-4043,2025-07-14
소양가든,일반가맹점,한식,강원특별자치도,춘천시,4181000,강원특별자치도 춘천시 사우5길 29 1층(사농동),033-254-2445,강원특별자치도 춘천시청,033-250-4043,2025-07-14
소양강,일반가맹점,한식,강원특별자치도,춘천시,4181000,"강원특별자치도춘천시 공지로 480, 지층 (근화동)",033-243-8844,강원특별자치도 춘천시청,033-250-4043,2025-07-14
소양강,일반가맹점,한식,강원특별자치도,춘천시,4181000,강원특별자치도춘천시 남산면 김유정로 307 소양강,033-263-8338,강원특별자치도 춘천시청,033-250-4043,2025-07-14
소양강농원 황금장어,일반가맹점,한식,강원특별자치도,춘천시,4181000,"강원특별자치도 춘천시 신북읍 신샘밭로 388-8 , 388-6",033-242-2466,강원특별자치도 춘천시청,033-250-4043,2025-07-14
소양강농원콩이랑두부랑,일반가맹점,한식,강원특별자치도,춘천시,4181000,강원특별자치도춘천시 사우벌길 15 (사농동),033-242-0200,강원특별자치도 춘천시청,033-250-4043,2025-07-14
소양강다슬기전문점,일반가맹점,한식,강원특별자치도,춘천시,4181000,강원특별자치도 춘천시 시청길12번길 17-5 1층,033-242-9533,강원특별자치도 춘천시청,033-250-4043,2025-07-14
소양강다슬기학곡점,일반가맹점,한식,강원특별자치도,춘천시,4181000,강원특별자치도 춘천시 동내면 영서로 1791 1층,,강원특별자치도 춘천시청,033-250-4043,2025-07-14
소양강닭갈비막국수,일반가맹점,한식,강원특별자치도,춘천시,4181000,강원특별자치도춘천시 영서로 2668-14 (소양로1가),033-256-6878,강원특별자치도 춘천시청,033-250-4043,2025-07-14
소양강맛집곤드레나물밥,일반가맹점,한식,강원특별자치도,춘천시,4181000,강원특별자치도 춘천시 신북읍 신샘밭로 433 1층,033-244-9952,강원특별자치도 춘천시청,033-250-4043,2025-07-14
소양강먹촌,일반가맹점,한식,강원특별자치도,춘천시,4181000,강원특별자치도 춘천시 신북읍 상천3길 4 1층,033-242-4043,강원특별자치도 춘천시청,033-250-4043,2025-07-14
소양강송어횟집,일반가맹점,한식,강원특별자치도,춘천시,4181000,강원특별자치도춘천시 동면 가산로 186-5,033-242-1002,강원특별자치도 춘천시청,033-250-4043,2025-07-14
소양강숯불오리,일반가맹점,한식,강원특별자치도,춘천시,4181000,강원특별자치도춘천시 효자1동 547,033-254-5340,강원특별자치도 춘천시청,033-250-4043,2025-07-14
소양강숯불장어촌,일반가맹점,한식,강원특별자치도,춘천시,4181000,강원특별자치도 춘천시 신동면 정족길 191 1층,070-1386-8488,강원특별자치도 춘천시청,033-250-4043,2025-07-14
소양강처녀닭갈비,일반가맹점,한식,강원특별자치도,춘천시,4181000,강원특별자치도 춘천시 영서로 2666 1층,033-255-9006,강원특별자치도 춘천시청,033-250-4043,2025-07-14
소양강한식,일반가맹점,한식,강원특별자치도,춘천시,4181000,강원특별자치도춘천시 공지로 480 (근화동),033-241-6667,강원특별자치도 춘천시청,033-250-4043,2025-07-14
소양댐산채바우,일반가맹점,한식,강원특별자치도,춘천시,4181000,강원특별자치도 춘천시 신북읍 느치골길 2 1층,,강원특별자치도 춘천시청,033-250-4043,2025-07-14
소양댐우미숯불닭갈비,일반가맹점,한식,강원특별자치도,춘천시,4181000,"강원특별자치도춘천시 신북읍 신샘밭로 701, 1층",033-242-1759,강원특별자치도 춘천시청,033-250-4043,2025-07-14
소양댐휴게소,일반가맹점,일반대중음식,강원특별자치도,춘천시,4181000,강원특별자치도춘천시 신북읍 신샘밭로 862,033-241-3755,강원특별자치도 춘천시청,033-250-4043,2025-07-14
소양손두부,일반가맹점,한식,강원특별자치도,춘천시,4181000,"강원특별자치도춘천시 소양로219번길 6, 1층 (소양로1가)",033-254-5157,강원특별자치도 춘천시청,033-250-4043,2025-07-14
소양페리카나,일반가맹점,일반대중음식,강원특별자치도,춘천시,4181000,강원특별자치도 춘천시 중앙로 126 소양로4가,033-253-8281,강원특별자치도 춘천시청,033-250-4043,2025-07-14
소양호어탕국수,일반가맹점,한식,강원특별자치도,춘천시,4181000,"강원특별자치도춘천시 동면 춘천순환로 474, 1층",033-241-9997,강원특별자치도 춘천시청,033-250-4043,2025-07-14
소울림,일반가맹점,한식,강원특별자치도,춘천시,4181000,강원특별자치도 춘천시 스포츠타운길 344 .,,강원특별자치도 춘천시청,033-250-4043,2025-07-14
소유비컴퍼니,일반가맹점,일반대중음식,강원특별자치도,춘천시,4181000,강원특별자치도 춘천시 아침길 9 소유비컴퍼니,,강원특별자치도 춘천시청,033-250-4043,2025-07-14
소주고개로닭갈비,일반가맹점,한식,강원특별자치도,춘천시,4181000,강원특별자치도 춘천시 남면 소주고개로 238 1층,,강원특별자치도 춘천시청,033-250-4043,2025-07-14
소쿠리해장국,일반가맹점,한식,강원특별자치도,춘천시,4181000,강원특별자치도춘천시 서부대성로 223-2 (효자동),033-244-9356,강원특별자치도 춘천시청,033-250-4043,2025-07-14
소풍,일반가맹점,일반대중음식,강원특별자치도,춘천시,4181000,강원특별자치도 춘천시 남춘로36번길 71 (퇴계동),,강원특별자치도 춘천시청,033-250-4043,2025-07-14
소풍길분식,일반가맹점,한식,강원특별자치도,춘천시,4181000,"강원특별자치도춘천시 동면 춘천순환로 901, 1층",033-252-7001,강원특별자치도 춘천시청,033-250-4043,2025-07-14
소풍김밥,일반가맹점,한식,강원특별자치도,춘천시,4181000,강원특별자치도춘천시 아침길 9 (조양동),033-241-0747,강원특별자치도 춘천시청,033-250-4043,2025-07-14
소풍꼬마김밥,일반가맹점,한식,강원특별자치도,춘천시,4181000,강원특별자치도 춘천시 춘천로 175-1 1층 좌측,033-244-1973,강원특별자치도 춘천시청,033-250-4043,2025-07-14
소풍앤리조트,일반가맹점,양식,강원특별자치도,춘천시,4181000,강원특별자치도 춘천시 동산면 윗성골길 38-2 1층,033-432-6006,강원특별자치도 춘천시청,033-250-4043,2025-07-14
소확행피자춘천광장점,일반가맹점,양식,강원특별자치도,춘천시,4181000,강원특별자치도 춘천시 전원안길 11-1 1층 소확행피자광장점,033-253-0044,강원특별자치도 춘천시청,033-250-4043,2025-07-14
속초닭강정,일반가맹점,일반대중음식,강원특별자치도,춘천시,4181000,강원특별자치도 춘천시 백령로 4 1층 102호,033-253-2539,강원특별자치도 춘천시청,033-250-4043,2025-07-14
속초식당,일반가맹점,한식,강원특별자치도,춘천시,4181000,강원특별자치도 춘천시 서부대성로44번길 5 요선동,033-251-0582,강원특별자치도 춘천시청,033-250-4043,2025-07-14
속초이모네,일반가맹점,한식,강원특별자치도,춘천시,4181000,강원특별자치도춘천시 보안길 18-1 (후평동),033-244-2295,강원특별자치도 춘천시청,033-250-4043,2025-07-14
속초장칼,일반가맹점,한식,강원특별자치도,춘천시,4181000,강원특별자치도 춘천시 동내면 외솔길19번길 56-13 .,033-263-6835,강원특별자치도 춘천시청,033-250-4043,2025-07-14
속초항한마리동태찌개,일반가맹점,한식,강원특별자치도,춘천시,4181000,강원특별자치도춘천시 요선동 14-13,070-4320-3837,강원특별자치도 춘천시청,033-250-4043,2025-07-14
속초회냉면,일반가맹점,한식,강원특별자치도,춘천시,4181000,강원특별자치도 춘천시 동내면 거두택지길44번길 22 1층,033-264-6400,강원특별자치도 춘천시청,033-250-4043,2025-07-14
속초회냉면,일반가맹점,한식,강원특별자치도,춘천시,4181000,강원특별자치도 춘천시 춘천로138번길 13 (운교동),033-257-4696,강원특별자치도 춘천시청,033-250-4043,2025-07-14
속편한한우곰탕엔버섯육개장,일반가맹점,한식,강원특별자치도,춘천시,4181000,"강원특별자치도춘천시 수변공원길 11, 3동 1층 101호 (삼천동)",033-257-3663,강원특별자치도 춘천시청,033-250-4043,2025-07-14
손님입맛대로,일반가맹점,한식,강원특별자치도,춘천시,4181000,"강원특별자치도춘천시 동부시장길 8, 1-62 (운교동, 동부시장현대아파트)",033-244-7864,강원특별자치도 춘천시청,033-250-4043,2025-07-14
손수해물칼국수,일반가맹점,한식,강원특별자치도,춘천시,4181000,강원특별자치도춘천시 충혼길34번길 12 (온의동),033-242-7330,강원특별자치도 춘천시청,033-250-4043,2025-07-14
손정화떡케이크,일반가맹점,제과점,강원특별자치도,춘천시,4181000,강원특별자치도 춘천시 춘주로179번길 16 1층,070-8841-1130,강원특별자치도 춘천시청,033-250-4043,2025-07-14
손짜장면을아시나요,일반가맹점,중식,강원특별자치도,춘천시,4181000,강원특별자치도춘천시 동내면 순환대로 722,033-263-0665,강원특별자치도 춘천시청,033-250-4043,2025-07-14
손차이,일반가맹점,중식,강원특별자치도,춘천시,4181000,강원특별자치도 춘천시 퇴계농공로 20 1층 106호,033-255-0866,강원특별자치도 춘천시청,033-250-4043,2025-07-14
손칼국수,일반가맹점,한식,강원특별자치도,춘천시,4181000,강원특별자치도춘천시 성심로 44 (효자동),033-241-6262,강원특별자치도 춘천시청,033-250-4043,2025-07-14
솔개미닭갈비,일반가맹점,한식,강원특별자치도,춘천시,4181000,강원특별자치도춘천시 영서로2753번길 16 (우두동),033-243-9370,강원특별자치도 춘천시청,033-250-4043,2025-07-14
솔내음닭갈비,일반가맹점,한식,강원특별자치도,춘천시,4181000,강원특별자치도 춘천시 영서로2756번길 14 1층,033-252-0019,강원특별자치도 춘천시청,033-250-4043,2025-07-14
솔막국수,일반가맹점,한식,강원특별자치도,춘천시,4181000,강원특별자치도춘천시 후석로59번길 16-18 (석사동),033-264-7160,강원특별자치도 춘천시청,033-250-4043,2025-07-14
솔향기,일반가맹점,한식,강원특별자치도,춘천시,4181000,강원특별자치도 춘천시 동산면 종자리로 97-15 1층,033-261-5166,강원특별자치도 춘천시청,033-250-4043,2025-07-14
솜다리,일반가맹점,한식,강원특별자치도,춘천시,4181000,강원특별자치도 춘천시 동면 소양강로 314 1층,033-256-5588,강원특별자치도 춘천시청,033-250-4043,2025-07-14
솜씨더하기,일반가맹점,일반대중음식,강원특별자치도,춘천시,4181000,"강원특별자치도 춘천시 충열로16번길 8 ,1층(우두동)",,강원특별자치도 춘천시청,033-250-4043,2025-07-14
송가네김밥국시,일반가맹점,한식,강원특별자치도,춘천시,4181000,강원특별자치도 춘천시 칠전서길 45 1동 1층 104호,033-261-5722,강원특별자치도 춘천시청,033-250-4043,2025-07-14
송가네냉면주는알밥집,일반가맹점,한식,강원특별자치도,춘천시,4181000,"강원특별자치도춘천시 삭주로 78-1, 2층 (교동)",033-251-4002,강원특별자치도 춘천시청,033-250-4043,2025-07-14
송사부수제쌀고로케 이마트춘천점,일반가맹점,일반대중음식,강원특별자치도,춘천시,4181000,강원특별자치도 춘천시 경춘로 2353 1층(온의동.이마트),,강원특별자치도 춘천시청,033-250-4043,2025-07-14
송암골 평창송어,일반가맹점,한식,강원특별자치도,춘천시,4181000,강원특별자치도 춘천시 공지로 345 2층 효자동,033-261-0407,강원특별자치도 춘천시청,033-250-4043,2025-07-14
송암골막국수닭갈비,일반가맹점,한식,강원특별자치도,춘천시,4181000,강원특별자치도춘천시 송암길 38 (송암동),033-263-9222,강원특별자치도 춘천시청,033-250-4043,2025-07-14
송암골평창송어,일반가맹점,한식,강원특별자치도,춘천시,4181000,강원특별자치도춘천시 송암길 42-1 (송암동),033-261-0407,강원특별자치도 춘천시청,033-250-4043,2025-07-14
송암손칼국수,일반가맹점,한식,강원특별자치도,춘천시,4181000,강원특별자치도춘천시 송암길 30-6 (송암동),033-263-5334,강원특별자치도 춘천시청,033-250-4043,2025-07-14
송어회담,일반가맹점,한식,강원특별자치도,춘천시,4181000,강원특별자치도 춘천시 동내면 춘천순환로72번길 48 1층,033-263-7785,강원특별자치도 춘천시청,033-250-4043,2025-07-14
송정동핫도그 춘천지사점,일반가맹점,일반대중음식,강원특별자치도,춘천시,4181000,강원특별자치도 춘천시 동면 한솔만천로 15-5 .,070-4234-8688,강원특별자치도 춘천시청,033-250-4043,2025-07-14
송주불냉면 (운교점),일반가맹점,한식,강원특별자치도,춘천시,4181000,강원특별자치도춘천시 춘천로 185 (운교동),033-251-0980,강원특별자치도 춘천시청,033-250-4043,2025-07-14
송주불냉면(후평점),일반가맹점,한식,강원특별자치도,춘천시,4181000,강원특별자치도춘천시 후만로 79 (후평동),033-255-1722,강원특별자치도 춘천시청,033-250-4043,2025-07-14
송탄부대찌개,일반가맹점,한식,강원특별자치도,춘천시,4181000,강원특별자치도 춘천시 서부대성로48번길 13 1층,033-255-8440,강원특별자치도 춘천시청,033-250-4043,2025-07-14
송탄부대찌개,일반가맹점,한식,강원특별자치도,춘천시,4181000,"강원특별자치도춘천시 지내고탄로 5, 1층 (신동)",033-253-8955,강원특별자치도 춘천시청,033-250-4043,2025-07-14
송탄부대찌개,일반가맹점,한식,강원특별자치도,춘천시,4181000,"강원특별자치도춘천시 서면 박사로 906, 가동",070-1365-8955,강원특별자치도 춘천시청,033-250-4043,2025-07-14
송탄부대찌게(강촌점),일반가맹점,한식,강원특별자치도,춘천시,4181000,강원특별자치도 춘천시 남산면 강촌로 325 1층,033-264-8955,강원특별자치도 춘천시청,033-250-4043,2025-07-14
송탄햄버거,일반가맹점,패스트푸드,강원특별자치도,춘천시,4181000,"강원특별자치도춘천시 서부대성로 229-1, 3동 1층 (효자동)",033-253-2046,강원특별자치도 춘천시청,033-250-4043,2025-07-14
송학가든,일반가맹점,한식,강원특별자치도,춘천시,4181000,강원특별자치도춘천시 북산면 청평리 186,033-243-1561,강원특별자치도 춘천시청,033-250-4043,2025-07-14
송향,일반가맹점,일반대중음식,강원특별자치도,춘천시,4181000,강원특별자치도 춘천시 동면 소양강로 182 1층,,강원특별자치도 춘천시청,033-250-4043,2025-07-14
솥뚜껑감자탕,일반가맹점,한식,강원특별자치도,춘천시,4181000,강원특별자치도 춘천시 춘천로44번길 12 (퇴계동),033-256-8787,강원특별자치도 춘천시청,033-250-4043,2025-07-14
솥뚜껑감자탕,일반가맹점,한식,강원특별자치도,춘천시,4181000,강원특별자치도춘천시 수풍골길 10 (후평동),033-252-5565,강원특별자치도 춘천시청,033-250-4043,2025-07-14
솥뚜껑감자탕퇴계점,일반가맹점,한식,강원특별자치도,춘천시,4181000,"강원특별자치도춘천시 스무숲1길 36-2, 1층 (석사동)",033-263-8878,강원특별자치도 춘천시청,033-250-4043,2025-07-14
쇼카츠,일반가맹점,일식,강원특별자치도,춘천시,4181000,강원특별자치도 춘천시 방송길 77 2층 2104호,,강원특별자치도 춘천시청,033-250-4043,2025-07-14
수내닭꼬치,일반가맹점,일반대중음식,강원특별자치도,춘천시,4181000,강원특별자치도 춘천시 춘천로204번길 54-1 .,033-256-5517,강원특별자치도 춘천시청,033-250-4043,2025-07-14
수누리감자탕(춘천점),일반가맹점,한식,강원특별자치도,춘천시,4181000,"강원특별자치도 춘천시 우석로 4 , 1층(석사동)",033-262-7767,강원특별자치도 춘천시청,033-250-4043,2025-07-14
수니로스터즈,일반가맹점,일반대중음식,강원특별자치도,춘천시,4181000,강원특별자치도 춘천시 승지골길 9 1층,033-253-3800,강원특별자치도 춘천시청,033-250-4043,2025-07-14
수다쟁이낙지,일반가맹점,한식,강원특별자치도,춘천시,4181000,강원특별자치도춘천시 효평길 90 (후평동),033-253-0110,강원특별자치도 춘천시청,033-250-4043,2025-07-14
수라상,일반가맹점,한식,강원특별자치도,춘천시,4181000,강원특별자치도 춘천시 소양고개길 47 1층,033-255-1752,강원특별자치도 춘천시청,033-250-4043,2025-07-14
수라죽석사점,일반가맹점,한식,강원특별자치도,춘천시,4181000,"강원특별자치도춘천시 퇴계로 187, 1층 (석사동)",,강원특별자치도 춘천시청,033-250-4043,2025-07-14
수라찬 협동조합,일반가맹점,한식,강원특별자치도,춘천시,4181000,강원특별자치도 춘천시 스무숲3길 6 1층,033-263-8219,강원특별자치도 춘천시청,033-250-4043,2025-07-14
수아마노,일반가맹점,양식,강원특별자치도,춘천시,4181000,강원특별자치도 춘천시 중앙로77번길 39-2 다동 1층 301호,070-7500-0870,강원특별자치도 춘천시청,033-250-4043,2025-07-14
수옛날통닭,일반가맹점,일반대중음식,강원특별자치도,춘천시,4181000,강원특별자치도 춘천시 퇴계로 97 1층 102호 퇴계동,033-262-8003,강원특별자치도 춘천시청,033-250-4043,2025-07-14
수옛날통닭,일반가맹점,일반대중음식,강원특별자치도,춘천시,4181000,강원특별자치도 춘천시 서부대성로 50 1층(요선동),,강원특별자치도 춘천시청,033-250-4043,2025-07-14
수옛날통닭 우두점,일반가맹점,일반대중음식,강원특별자치도,춘천시,4181000,강원특별자치도 춘천시 영서로 2775 1층,033-241-4242,강원특별자치도 춘천시청,033-250-4043,2025-07-14
수옛날통닭 장학점,일반가맹점,일반대중음식,강원특별자치도,춘천시,4181000,강원특별자치도 춘천시 동면 춘천로449번길 9 1층 101호,033-267-1770,강원특별자치도 춘천시청,033-250-4043,2025-07-14
수옛날통닭 한림대점,일반가맹점,일반대중음식,강원특별자치도,춘천시,4181000,강원특별자치도 춘천시 삭주로 104 (후평동),033-257-1881,강원특별자치도 춘천시청,033-250-4043,2025-07-14
수옛날통닭(후평점),일반가맹점,일반대중음식,강원특별자치도,춘천시,4181000,강원특별자치도 춘천시 후석로326번길 11 1층,033-264-1152,강원특별자치도 춘천시청,033-250-4043,2025-07-14
수옛날통닭남부점,일반가맹점,일반대중음식,강원특별자치도,춘천시,4181000,강원특별자치도 춘천시 춘주로 153 1층,033-252-5889,강원특별자치도 춘천시청,033-250-4043,2025-07-14
수옛날통닭애막골점,일반가맹점,일반대중음식,강원특별자치도,춘천시,4181000,강원특별자치도 춘천시 후석로186번길 6 1층 석사동,033-261-8892,강원특별자치도 춘천시청,033-250-4043,2025-07-14
수원성,일반가맹점,한식,강원특별자치도,춘천시,4181000,강원특별자치도 춘천시 동면 춘천로 480 .,033-255-3242,강원특별자치도 춘천시청,033-250-4043,2025-07-14
수정족발,일반가맹점,한식,강원특별자치도,춘천시,4181000,강원특별자치도 춘천시 영서로 2352-32 10동56호,033-254-9975,강원특별자치도 춘천시청,033-250-4043,2025-07-14
수제돈가스,일반가맹점,양식,강원특별자치도,춘천시,4181000,"강원특별자치도춘천시 명동길 43, 1층 (죽림동)",070-4417-5234,강원특별자치도 춘천시청,033-250-4043,2025-07-14
수제빵,일반가맹점,제과점,강원특별자치도,춘천시,4181000,강원특별자치도 춘천시 효평길 97 1층(후평동),033-251-4876,강원특별자치도 춘천시청,033-250-4043,2025-07-14
수참치,일반가맹점,일반대중음식,강원특별자치도,춘천시,4181000,강원특별자치도 춘천시 우석로79번길 16-26 1층,033-264-3722,강원특별자치도 춘천시청,033-250-4043,2025-07-14
수카츠,일반가맹점,일반대중음식,강원특별자치도,춘천시,4181000,강원특별자치도 춘천시 중앙로 64 1층,033-817-2303,강원특별자치도 춘천시청,033-250-4043,2025-07-14
수컷웅춘천애막골점,일반가맹점,양식,강원특별자치도,춘천시,4181000,강원특별자치도 춘천시 우석로79번길 7-3 1층 1호 1층상가(석사동),,강원특별자치도 춘천시청,033-250-4043,2025-07-14
수타향,일반가맹점,한식,강원특별자치도,춘천시,4181000,강원특별자치도춘천시 신북읍 신북로 6,033-241-0177,강원특별자치도 춘천시청,033-250-4043,2025-07-14
수피자 (연풍점),일반가맹점,패스트푸드,강원특별자치도,춘천시,4181000,"강원특별자치도춘천시 벌말길 47, 1층 (석사동)",031-954-5558,강원특별자치도 춘천시청,033-250-4043,2025-07-14
수한우정육식당,일반가맹점,한식,강원특별자치도,춘천시,4181000,강원특별자치도 춘천시 우두1길 49 1층(우두동),,강원특별자치도 춘천시청,033-250-4043,2025-07-14
수환닭발,일반가맹점,한식,강원특별자치도,춘천시,4181000,강원특별자치도 춘천시 국사봉길 12 1층8호(퇴계동),033-241-7055,강원특별자치도 춘천시청,033-250-4043,2025-07-14
숙성21,일반가맹점,한식,강원특별자치도,춘천시,4181000,강원특별자치도 춘천시 동산면 영서로 1381 1층,,강원특별자치도 춘천시청,033-250-4043,2025-07-14
숙성21,일반가맹점,일반대중음식,강원특별자치도,춘천시,4181000,강원특별자치도 춘천시 동산면 영서로 1381 1층,070-6332-4478,강원특별자치도 춘천시청,033-250-4043,2025-07-14
숙성회마트,일반가맹점,일식,강원특별자치도,춘천시,4181000,강원특별자치도 춘천시 안마산로 107 ..,,강원특별자치도 춘천시청,033-250-4043,2025-07-14
숙이네해물칼국수,일반가맹점,한식,강원특별자치도,춘천시,4181000,강원특별자치도춘천시 후석로 367-1 (후평동),033-253-6973,강원특별자치도 춘천시청,033-250-4043,2025-07-14
순금송어,일반가맹점,일반대중음식,강원특별자치도,춘천시,4181000,"강원특별자치도춘천시 후석로462번길 96, 1층 2층 (후평동)",033-257-9999,강원특별자치도 춘천시청,033-250-4043,2025-07-14
순대국만세후평점,일반가맹점,한식,강원특별자치도,춘천시,4181000,"강원특별자치도춘천시 춘천로 428-4, 1층 (후평동)",033-262-2445,강원특별자치도 춘천시청,033-250-4043,2025-07-14
순대국집 소예네,일반가맹점,한식,강원특별자치도,춘천시,4181000,강원특별자치도춘천시 삭주로 118 (후평동),033-253-1985,강원특별자치도 춘천시청,033-250-4043,2025-07-14
순대박사,일반가맹점,한식,강원특별자치도,춘천시,4181000,강원특별자치도춘천시 중앙로194번길 38 (근화동),033-244-6660,강원특별자치도 춘천시청,033-250-4043,2025-07-14
순대실록 춘천점,일반가맹점,한식,강원특별자치도,춘천시,4181000,강원특별자치도 춘천시 퇴계로 184 1층 (석사동),033-255-6888,강원특별자치도 춘천시청,033-250-4043,2025-07-14
순대집,일반가맹점,일반대중음식,강원특별자치도,춘천시,4181000,강원특별자치도 춘천시 중앙로 91-1 중앙로2가,,강원특별자치도 춘천시청,033-250-4043,2025-07-14
순만이네숯불구이,일반가맹점,한식,강원특별자치도,춘천시,4181000,강원특별자치도 춘천시 행촌로32번길 5-23 1층,033-254-3550,강원특별자치도 춘천시청,033-250-4043,2025-07-14
순살만공격춘천점,일반가맹점,일반대중음식,강원특별자치도,춘천시,4181000,강원특별자치도 춘천시 공지로 331 1층,033-244-8999,강원특별자치도 춘천시청,033-250-4043,2025-07-14
순살만공격후평점,일반가맹점,일반대중음식,강원특별자치도,춘천시,4181000,강원특별자치도 춘천시 춘천로 282 1층,033-910-3215,강원특별자치도 춘천시청,033-250-4043,2025-07-14
순수푸드딜리버리,일반가맹점,양식,강원특별자치도,춘천시,4181000,"강원특별자치도춘천시 춘천로204번길 56, 1층 (효자동)",,강원특별자치도 춘천시청,033-250-4043,2025-07-14
순옥이네옛날닭곰탕,일반가맹점,한식,강원특별자치도,춘천시,4181000,강원특별자치도 춘천시 춘천로310번길 22 1층 (후평동),033-255-6002,강원특별자치도 춘천시청,033-250-4043,2025-07-14
순이네닭볶음탕,일반가맹점,한식,강원특별자치도,춘천시,4181000,강원특별자치도춘천시 공지로 162-1 (석사동),033-264-1999,강원특별자치도 춘천시청,033-250-4043,2025-07-14
순이네닭볶음탕우두점탕우두점,일반가맹점,일반대중음식,강원특별자치도,춘천시,4181000,강원특별자치도 춘천시 충열로16번길 12 1층,033-256-1990,강원특별자치도 춘천시청,033-250-4043,2025-07-14
순이네분식,일반가맹점,한식,강원특별자치도,춘천시,4181000,강원특별자치도 춘천시 춘천로296번길 6 1층,,강원특별자치도 춘천시청,033-250-4043,2025-07-14
숟가락과젓가락,일반가맹점,한식,강원특별자치도,춘천시,4181000,강원특별자치도 춘천시 신동면 김유정로 1417 B동 102호,033-264-8288,강원특별자치도 춘천시청,033-250-4043,2025-07-14
술짠,일반가맹점,일반대중음식,강원특별자치도,춘천시,4181000,강원특별자치도 춘천시 스무숲4길 12 1층,033-2818-8380,강원특별자치도 춘천시청,033-250-4043,2025-07-14
숨고르기,일반가맹점,일반대중음식,강원특별자치도,춘천시,4181000,강원특별자치도 춘천시 자라우새길 68 2층,,강원특별자치도 춘천시청,033-250-4043,2025-07-14
숨어있는 고깃집,일반가맹점,한식,강원특별자치도,춘천시,4181000,강원특별자치도 춘천시 백령로138번길 56-1 1층,033-243-3506,강원특별자치도 춘천시청,033-250-4043,2025-07-14
숯구촌,일반가맹점,한식,강원특별자치도,춘천시,4181000,강원특별자치도 춘천시 동면 만천로143번길 58 1층,033-251-0074,강원특별자치도 춘천시청,033-250-4043,2025-07-14
숯불닭갈비나라,일반가맹점,한식,강원특별자치도,춘천시,4181000,강원특별자치도춘천시 충열로16번길 21-8 (우두동),033-242-2023,강원특별자치도 춘천시청,033-250-4043,2025-07-14
쉐프박스 Chef Box,일반가맹점,양식,강원특별자치도,춘천시,4181000,강원특별자치도 춘천시 스무숲3길 16 1층(석사동),033-261-0888,강원특별자치도 춘천시청,033-250-4043,2025-07-14
쉘터462(sheltel 462),일반가맹점,일반대중음식,강원특별자치도,춘천시,4181000,강원특별자치도 춘천시 춘천로204번길 26 1층,,강원특별자치도 춘천시청,033-250-4043,2025-07-14
쉬어가는나무,일반가맹점,양식,강원특별자치도,춘천시,4181000,"강원특별자치도 춘천시 영서로 2352-12 풍물시장5동 2호,3호",033-255-5655,강원특별자치도 춘천시청,033-250-4043,2025-07-14
쉬즈삼겹,일반가맹점,한식,강원특별자치도,춘천시,4181000,강원특별자치도 춘천시 애막골길11번길 3 1층,033-263-7533,강원특별자치도 춘천시청,033-250-4043,2025-07-14
쉴만한물가,일반가맹점,일반대중음식,강원특별자치도,춘천시,4181000,강원특별자치도 춘천시 수변공원길 54 1층,,강원특별자치도 춘천시청,033-250-4043,2025-07-14
쉼바위 식당,일반가맹점,한식,강원특별자치도,춘천시,4181000,강원특별자치도춘천시 남산면 통곡리 348,033-263-9390,강원특별자치도 춘천시청,033-250-4043,2025-07-14
슈슈쿠킹,일반가맹점,일반대중음식,강원특별자치도,춘천시,4181000,강원특별자치도 춘천시 동내면 거두택지길44번길 25 1층,,강원특별자치도 춘천시청,033-250-4043,2025-07-14
슈퍼스넥,일반가맹점,한식,강원특별자치도,춘천시,4181000,"강원특별자치도춘천시 명동길 50, 1층 (중앙로3가)",033-242-2442,강원특별자치도 춘천시청,033-250-4043,2025-07-14
스노우,일반가맹점,일반대중음식,강원특별자치도,춘천시,4181000,"강원특별자치도 춘천시 동면 금옥길 132 , 1층",033-255-9066,강원특별자치도 춘천시청,033-250-4043,2025-07-14
스마일명품찹쌀꽈배기,일반가맹점,한식,강원특별자치도,춘천시,4181000,강원특별자치도 춘천시 영서로 2761 1층,033-241-1111,강원특별자치도 춘천시청,033-250-4043,2025-07-14
스마일명품찹쌀꽈배기,일반가맹점,한식,강원특별자치도,춘천시,4181000,강원특별자치도 춘천시 후석로 295 1층,033-252-8859,강원특별자치도 춘천시청,033-250-4043,2025-07-14
스마일토스트앤샌드위치,일반가맹점,일반대중음식,강원특별자치도,춘천시,4181000,강원특별자치도 춘천시 서면 박사로 973 1층 101호,,강원특별자치도 춘천시청,033-250-4043,2025-07-14
스마일편의점,편의점,편의점,강원특별자치도,춘천시,4181000,강원특별자치도 춘천시 아침길22번길 10 4층,033-243-3300,강원특별자치도 춘천시청,033-250-4043,2025-07-14
스무숲길가,일반가맹점,일반대중음식,강원특별자치도,춘천시,4181000,"강원특별자치도춘천시 스무숲1길 51, 1층 (석사동)",033-255-8120,강원특별자치도 춘천시청,033-250-4043,2025-07-14
스시마니아춘천퇴계점,일반가맹점,일반대중음식,강원특별자치도,춘천시,4181000,강원특별자치도 춘천시 국사봉길 12 1층 5호,033-252-1958,강원특별자치도 춘천시청,033-250-4043,2025-07-14
스시먹는참치,일반가맹점,일식,강원특별자치도,춘천시,4181000,강원특별자치도 춘천시 동내면 춘천순환로94번길 17 1층,033-263-4882,강원특별자치도 춘천시청,033-250-4043,2025-07-14
스시먹는참치,일반가맹점,일식,강원특별자치도,춘천시,4181000,강원특별자치도 춘천시 동내면 춘천순환로94번길 17 1층,050-4458-2613,강원특별자치도 춘천시청,033-250-4043,2025-07-14
스시요,일반가맹점,일식,강원특별자치도,춘천시,4181000,강원특별자치도춘천시 중앙로67번길 8 (죽림동),033-242-0140,강원특별자치도 춘천시청,033-250-4043,2025-07-14
스시요혼,일반가맹점,일식,강원특별자치도,춘천시,4181000,강원특별자치도 춘천시 중앙로67번길 18 2동2112.2113호 (죽림동.브라운상가),070-4794-0140,강원특별자치도 춘천시청,033-250-4043,2025-07-14
스시원춘천온의점,일반가맹점,일식,강원특별자치도,춘천시,4181000,강원특별자치도 춘천시 방송길 98 1층(온의동),033-253-5933,강원특별자치도 춘천시청,033-250-4043,2025-07-14
스시장,일반가맹점,일식,강원특별자치도,춘천시,4181000,강원특별자치도 춘천시 효자로 39 1층,070-7500-0870,강원특별자치도 춘천시청,033-250-4043,2025-07-14
스시젠,일반가맹점,일식,강원특별자치도,춘천시,4181000,강원특별자치도 춘천시 효자로 39 1층,,강원특별자치도 춘천시청,033-250-4043,2025-07-14
스시하나바,일반가맹점,일식,강원특별자치도,춘천시,4181000,강원특별자치도 춘천시 금강로 68-12 (조양동),033-241-8831,강원특별자치도 춘천시청,033-250-4043,2025-07-14
스위스 수제 빵제과,일반가맹점,제과점,강원특별자치도,춘천시,4181000,강원특별자치도 춘천시 옛경춘로 837 1층,033-251-5070,강원특별자치도 춘천시청,033-250-4043,2025-07-14
스위티베어케이크,일반가맹점,제과점,강원특별자치도,춘천시,4181000,"강원특별자치도춘천시 서부대성로 245, 1층 (효자동)",,강원특별자치도 춘천시청,033-250-4043,2025-07-14
스윗동동,일반가맹점,일반대중음식,강원특별자치도,춘천시,4181000,강원특별자치도 춘천시 후만로126번길 26 1층,,강원특별자치도 춘천시청,033-250-4043,2025-07-14
스쿨푸드춘천딜리버리점,일반가맹점,한식,강원특별자치도,춘천시,4181000,강원특별자치도 춘천시 공지로 244 1층,033-262-2585,강원특별자치도 춘천시청,033-250-4043,2025-07-14
스테이션(STATION),일반가맹점,일반대중음식,강원특별자치도,춘천시,4181000,"강원특별자치도춘천시 송암길 25-1, 지하1층 (송암동)",033-254-2112,강원특별자치도 춘천시청,033-250-4043,2025-07-14
스튜디오 구움,일반가맹점,일반대중음식,강원특별자치도,춘천시,4181000,강원특별자치도 춘천시 서부대성로 194 1층(효자동),,강원특별자치도 춘천시청,033-250-4043,2025-07-14
스트릿츄러스엘리시안강촌점,일반가맹점,일반대중음식,강원특별자치도,춘천시,4181000,강원특별자치도 춘천시 남산면 북한강변길 688 1층,033-252-0468,강원특별자치도 춘천시청,033-250-4043,2025-07-14
스푼더구이락,일반가맹점,한식,강원특별자치도,춘천시,4181000,강원특별자치도 춘천시 백령로75번길 2 1층(효자동),033-252-8563,강원특별자치도 춘천시청,033-250-4043,2025-07-14
슬구네,일반가맹점,일반대중음식,강원특별자치도,춘천시,4181000,강원특별자치도 춘천시 성심로47번길 104 (후평동),,강원특별자치도 춘천시청,033-250-4043,2025-07-14
슬기네달고나,일반가맹점,제과점,강원특별자치도,춘천시,4181000,"강원특별자치도 춘천시 성심로 82 ,1층1호",,강원특별자치도 춘천시청,033-250-4043,2025-07-14
슬로우캘리 춘천점,일반가맹점,일반대중음식,강원특별자치도,춘천시,4181000,강원특별자치도 춘천시 동내면 춘천순환로 133 102호,033-264-9206,강원특별자치도 춘천시청,033-250-4043,2025-07-14
승도리네 곱도리탕 춘천점,일반가맹점,한식,강원특별자치도,춘천시,4181000,강원특별자치도 춘천시 우석로79번길 13 1층,033-910-6289,강원특별자치도 춘천시청,033-250-4043,2025-07-14
승현손두부청국장,일반가맹점,한식,강원특별자치도,춘천시,4181000,강원특별자치도춘천시 퇴계동 618-4,033-253-9673,강원특별자치도 춘천시청,033-250-4043,2025-07-14
시골가마솥국,일반가맹점,한식,강원특별자치도,춘천시,4181000,강원특별자치도 춘천시 춘천로295번길 1 1층,,강원특별자치도 춘천시청,033-250-4043,2025-07-14
시골길낚지볶음,일반가맹점,한식,강원특별자치도,춘천시,4181000,강원특별자치도춘천시 영서로2269번길 5 (퇴계동),033-255-9294,강원특별자치도 춘천시청,033-250-4043,2025-07-14
시골막국수,일반가맹점,한식,강원특별자치도,춘천시,4181000,강원특별자치도춘천시 신북읍 율문길 100,033-243-0833,강원특별자치도 춘천시청,033-250-4043,2025-07-14
시골밥상,일반가맹점,한식,강원특별자치도,춘천시,4181000,강원특별자치도춘천시 보안길 79 (후평동),033-257-3677,강원특별자치도 춘천시청,033-250-4043,2025-07-14
시골밥집,일반가맹점,한식,강원특별자치도,춘천시,4181000,강원특별자치도 춘천시 춘천로310번길 23 1층,033-252-1745,강원특별자치도 춘천시청,033-250-4043,2025-07-14
시골보리밥,일반가맹점,한식,강원특별자치도,춘천시,4181000,강원특별자치도춘천시 신북읍 율문길 65,033-243-4747,강원특별자치도 춘천시청,033-250-4043,2025-07-14
시골장터,일반가맹점,한식,강원특별자치도,춘천시,4181000,강원특별자치도춘천시 신동면 김유정로 1434,033-262-8714,강원특별자치도 춘천시청,033-250-4043,2025-07-14
시골집,일반가맹점,일반대중음식,강원특별자치도,춘천시,4181000,강원특별자치도 춘천시 서면 수정길 170 1층,,강원특별자치도 춘천시청,033-250-4043,2025-07-14
시골촌두부,일반가맹점,한식,강원특별자치도,춘천시,4181000,강원특별자치도 춘천시 스무숲4길 48 .,033-261-0775,강원특별자치도 춘천시청,033-250-4043,2025-07-14
시골파스타,일반가맹점,양식,강원특별자치도,춘천시,4181000,"강원특별자치도 춘천시 낙원길 27 외2필지,제1호(낙원동)",,강원특별자치도 춘천시청,033-250-4043,2025-07-14
시골한식뷔페,일반가맹점,한식,강원특별자치도,춘천시,4181000,강원특별자치도 춘천시 효자로 129 1층,033-256-6758,강원특별자치도 춘천시청,033-250-4043,2025-07-14
시니어마켓(춘천시니어클럽),일반가맹점,일반대중음식,강원특별자치도,춘천시,4181000,"강원특별자치도 춘천시 시청길12번길 5 , 1층",033-251-5080,강원특별자치도 춘천시청,033-250-4043,2025-07-14
시루,일반가맹점,한식,강원특별자치도,춘천시,4181000,강원특별자치도 춘천시 신동면 실레길 47 1층,033-254-9288,강원특별자치도 춘천시청,033-250-4043,2025-07-14
시루향기,일반가맹점,한식,강원특별자치도,춘천시,4181000,강원특별자치도춘천시 동내면 영서로 1769,033-264-3005,강원특별자치도 춘천시청,033-250-4043,2025-07-14
시민닭갈비,일반가맹점,한식,강원특별자치도,춘천시,4181000,강원특별자치도춘천시 벌말길 92 (석사동),033-261-5106,강원특별자치도 춘천시청,033-250-4043,2025-07-14
시민횟집,일반가맹점,양식,강원특별자치도,춘천시,4181000,"강원특별자치도춘천시 벌말길 92 (석사동,1층)",033-262-2627,강원특별자치도 춘천시청,033-250-4043,2025-07-14
시밀집,일반가맹점,한식,강원특별자치도,춘천시,4181000,강원특별자치도춘천시 동면 가락재로 203,033-241-6010,강원특별자치도 춘천시청,033-250-4043,2025-07-14
시선애막골,일반가맹점,일반대중음식,강원특별자치도,춘천시,4181000,강원특별자치도 춘천시 애막골길11번길 28-1 2층(석사동),,강원특별자치도 춘천시청,033-250-4043,2025-07-14
시장순대국,일반가맹점,한식,강원특별자치도,춘천시,4181000,강원특별자치도 춘천시 명동길 42-1 1층,,강원특별자치도 춘천시청,033-250-4043,2025-07-14
시즌즈,일반가맹점,일반대중음식,강원특별자치도,춘천시,4181000,강원특별자치도 춘천시 전원길 24 1층 102호,,강원특별자치도 춘천시청,033-250-4043,2025-07-14
시청길,일반가맹점,일반대중음식,강원특별자치도,춘천시,4181000,강원특별자치도 춘천시 시청길10번길 4-2 1층,033-910-3159,강원특별자치도 춘천시청,033-250-4043,2025-07-14
식감,일반가맹점,한식,강원특별자치도,춘천시,4181000,강원특별자치도춘천시 남산면 충효로 108,033-253-5393,강원특별자치도 춘천시청,033-250-4043,2025-07-14
식껍퇴계점,일반가맹점,한식,강원특별자치도,춘천시,4181000,강원특별자치도 춘천시 남춘로36번길 52-4 1층,,강원특별자치도 춘천시청,033-250-4043,2025-07-14
식신마라,일반가맹점,중식,강원특별자치도,춘천시,4181000,강원특별자치도 춘천시 동면 춘천로449번길 26-6 1층 101호,,강원특별자치도 춘천시청,033-250-4043,2025-07-14
식향,일반가맹점,중식,강원특별자치도,춘천시,4181000,강원특별자치도 춘천시 공지로 266 2동 1층(효자동),,강원특별자치도 춘천시청,033-250-4043,2025-07-14
신 아리랑,일반가맹점,일반대중음식,강원특별자치도,춘천시,4181000,강원특별자치도 춘천시 춘천로309번길 9 후평동,033-256-0322,강원특별자치도 춘천시청,033-250-4043,2025-07-14
신간짬뽕,일반가맹점,중식,강원특별자치도,춘천시,4181000,강원특별자치도 춘천시 남춘로5번길 10-1 1층(퇴계동),,강원특별자치도 춘천시청,033-250-4043,2025-07-14
신낙지마루,일반가맹점,한식,강원특별자치도,춘천시,4181000,강원특별자치도 춘천시 백령로 148 (효자동),033-251-3262,강원특별자치도 춘천시청,033-250-4043,2025-07-14
신남불고기,일반가맹점,한식,강원특별자치도,춘천시,4181000,강원특별자치도춘천시 신동면 김유정로 1430-1,033-262-7601,강원특별자치도 춘천시청,033-250-4043,2025-07-14
신남큰집,일반가맹점,한식,강원특별자치도,춘천시,4181000,강원특별자치도 춘천시 신동면 김유정로 1412-1 1층,033-262-0723,강원특별자치도 춘천시청,033-250-4043,2025-07-14
신남큰집,일반가맹점,한식,강원특별자치도,춘천시,4181000,강원특별자치도 춘천시 퇴계로93번길 4-6 1층(퇴계동),,강원특별자치도 춘천시청,033-250-4043,2025-07-14
신남큰집궁중삼계탕,일반가맹점,한식,강원특별자치도,춘천시,4181000,강원특별자치도 춘천시 공지로 216 (효자동),033-253-3989,강원특별자치도 춘천시청,033-250-4043,2025-07-14
신닭발,일반가맹점,한식,강원특별자치도,춘천시,4181000,강원특별자치도춘천시 우석로67번길 11 (석사동),033-262-5565,강원특별자치도 춘천시청,033-250-4043,2025-07-14
신도림국수회관,일반가맹점,일반대중음식,강원특별자치도,춘천시,4181000,강원특별자치도 춘천시 춘천로17번길 21 춘춘강남하이엔드 108호 (온의동),033-244-8278,강원특별자치도 춘천시청,033-250-4043,2025-07-14
신동뚝배기염소탕,일반가맹점,한식,강원특별자치도,춘천시,4181000,강원특별자치도춘천시 신동 812-4번지 외2필지,033-243-8050,강원특별자치도 춘천시청,033-250-4043,2025-07-14
신떡순신천할매떡볶이,일반가맹점,한식,강원특별자치도,춘천시,4181000,강원특별자치도 춘천시 서부대성로 327 동아아파트 상가동 1층 104호,033-251-7077,강원특별자치도 춘천시청,033-250-4043,2025-07-14
신라해장국,일반가맹점,한식,강원특별자치도,춘천시,4181000,강원특별자치도 춘천시 춘천로 421 1층1층,033-256-4777,강원특별자치도 춘천시청,033-250-4043,2025-07-14
신마포갈매기,일반가맹점,한식,강원특별자치도,춘천시,4181000,강원특별자치도 춘천시 우석로79번길 16-4 (석사동),033-263-6092,강원특별자치도 춘천시청,033-250-4043,2025-07-14
신만리장성,일반가맹점,일반대중음식,강원특별자치도,춘천시,4181000,강원특별자치도춘천시 금강로 103-1 (운교동),033-252-2650,강원특별자치도 춘천시청,033-250-4043,2025-07-14
신매닭갈비막국수,일반가맹점,한식,강원특별자치도,춘천시,4181000,강원특별자치도 춘천시 서면 박사로 1409-4 1층,033-244-7791,강원특별자치도 춘천시청,033-250-4043,2025-07-14
신미방마라탕,일반가맹점,중식,강원특별자치도,춘천시,4181000,강원특별자치도 춘천시 춘천로68번길 44 1층,033-243-7438,강원특별자치도 춘천시청,033-250-4043,2025-07-14
신바람낙지,일반가맹점,한식,강원특별자치도,춘천시,4181000,강원특별자치도 춘천시 공지로 57-2 1층,,강원특별자치도 춘천시청,033-250-4043,2025-07-14
신북농업협동조합,주부식가맹점,농협(마트),강원특별자치도,춘천시,4181000,강원특별자치도춘천시 신북읍 율문 551-1,033-243-9720,강원특별자치도 춘천시청,033-250-4043,2025-07-14
신북농업협동조합,주부식가맹점,농협(마트),강원특별자치도,춘천시,4181000,강원특별자치도춘천시 사북면 지촌길 5,033-243-1045,강원특별자치도 춘천시청,033-250-4043,2025-07-14
신북농협 로컬푸드 직매장,주부식가맹점,농협(기타),강원특별자치도,춘천시,4181000,강원특별자치도춘천시 동면 춘천순환로 901,033-243-9710,강원특별자치도 춘천시청,033-250-4043,2025-07-14
신불야성,일반가맹점,중식,강원특별자치도,춘천시,4181000,강원특별자치도춘천시 벌말길 34 (석사동),033-261-5911,강원특별자치도 춘천시청,033-250-4043,2025-07-14
신서방부대찌개,일반가맹점,한식,강원특별자치도,춘천시,4181000,강원특별자치도 춘천시 충열로16번길 5-3 1층(우두동),033-263-8967,강원특별자치도 춘천시청,033-250-4043,2025-07-14
신세계닭갈비,일반가맹점,일반대중음식,강원특별자치도,춘천시,4181000,강원특별자치도 춘천시 영서로2452번길 9 1층(근화동),,강원특별자치도 춘천시청,033-250-4043,2025-07-14
신세대닭갈비,일반가맹점,한식,강원특별자치도,춘천시,4181000,강원특별자치도춘천시 삭주로108번길 6 (후평동),033-241-0952,강원특별자치도 춘천시청,033-250-4043,2025-07-14
신영이네칼국수,일반가맹점,한식,강원특별자치도,춘천시,4181000,강원특별자치도 춘천시 춘주로187번길 18 (퇴계동),033-242-3127,강원특별자치도 춘천시청,033-250-4043,2025-07-14
신의주찹쌀순대,일반가맹점,한식,강원특별자치도,춘천시,4181000,강원특별자치도춘천시 서부대성로44번길 25-1 (요선동),033-241-7473,강원특별자치도 춘천시청,033-250-4043,2025-07-14
신의주찹쌀순대 본사직영 춘천점,일반가맹점,한식,강원특별자치도,춘천시,4181000,강원특별자치도 춘천시 영서로2279번길 16 1층,033-255-9409,강원특별자치도 춘천시청,033-250-4043,2025-07-14
신일닭갈비,일반가맹점,한식,강원특별자치도,춘천시,4181000,강원특별자치도 춘천시 안마산로 169-2 J동1층 (퇴계동),033-263-6222,강원특별자치도 춘천시청,033-250-4043,2025-07-14
신전떡볶이강원대점,일반가맹점,한식,강원특별자치도,춘천시,4181000,"강원특별자치도춘천시 서부대성로 234, 1층 (효자동)",033-244-4747,강원특별자치도 춘천시청,033-250-4043,2025-07-14
신전떡볶이춘천명동점,일반가맹점,한식,강원특별자치도,춘천시,4181000,"강원특별자치도춘천시 시청길10번길 6, 1층 (조양동)",033-4333-4325,강원특별자치도 춘천시청,033-250-4043,2025-07-14
신전떡볶이퇴계석사점,일반가맹점,일반대중음식,강원특별자치도,춘천시,4181000,강원특별자치도 춘천시 지석로 75 108호,033-262-6262,강원특별자치도 춘천시청,033-250-4043,2025-07-14
신전떡볶이후평점,일반가맹점,일반대중음식,강원특별자치도,춘천시,4181000,강원특별자치도 춘천시 후석로326번길 12 1층,033-256-7979,강원특별자치도 춘천시청,033-250-4043,2025-07-14
신중화촌후평장학점,일반가맹점,중식,강원특별자치도,춘천시,4181000,강원특별자치도 춘천시 동면 공단로 108 .,033-241-6655,강원특별자치도 춘천시청,033-250-4043,2025-07-14
신짬뽕,일반가맹점,중식,강원특별자치도,춘천시,4181000,강원특별자치도 춘천시 효자상길 11 1층(효자동),033-251-3020,강원특별자치도 춘천시청,033-250-4043,2025-07-14
신짱깨집,일반가맹점,중식,강원특별자치도,춘천시,4181000,강원특별자치도 춘천시 춘천순환로 46 1층,033-264-1693,강원특별자치도 춘천시청,033-250-4043,2025-07-14
신촌농장염소탕2호점,일반가맹점,한식,강원특별자치도,춘천시,4181000,강원특별자치도 춘천시 부안길6번길 33 (후평동),033-254-3350,강원특별자치도 춘천시청,033-250-4043,2025-07-14
신촌리 집밥,일반가맹점,한식,강원특별자치도,춘천시,4181000,강원특별자치도 춘천시 동내면 동내로 187 1층,033-261-1227,강원특별자치도 춘천시청,033-250-4043,2025-07-14
신촌리빵집,일반가맹점,제과점,강원특별자치도,춘천시,4181000,"강원특별자치도 춘천시 동내면 향군길 14 , 2동 1층 우측호",,강원특별자치도 춘천시청,033-250-4043,2025-07-14
신촌리소머리곰탕,일반가맹점,한식,강원특별자치도,춘천시,4181000,강원특별자치도 춘천시 동내면 향군길 2 1층,033-264-7060,강원특별자치도 춘천시청,033-250-4043,2025-07-14
신포리산채나물,일반가맹점,한식,강원특별자치도,춘천시,4181000,강원특별자치도 춘천시 사북면 영서로 4595-4 .,,강원특별자치도 춘천시청,033-250-4043,2025-07-14
신해물뚝배기짬뽕,일반가맹점,중식,강원특별자치도,춘천시,4181000,강원특별자치도 춘천시 춘천로 414-1 1층,,강원특별자치도 춘천시청,033-250-4043,2025-07-14
신흥막국수,일반가맹점,한식,강원특별자치도,춘천시,4181000,강원특별자치도춘천시 퇴계동 132-1번지 117-11 117-13,033-264-2031,강원특별자치도 춘천시청,033-250-4043,2025-07-14
신흥왕족발,일반가맹점,한식,강원특별자치도,춘천시,4181000,강원특별자치도춘천시 세실로 220 (후평동),033-256-7033,강원특별자치도 춘천시청,033-250-4043,2025-07-14
실로암민물고기,일반가맹점,한식,강원특별자치도,춘천시,4181000,강원특별자치도춘천시 후석로 415-1 (후평동),033-257-3563,강원특별자치도 춘천시청,033-250-4043,2025-07-14
실비막국수,일반가맹점,한식,강원특별자치도,춘천시,4181000,강원특별자치도춘천시 소양로2가 127,033-254-2472,강원특별자치도 춘천시청,033-250-4043,2025-07-14
실비식당,일반가맹점,한식,강원특별자치도,춘천시,4181000,강원특별자치도춘천시 운교동 183 동부시장 3층,033-253-5346,강원특별자치도 춘천시청,033-250-4043,2025-07-14
심가당,일반가맹점,한식,강원특별자치도,춘천시,4181000,강원특별자치도 춘천시 춘천로 216 1층(효자동),033-253-7419,강원특별자치도 춘천시청,033-250-4043,2025-07-14
심바이오스 유한책임회사 춘천교,일반가맹점,제과점,강원특별자치도,춘천시,4181000,강원특별자치도 춘천시 공지로 126 1층,,강원특별자치도 춘천시청,033-250-4043,2025-07-14
심야화로,일반가맹점,일반대중음식,강원특별자치도,춘천시,4181000,"강원특별자치도 춘천시 퇴계로 97 ,101호",,강원특별자치도 춘천시청,033-250-4043,2025-07-14
심야화로 스무숲점,일반가맹점,일반대중음식,강원특별자치도,춘천시,4181000,"강원특별자치도 춘천시 스무숲1길 73 ,1층 상가(석사동)",,강원특별자치도 춘천시청,033-250-4043,2025-07-14
심야화로우두점,일반가맹점,일반대중음식,강원특별자치도,춘천시,4181000,강원특별자치도 춘천시 영서로 2763-1 1층(우두동),,강원특별자치도 춘천시청,033-250-4043,2025-07-14
심플리움앤드,일반가맹점,제과점,강원특별자치도,춘천시,4181000,강원특별자치도 춘천시 동내면 외솔길19번길 70 101호,,강원특별자치도 춘천시청,033-250-4043,2025-07-14
싱싱베이커리,일반가맹점,제과점,강원특별자치도,춘천시,4181000,강원특별자치도 춘천시 방송길 77 1층 1250호,033-9545-6273,강원특별자치도 춘천시청,033-250-4043,2025-07-14
싱싱베이커리,일반가맹점,제과점,강원특별자치도,춘천시,4181000,강원특별자치도 춘천시 춘주로 54 1층,033-244-8857,강원특별자치도 춘천시청,033-250-4043,2025-07-14
싱싱브런치,일반가맹점,일반대중음식,강원특별자치도,춘천시,4181000,강원특별자치도 춘천시 동면 춘천순환로 626 지하1층,033-256-7776,강원특별자치도 춘천시청,033-250-4043,2025-07-14
싸움의고수 춘천명동점,일반가맹점,한식,강원특별자치도,춘천시,4181000,강원특별자치도 춘천시 중앙로67번길 18 1층,033-242-9293,강원특별자치도 춘천시청,033-250-4043,2025-07-14
쌀러뷰,일반가맹점,한식,강원특별자치도,춘천시,4181000,강원특별자치도 춘천시 옥천길54번길 26 1층,033-255-0512,강원특별자치도 춘천시청,033-250-4043,2025-07-14
쌈빠찹쌀강정,일반가맹점,일반대중음식,강원특별자치도,춘천시,4181000,강원특별자치도 춘천시 동내면 학곡동길 4 1층,033-264-5592,강원특별자치도 춘천시청,033-250-4043,2025-07-14
쌈쌈본점숯불닭갈비,일반가맹점,한식,강원특별자치도,춘천시,4181000,강원특별자치도춘천시 동면 소양강로 716,033-241-1797,강원특별자치도 춘천시청,033-250-4043,2025-07-14
쌈촌CGV 석사점,일반가맹점,한식,강원특별자치도,춘천시,4181000,"강원특별자치도춘천시 퇴계농공로 20, 2층 202호 (석사동, 종로타워)",033-264-5665,강원특별자치도 춘천시청,033-250-4043,2025-07-14
"쌍용막국수,곰탕",일반가맹점,한식,강원특별자치도,춘천시,4181000,"강원특별자치도춘천시 중앙로68번길 22-2, 1층 (소양로3가)",033-241-4982,강원특별자치도 춘천시청,033-250-4043,2025-07-14
쌩,일반가맹점,일반대중음식,강원특별자치도,춘천시,4181000,강원특별자치도춘천시 춘천로204번길 52 (효자동),033-255-7241,강원특별자치도 춘천시청,033-250-4043,2025-07-14
써나냉삼,일반가맹점,한식,강원특별자치도,춘천시,4181000,강원특별자치도 춘천시 우석로79번길 12-6 1층 석사동,033-261-2012,강원특별자치도 춘천시청,033-250-4043,2025-07-14
써니사이드업(sunnysideup),일반가맹점,일반대중음식,강원특별자치도,춘천시,4181000,강원특별자치도 춘천시 옥천길54번길 23 1층,,강원특별자치도 춘천시청,033-250-4043,2025-07-14
써니힐,일반가맹점,일반대중음식,강원특별자치도,춘천시,4181000,강원특별자치도 춘천시 춘주로187번길 9 지하1층,,강원특별자치도 춘천시청,033-250-4043,2025-07-14
써브웨이춘천퇴계점,일반가맹점,일반대중음식,강원특별자치도,춘천시,4181000,강원특별자치도 춘천시 영서로 2195 1층,033-252-1146,강원특별자치도 춘천시청,033-250-4043,2025-07-14
썬더치킨만천점,일반가맹점,일반대중음식,강원특별자치도,춘천시,4181000,강원특별자치도 춘천시 동면 만천로143번길 54 1층 썬더치킨,033-253-5595,강원특별자치도 춘천시청,033-250-4043,2025-07-14
썬딜리버리,일반가맹점,일반대중음식,강원특별자치도,춘천시,4181000,강원특별자치도 춘천시 서부대성로 182-1 1층,070-4151-0221,강원특별자치도 춘천시청,033-250-4043,2025-07-14
썬샤인,일반가맹점,일반대중음식,강원특별자치도,춘천시,4181000,"강원특별자치도춘천시 보안길 64-1, 지하1층 (후평동)",033-242-9295,강원특별자치도 춘천시청,033-250-4043,2025-07-14
썬쿠키,일반가맹점,일반대중음식,강원특별자치도,춘천시,4181000,강원특별자치도 춘천시 성심로 16 1층,,강원특별자치도 춘천시청,033-250-4043,2025-07-14
쏘소삼겹살,일반가맹점,한식,강원특별자치도,춘천시,4181000,강원특별자치도 춘천시 퇴계로145번길 15-3 1층(퇴계동),,강원특별자치도 춘천시청,033-250-4043,2025-07-14
쏠라시,일반가맹점,일반대중음식,강원특별자치도,춘천시,4181000,강원특별자치도 춘천시 새롬공원길 23 1층(석사동),,강원특별자치도 춘천시청,033-250-4043,2025-07-14
쏭드방,일반가맹점,일반대중음식,강원특별자치도,춘천시,4181000,"강원특별자치도 춘천시 칠전서길 8 칠전동,1층",033-263-0680,강원특별자치도 춘천시청,033-250-4043,2025-07-14
쏭스핫도그 춘천거두점,일반가맹점,일반대중음식,강원특별자치도,춘천시,4181000,"강원특별자치도춘천시 동내면 공지로 70-51, 1층",033-263-7767,강원특별자치도 춘천시청,033-250-4043,2025-07-14
쑤와리질러(칠전점),일반가맹점,일반대중음식,강원특별자치도,춘천시,4181000,강원특별자치도 춘천시 칠전서길 45 상가동 102호,033-264-8181,강원특별자치도 춘천시청,033-250-4043,2025-07-14
씨에스타,일반가맹점,한식,강원특별자치도,춘천시,4181000,"강원특별자치도춘천시 춘천로 316, 상가동 지하1층 B101-104호 (후평동, 춘천더샵아파트)",,강원특별자치도 춘천시청,033-250-4043,2025-07-14
씨엘로,일반가맹점,양식,강원특별자치도,춘천시,4181000,강원특별자치도 춘천시 동면 순환대로 1156-20 1층,,강원특별자치도 춘천시청,033-250-4043,2025-07-14
씨유 강대병원점,편의점,편의점,강원특별자치도,춘천시,4181000,"강원특별자치도춘천시 백령로 156 (효자동, 강원대학교병원)",033-252-2557,강원특별자치도 춘천시청,033-250-4043,2025-07-14
씨유 강원대 백록관점,편의점,편의점,강원특별자치도,춘천시,4181000,"강원특별자치도춘천시 강원대학길 1 (효자동, 강원대학교)",033-251-5515,강원특별자치도 춘천시청,033-250-4043,2025-07-14
씨유 강원대 천지관점,편의점,편의점,강원특별자치도,춘천시,4181000,"강원특별자치도춘천시 강원대학길 1, 1층 천지관 (효자동, 강원대학교)",033-250-7339,강원특별자치도 춘천시청,033-250-4043,2025-07-14
씨유 강원대점,편의점,편의점,강원특별자치도,춘천시,4181000,"강원특별자치도춘천시 백령로 29, 1층 (효자동)",033-241-0603,강원특별자치도 춘천시청,033-250-4043,2025-07-14
씨유 김유정역점,편의점,편의점,강원특별자치도,춘천시,4181000,"강원특별자치도춘천시 신동면 김유정로 1427, 1층",033-262-8863,강원특별자치도 춘천시청,033-250-4043,2025-07-14
씨유 춘천 두미르플러스,편의점,편의점,강원특별자치도,춘천시,4181000,강원특별자치도춘천시 영서로 2790-1 (우두동),033-255-2217,강원특별자치도 춘천시청,033-250-4043,2025-07-14
씨유 춘천거두라온점,편의점,편의점,강원특별자치도,춘천시,4181000,"강원특별자치도춘천시 동내면 동내로 9, 1층 (독도빌딩)",02-1577-8007,강원특별자치도 춘천시청,033-250-4043,2025-07-14
씨유 춘천거두호반점,편의점,편의점,강원특별자치도,춘천시,4181000,강원특별자치도춘천시 동내면 외솔길19번길 80-10,033-262-9702,강원특별자치도 춘천시청,033-250-4043,2025-07-14
씨유 춘천봄내3주공점,편의점,편의점,강원특별자치도,춘천시,4181000,"강원특별자치도춘천시 퇴계로 220-17, 상가동 101호 (석사동, 퇴계3주공아파트)",070-8809-4545,강원특별자치도 춘천시청,033-250-4043,2025-07-14
씨유 춘천석사두산점,편의점,편의점,강원특별자치도,춘천시,4181000,"강원특별자치도춘천시 후석로186번길 25, 상가동 102호 103호 (석사동, 두산아파트)",033-261-5724,강원특별자치도 춘천시청,033-250-4043,2025-07-14
씨유 춘천이편한한숲점,편의점,편의점,강원특별자치도,춘천시,4181000,"강원특별자치도춘천시 안마산로 131, 상가 C동 105호 (퇴계동)",02-1577-8007,강원특별자치도 춘천시청,033-250-4043,2025-07-14
씨유 춘천터미널점,편의점,편의점,강원특별자치도,춘천시,4181000,"강원특별자치도춘천시 공지로 450, 1층 (근화동)",033-244-1772,강원특별자치도 춘천시청,033-250-4043,2025-07-14
씨유 춘천퇴계행복점,편의점,편의점,강원특별자치도,춘천시,4181000,"강원특별자치도춘천시 안마산로 246, 상가동 105호 106호 (퇴계동, 퇴계9단지주공아파트)",033-253-1029,강원특별자치도 춘천시청,033-250-4043,2025-07-14
씨유 춘천포스코점,편의점,편의점,강원특별자치도,춘천시,4181000,강원특별자치도춘천시 춘천로310번길 12 (후평동),070-887-2124,강원특별자치도 춘천시청,033-250-4043,2025-07-14
씨유 춘천후평대우점,편의점,편의점,강원특별자치도,춘천시,4181000,"강원특별자치도춘천시 후만로126번길 31, 상가동 1층 104호 105호 106호 (후평동, 대우아파트)",033-241-1100,강원특별자치도 춘천시청,033-250-4043,2025-07-14
씨유 춘천후평세실점,편의점,편의점,강원특별자치도,춘천시,4181000,강원특별자치도춘천시 세실로 267 씨유 춘천후평세실 (후평동),033-256-5232,강원특별자치도 춘천시청,033-250-4043,2025-07-14
씨유 춘천후평중앙점,편의점,편의점,강원특별자치도,춘천시,4181000,"강원특별자치도춘천시 보안길 70-2, 1층 101호 (후평동)",033-255-1627,강원특별자치도 춘천시청,033-250-4043,2025-07-14
씨유 칠전대우점,편의점,편의점,강원특별자치도,춘천시,4181000,"강원특별자치도춘천시 옛경춘로 492, 104호 (칠전동, 칠전대우2차아파트)",033-251-5505,강원특별자치도 춘천시청,033-250-4043,2025-07-14
씨유(C.U)프라임점,편의점,편의점,강원특별자치도,춘천시,4181000,"강원특별자치도춘천시 퇴계농공로 22, 1층 104호 (석사동, 프라임타워)",033-263-7396,강원특별자치도 춘천시청,033-250-4043,2025-07-14
씨유(CU) 강원대생활관점,편의점,편의점,강원특별자치도,춘천시,4181000,강원특별자치도 춘천시 강원대학길 1 식당동 1층,02-1577-8007,강원특별자치도 춘천시청,033-250-4043,2025-07-14
씨유(CU) 강원대의과대학점,편의점,편의점,강원특별자치도,춘천시,4181000,"강원특별자치도 춘천시 강원대학길 1 의과대학1호관 1층(효자동, 강원대학교)",02-1577-8007,강원특별자치도 춘천시청,033-250-4043,2025-07-14
씨유(CU) 나눔춘천온의점,편의점,편의점,강원특별자치도,춘천시,4181000,강원특별자치도 춘천시 스포츠타운길 501 온의동 산 44-1 센트럴 파크푸르지오 단지내 상가 B02호,02-1577-8007,강원특별자치도 춘천시청,033-250-4043,2025-07-14
씨유(CU) 장학춘천점,편의점,편의점,강원특별자치도,춘천시,4181000,"강원특별자치도춘천시 동면 춘천로449번길 12, 102호",033-253-2656,강원특별자치도 춘천시청,033-250-4043,2025-07-14
씨유(CU) 춘천공지로점,편의점,편의점,강원특별자치도,춘천시,4181000,강원특별자치도 춘천시 공지로 55 (석사동),02-1577-8007,강원특별자치도 춘천시청,033-250-4043,2025-07-14
씨유(CU) 춘천교육대학교점,편의점,편의점,강원특별자치도,춘천시,4181000,강원특별자치도 춘천시 공지로 126 학생생활원 제1호,02-1577-8007,강원특별자치도 춘천시청,033-250-4043,2025-07-14
씨유(CU) 춘천남산점,편의점,편의점,강원특별자치도,춘천시,4181000,강원특별자치도 춘천시 남산면 한치로 89 .,02-1577-8007,강원특별자치도 춘천시청,033-250-4043,2025-07-14
씨유(CU) 춘천뉴강남점,편의점,편의점,강원특별자치도,춘천시,4181000,강원특별자치도춘천시 영서로2279번길 17 (온의동),02-1577-8007,강원특별자치도 춘천시청,033-250-4043,2025-07-14
씨유(CU) 춘천두미르레스텔점,편의점,편의점,강원특별자치도,춘천시,4181000,강원특별자치도 춘천시 충열로 1-21 1층,02-1577-8007,강원특별자치도 춘천시청,033-250-4043,2025-07-14
씨유(CU) 춘천만천로점,편의점,편의점,강원특별자치도,춘천시,4181000,강원특별자치도 춘천시 만천로205번길 1 1층,02-1577-8007,강원특별자치도 춘천시청,033-250-4043,2025-07-14
씨유(CU) 춘천모아엘가점,편의점,편의점,강원특별자치도,춘천시,4181000,"강원특별자치도 춘천시 공지로 400-1 상가동 1층 103,104호",02-1577-8007,강원특별자치도 춘천시청,033-250-4043,2025-07-14
씨유(CU) 춘천백령점,편의점,편의점,강원특별자치도,춘천시,4181000,강원특별자치도 춘천시 백령로 67 .,02-1577-8007,강원특별자치도 춘천시청,033-250-4043,2025-07-14
씨유(CU) 춘천브라운점,편의점,편의점,강원특별자치도,춘천시,4181000,강원특별자치도 춘천시 중앙로67번길 18 1동 1108호,02-1577-8007,강원특별자치도 춘천시청,033-250-4043,2025-07-14
씨유(CU) 춘천사농점,편의점,편의점,강원특별자치도,춘천시,4181000,강원특별자치도 춘천시 마장길 60 상가동 1층 101호,02-1577-8007,강원특별자치도 춘천시청,033-250-4043,2025-07-14
씨유(CU) 춘천사북점,편의점,편의점,강원특별자치도,춘천시,4181000,강원특별자치도 춘천시 사북면 영서로 4797-1 1층,02-1577-8007,강원특별자치도 춘천시청,033-250-4043,2025-07-14
씨유(CU) 춘천삼천행운점,편의점,편의점,강원특별자치도,춘천시,4181000,강원특별자치도 춘천시 옛경춘로 802 .,02-1577-8007,강원특별자치도 춘천시청,033-250-4043,2025-07-14
씨유(CU) 춘천샘밭대로점,편의점,편의점,강원특별자치도,춘천시,4181000,강원특별자치도 춘천시 신북읍 신샘밭로 469 1층,033-241-2023,강원특별자치도 춘천시청,033-250-4043,2025-07-14
씨유(CU) 춘천서면점,편의점,편의점,강원특별자치도,춘천시,4181000,강원특별자치도 춘천시 서면 박사로 929 1층,033-241-6132,강원특별자치도 춘천시청,033-250-4043,2025-07-14
씨유(CU) 춘천서천점,편의점,편의점,강원특별자치도,춘천시,4181000,강원특별자치도 춘천시 남산면 경춘로 138 .,02-1577-8007,강원특별자치도 춘천시청,033-250-4043,2025-07-14
씨유(CU) 춘천소양로점,편의점,편의점,강원특별자치도,춘천시,4181000,강원특별자치도 춘천시 소양로 216-1 .,02-1577-8007,강원특별자치도 춘천시청,033-250-4043,2025-07-14
씨유(CU) 춘천시청광장점,편의점,편의점,강원특별자치도,춘천시,4181000,강원특별자치도 춘천시 시청길 16 1층,02-1577-8007,강원특별자치도 춘천시청,033-250-4043,2025-07-14
씨유(CU) 춘천옥천길점,편의점,편의점,강원특별자치도,춘천시,4181000,강원특별자치도 춘천시 옥천길54번길 26 1층,02-1577-8007,강원특별자치도 춘천시청,033-250-4043,2025-07-14
씨유(CU) 춘천온의타운점,편의점,편의점,강원특별자치도,춘천시,4181000,강원특별자치도 춘천시 스포츠타운길 528 1층,02-1577-8007,강원특별자치도 춘천시청,033-250-4043,2025-07-14
씨유(CU) 춘천우두중앙공원점,편의점,편의점,강원특별자치도,춘천시,4181000,강원특별자치도 춘천시 우두1길 131 1층 104호 105호,02-1577-8007,강원특별자치도 춘천시청,033-250-4043,2025-07-14
씨유(CU) 춘천위너클래스점,편의점,편의점,강원특별자치도,춘천시,4181000,강원특별자치도 춘천시 방송길 41 상가동 105호,02-1577-8007,강원특별자치도 춘천시청,033-250-4043,2025-07-14
씨유(CU) 춘천이지더원점,편의점,편의점,강원특별자치도,춘천시,4181000,"강원특별자치도 춘천시 우두1길 70 116동 101호, 102호",02-1577-8007,강원특별자치도 춘천시청,033-250-4043,2025-07-14
씨유(CU) 춘천칠전대우2차점,편의점,편의점,강원특별자치도,춘천시,4181000,"강원특별자치도 춘천시 칠전서길 15-2 상가동 107~109호(칠전동, 칠전대우2차아파트)",02-1577-8007,강원특별자치도 춘천시청,033-250-4043,2025-07-14
씨유(CU) 춘천타워푸르지오점,편의점,편의점,강원특별자치도,춘천시,4181000,"강원특별자치도 춘천시 방송길 77 1층 1117호,1133호",02-1577-8007,강원특별자치도 춘천시청,033-250-4043,2025-07-14
씨유(CU) 춘천퇴계현대점,편의점,편의점,강원특별자치도,춘천시,4181000,강원특별자치도 춘천시 춘주로 162 상가동 지하1층 001호,02-1577-8007,강원특별자치도 춘천시청,033-250-4043,2025-07-14
씨유(CU) 춘천퇴계휴먼시아점,편의점,편의점,강원특별자치도,춘천시,4181000,강원특별자치도 춘천시 퇴계로105번길 5 103호,02-1577-8007,강원특별자치도 춘천시청,033-250-4043,2025-07-14
씨유(CU) 춘천파크자이점,편의점,편의점,강원특별자치도,춘천시,4181000,"강원특별자치도 춘천시 스포츠타운길 460 102,103호",02-1577-8007,강원특별자치도 춘천시청,033-250-4043,2025-07-14
씨유(CU) 춘천학곡쉼터점,편의점,편의점,강원특별자치도,춘천시,4181000,강원특별자치도 춘천시 동내면 영서로 1766 102호,02-1577-8007,강원특별자치도 춘천시청,033-250-4043,2025-07-14
씨유(CU) 춘천한숲시티점,편의점,편의점,강원특별자치도,춘천시,4181000,강원특별자치도 춘천시 안마산로 109 1층,02-1577-8007,강원특별자치도 춘천시청,033-250-4043,2025-07-14
씨유(CU) 춘천해온채점,편의점,편의점,강원특별자치도,춘천시,4181000,강원특별자치도 춘천시 동면 소양강로 102 상가동 A구역,02-1577-8007,강원특별자치도 춘천시청,033-250-4043,2025-07-14
씨유(CU) 춘천후평대로점,편의점,편의점,강원특별자치도,춘천시,4181000,강원특별자치도 춘천시 후석로 300 1층,02-1577-8007,강원특별자치도 춘천시청,033-250-4043,2025-07-14
씨유(CU) 퇴계주공2단지점,편의점,편의점,강원특별자치도,춘천시,4181000,강원특별자치도 춘천시 퇴계로 166 101호,02-1577-8007,강원특별자치도 춘천시청,033-250-4043,2025-07-14
씨유(CU)남춘천신시가지점,편의점,편의점,강원특별자치도,춘천시,4181000,강원특별자치도 춘천시 남춘로 26 1층 1~3호,02-1577-8007,강원특별자치도 춘천시청,033-250-4043,2025-07-14
씨유(CU)남춘천점,편의점,편의점,강원특별자치도,춘천시,4181000,강원특별자치도 춘천시 행촌로 49 .,033-253-0226,강원특별자치도 춘천시청,033-250-4043,2025-07-14
씨유(CU)더존강촌신사옥점,편의점,편의점,강원특별자치도,춘천시,4181000,강원특별자치도 춘천시 남산면 충효로 437 .,02-1577-8007,강원특별자치도 춘천시청,033-250-4043,2025-07-14
씨유(CU)춘천E편한점,편의점,편의점,강원특별자치도,춘천시,4181000,강원특별자치도 춘천시 서부대성로 18 1층,02-1577-8007,강원특별자치도 춘천시청,033-250-4043,2025-07-14
씨유(CU)춘천거두오스타점,편의점,편의점,강원특별자치도,춘천시,4181000,강원특별자치도 춘천시 동내면 외솔길 51 .,02-1577-8007,강원특별자치도 춘천시청,033-250-4043,2025-07-14
씨유(CU)춘천거두원룸점,편의점,편의점,강원특별자치도,춘천시,4181000,강원특별자치도춘천시 동내면 거두택지길 64,033-264-9572,강원특별자치도 춘천시청,033-250-4043,2025-07-14
씨유(CU)춘천경춘대로점,편의점,편의점,강원특별자치도,춘천시,4181000,강원특별자치도춘천시 서면 경춘로 635,033-263-8639,강원특별자치도 춘천시청,033-250-4043,2025-07-14
씨유(CU)춘천뉴후평현대점,편의점,편의점,강원특별자치도,춘천시,4181000,"강원특별자치도 춘천시 후만로24번길 13 제상가동 101호,102호",02-1577-8007,강원특별자치도 춘천시청,033-250-4043,2025-07-14
씨유(CU)춘천대로점,편의점,편의점,강원특별자치도,춘천시,4181000,강원특별자치도 춘천시 춘천로256번길 2 1층,02-1577-8007,강원특별자치도 춘천시청,033-250-4043,2025-07-14
씨유(CU)춘천둥지점,편의점,편의점,강원특별자치도,춘천시,4181000,강원특별자치도 춘천시 둥지길 8 .,02-1577-8007,강원특별자치도 춘천시청,033-250-4043,2025-07-14
씨유(CU)춘천사농현대점,편의점,편의점,강원특별자치도,춘천시,4181000,강원특별자치도 춘천시 영서로 2918 105호,02-1577-8007,강원특별자치도 춘천시청,033-250-4043,2025-07-14
씨유(CU)춘천세경플러스점,편의점,편의점,강원특별자치도,춘천시,4181000,강원특별자치도 춘천시 백령로 177 1층,02-1577-8007,강원특별자치도 춘천시청,033-250-4043,2025-07-14
씨유(CU)춘천신우아파트점,편의점,편의점,강원특별자치도,춘천시,4181000,"강원특별자치도 춘천시 공지로 111 상가동 111,112호",02-1577-8007,강원특별자치도 춘천시청,033-250-4043,2025-07-14
씨유(CU)춘천중앙점,편의점,편의점,강원특별자치도,춘천시,4181000,강원특별자치도 춘천시 중앙로 125 1층,02-1577-8007,강원특별자치도 춘천시청,033-250-4043,2025-07-14
씨유(CU)춘천중앙하이츠점,편의점,편의점,강원특별자치도,춘천시,4181000,강원특별자치도 춘천시 김유정로 1881 1층102호,02-1577-8007,강원특별자치도 춘천시청,033-250-4043,2025-07-14
씨유(CU)춘천청운길점,편의점,편의점,강원특별자치도,춘천시,4181000,강원특별자치도 춘천시 청운길29번길 2 1층,02-1577-8007,강원특별자치도 춘천시청,033-250-4043,2025-07-14
씨유(CU)춘천충혼길점,편의점,편의점,강원특별자치도,춘천시,4181000,강원특별자치도 춘천시 충혼길 54 .,02-1577-8007,강원특별자치도 춘천시청,033-250-4043,2025-07-14
씨유(CU)춘천퇴계하모니점,편의점,편의점,강원특별자치도,춘천시,4181000,강원특별자치도 춘천시 남춘로36번길 44 1층 (퇴계동),02-1577-8007,강원특별자치도 춘천시청,033-250-4043,2025-07-14
씨유(CU)춘천후석로점,편의점,편의점,강원특별자치도,춘천시,4181000,강원특별자치도 춘천시 후석로 376 .,033-251-3753,강원특별자치도 춘천시청,033-250-4043,2025-07-14
씨유(CU)춘천후평동광점,편의점,편의점,강원특별자치도,춘천시,4181000,강원특별자치도 춘천시 동광길 15 1층,02-1577-8007,강원특별자치도 춘천시청,033-250-4043,2025-07-14
씨유(CU)현대장미셀프점,편의점,편의점,강원특별자치도,춘천시,4181000,강원특별자치도 춘천시 영서로 2241 .,02-1577-8007,강원특별자치도 춘천시청,033-250-4043,2025-07-14
씨유(CU)현대춘천제일점,편의점,편의점,강원특별자치도,춘천시,4181000,강원특별자치도 춘천시 영서로 1923 .,02-1577-8007,강원특별자치도 춘천시청,033-250-4043,2025-07-14
씨유(CU)후평인공폭포점,편의점,편의점,강원특별자치도,춘천시,4181000,강원특별자치도 춘천시 후석로 260 1층,02-1577-8007,강원특별자치도 춘천시청,033-250-4043,2025-07-14
씨유강대에이스점,편의점,편의점,강원특별자치도,춘천시,4181000,강원특별자치도춘천시 백령로 139 (효자동),033-254-0127,강원특별자치도 춘천시청,033-250-4043,2025-07-14
씨유거두점,편의점,편의점,강원특별자치도,춘천시,4181000,강원특별자치도춘천시 동내면 거두택지길 20,033-261-2270,강원특별자치도 춘천시청,033-250-4043,2025-07-14
씨유춘천강촌역점,편의점,편의점,강원특별자치도,춘천시,4181000,"강원특별자치도춘천시 남산면 강촌로 143, 1층",070-4252-8090,강원특별자치도 춘천시청,033-250-4043,2025-07-14
씨유춘천대학로점,편의점,편의점,강원특별자치도,춘천시,4181000,강원특별자치도춘천시 백령로 111 (효자동),033-256-1199,강원특별자치도 춘천시청,033-250-4043,2025-07-14
씨유춘천동부시장점,편의점,편의점,강원특별자치도,춘천시,4181000,강원특별자치도춘천시 춘천로185번길 16-8 (운교동),033-252-5984,강원특별자치도 춘천시청,033-250-4043,2025-07-14
씨유춘천서부점,편의점,편의점,강원특별자치도,춘천시,4181000,강원특별자치도춘천시 새롬공원길5번길 38 (석사동),033-264-2145,강원특별자치도 춘천시청,033-250-4043,2025-07-14
씨유춘천석사중앙점,편의점,편의점,강원특별자치도,춘천시,4181000,강원특별자치도춘천시 벌말길 90 (석사동),033-261-8858,강원특별자치도 춘천시청,033-250-4043,2025-07-14
씨유춘천스무숲점,편의점,편의점,강원특별자치도,춘천시,4181000,강원특별자치도춘천시 스무숲길 35 (석사동),033-261-5886,강원특별자치도 춘천시청,033-250-4043,2025-07-14
씨유춘천시외버스터미널점,편의점,편의점,강원특별자치도,춘천시,4181000,"강원특별자치도춘천시 경춘로 2341, 터미널내 1층 (온의동)",033-253-2283,강원특별자치도 춘천시청,033-250-4043,2025-07-14
씨유춘천우두점,편의점,편의점,강원특별자치도,춘천시,4181000,강원특별자치도춘천시 영서로2753번길 36 (우두동),033-241-0799,강원특별자치도 춘천시청,033-250-4043,2025-07-14
씨유춘천운교로타리점,편의점,편의점,강원특별자치도,춘천시,4181000,강원특별자치도춘천시 금강로 114 (운교동),033-256-5002,강원특별자치도 춘천시청,033-250-4043,2025-07-14
씨유춘천제일점,편의점,편의점,강원특별자치도,춘천시,4181000,강원특별자치도춘천시 우석로 65 (석사동),033-263-2306,강원특별자치도 춘천시청,033-250-4043,2025-07-14
씨유춘천퇴계공단점,편의점,편의점,강원특별자치도,춘천시,4181000,강원특별자치도춘천시 퇴계농공로 75 (퇴계동),033-242-9278,강원특별자치도 춘천시청,033-250-4043,2025-07-14
씨유춘천퇴계점,편의점,편의점,강원특별자치도,춘천시,4181000,강원특별자치도춘천시 행촌로 30 (퇴계동),033-253-3213,강원특별자치도 춘천시청,033-250-4043,2025-07-14
씨유춘천한림대점,편의점,편의점,강원특별자치도,춘천시,4181000,강원특별자치도춘천시 삭주로 72 (교동),033-255-2137,강원특별자치도 춘천시청,033-250-4043,2025-07-14
씨유춘천한주점,편의점,편의점,강원특별자치도,춘천시,4181000,강원특별자치도춘천시 안마산로 219 (퇴계동),033-257-4003,강원특별자치도 춘천시청,033-250-4043,2025-07-14
씨유춘천효자중앙점,편의점,편의점,강원특별자치도,춘천시,4181000,강원특별자치도춘천시 성심로35번길 2 (효자동),070-8830-3451,강원특별자치도 춘천시청,033-250-4043,2025-07-14
씨유춘천후평동아점,편의점,편의점,강원특별자치도,춘천시,4181000,"강원특별자치도춘천시 서부대성로 327, 상가동 106호 107호 108호 (후평동, 동아아파트)",033-255-8741,강원특별자치도 춘천시청,033-250-4043,2025-07-14
씨유춘천후평세경점,편의점,편의점,강원특별자치도,춘천시,4181000,강원특별자치도춘천시 삭주로 126-1 (후평동),070-7536-0260,강원특별자치도 춘천시청,033-250-4043,2025-07-14
아가사식당,일반가맹점,양식,강원특별자치도,춘천시,4181000,강원특별자치도 춘천시 중앙로77번길 39-2 다동 302호,,강원특별자치도 춘천시청,033-250-4043,2025-07-14
아녹도,일반가맹점,일반대중음식,강원특별자치도,춘천시,4181000,강원특별자치도 춘천시 서부대성로 184 1층,,강원특별자치도 춘천시청,033-250-4043,2025-07-14
아띠,일반가맹점,일반대중음식,강원특별자치도,춘천시,4181000,강원특별자치도춘천시 삭주로 191 (후평동),033-251-4639,강원특별자치도 춘천시청,033-250-4043,2025-07-14
아띠몽춘천점,일반가맹점,일반대중음식,강원특별자치도,춘천시,4181000,강원특별자치도 춘천시 후석로 326 1층,033-253-5251,강원특별자치도 춘천시청,033-250-4043,2025-07-14
아르미과자점,일반가맹점,일반대중음식,강원특별자치도,춘천시,4181000,강원특별자치도 춘천시 번개시장길 32 1층 110호,070-4238-6005,강원특별자치도 춘천시청,033-250-4043,2025-07-14
아름다운식당(춘천시니어클럽),일반가맹점,한식,강원특별자치도,춘천시,4181000,강원특별자치도춘천시 애막골길20번길 23-1 (석사동),033-261-4196,강원특별자치도 춘천시청,033-250-4043,2025-07-14
아름찬,일반가맹점,한식,강원특별자치도,춘천시,4181000,강원특별자치도 춘천시 효평길 100 1층(후평동),033-243-7770,강원특별자치도 춘천시청,033-250-4043,2025-07-14
아리랑떡볶이,일반가맹점,한식,강원특별자치도,춘천시,4181000,"강원특별자치도춘천시 후석로46번길 20 (석사동,1층)",033-261-8291,강원특별자치도 춘천시청,033-250-4043,2025-07-14
아리랑떡볶이,일반가맹점,한식,강원특별자치도,춘천시,4181000,"강원특별자치도춘천시 삭주로 72, 2층 (교동)",033-256-8191,강원특별자치도 춘천시청,033-250-4043,2025-07-14
아망떼과자점,일반가맹점,제과점,강원특별자치도,춘천시,4181000,강원특별자치도춘천시 효제길 22 (효자동),033-257-5336,강원특별자치도 춘천시청,033-250-4043,2025-07-14
아메리칸트레이 춘천온의점,일반가맹점,일반대중음식,강원특별자치도,춘천시,4181000,강원특별자치도 춘천시 방송길 77 춘천센트럴타워 푸르지오 1층,070-7817-8843,강원특별자치도 춘천시청,033-250-4043,2025-07-14
아보카도,일반가맹점,일반대중음식,강원특별자치도,춘천시,4181000,"강원특별자치도춘천시 약사고개길50번길 25, 2층 (약사동)",033-242-8188,강원특별자치도 춘천시청,033-250-4043,2025-07-14
아비꼬 춘천cgv점,일반가맹점,한식,강원특별자치도,춘천시,4181000,강원특별자치도 춘천시 퇴계농공로 13 1층,033-264-6645,강원특별자치도 춘천시청,033-250-4043,2025-07-14
아빠가떡뽑는집,일반가맹점,한식,강원특별자치도,춘천시,4181000,강원특별자치도 춘천시 모수물길 64-2 1층(소양로2가),,강원특별자치도 춘천시청,033-250-4043,2025-07-14
아사도(ASADO),일반가맹점,한식,강원특별자치도,춘천시,4181000,강원특별자치도 춘천시 영서로 2600 2층,,강원특별자치도 춘천시청,033-250-4043,2025-07-14
아시안피자 석사퇴계점,일반가맹점,양식,강원특별자치도,춘천시,4181000,"강원특별자치도춘천시 춘주로 104, 1층 (온의동)",033-257-5519,강원특별자치도 춘천시청,033-250-4043,2025-07-14
아써르티,일반가맹점,일반대중음식,강원특별자치도,춘천시,4181000,강원특별자치도 춘천시 서부대성로 249 1층,,강원특별자치도 춘천시청,033-250-4043,2025-07-14
아오하루,일반가맹점,한식,강원특별자치도,춘천시,4181000,강원특별자치도 춘천시 우석로79번길 15-4 1층 (석사동),033-263-7003,강원특별자치도 춘천시청,033-250-4043,2025-07-14
아우라지,일반가맹점,한식,강원특별자치도,춘천시,4181000,강원특별자치도춘천시 낙원길 34-1 (중앙로2가),033-242-0433,강원특별자치도 춘천시청,033-250-4043,2025-07-14
아울(OWL),일반가맹점,일반대중음식,강원특별자치도,춘천시,4181000,"강원특별자치도 춘천시 동내면 거두길 127-7 2,3층",,강원특별자치도 춘천시청,033-250-4043,2025-07-14
아워테이스트,일반가맹점,일반대중음식,강원특별자치도,춘천시,4181000,강원특별자치도 춘천시 옥천길40번길 14 1층,063-123-4567,강원특별자치도 춘천시청,033-250-4043,2025-07-14
아이손유아요리학교춘천점,일반가맹점,일반대중음식,강원특별자치도,춘천시,4181000,강원특별자치도 춘천시 동면 춘천로449번길 15-4 1층,033-253-9856,강원특별자치도 춘천시청,033-250-4043,2025-07-14
아이스쿨,일반가맹점,일반대중음식,강원특별자치도,춘천시,4181000,강원특별자치도 춘천시 애막골길11번길 32-1 (석사동),033-264-8999,강원특별자치도 춘천시청,033-250-4043,2025-07-14
아이스클럽,일반가맹점,일반대중음식,강원특별자치도,춘천시,4181000,"강원특별자치도 춘천시 후석로 120 , 2층 215호",070-7602-4491,강원특별자치도 춘천시청,033-250-4043,2025-07-14
아이지에이마트 춘천 베네치아점,편의점,편의점,강원특별자치도,춘천시,4181000,강원특별자치도 춘천시 효자로 136 1-4 1-5호,,강원특별자치도 춘천시청,033-250-4043,2025-07-14
아재네구이,일반가맹점,한식,강원특별자치도,춘천시,4181000,강원특별자치도 춘천시 행촌로 45 1층,033-243-9111,강원특별자치도 춘천시청,033-250-4043,2025-07-14
아재돈까스 옛날치킨,일반가맹점,일반대중음식,강원특별자치도,춘천시,4181000,"강원특별자치도춘천시 후만로116번길 7, 1층 (후평동)",033-256-9295,강원특별자치도 춘천시청,033-250-4043,2025-07-14
아재돈까스우두점,일반가맹점,일반대중음식,강원특별자치도,춘천시,4181000,강원특별자치도 춘천시 충열로67번길 11 1층,,강원특별자치도 춘천시청,033-250-4043,2025-07-14
아재불닭발,일반가맹점,일반대중음식,강원특별자치도,춘천시,4181000,"강원특별자치도춘천시 우묵길74번길 24, 1층 (퇴계동)",033-257-9991,강원특별자치도 춘천시청,033-250-4043,2025-07-14
아재쭈꾸미,일반가맹점,한식,강원특별자치도,춘천시,4181000,강원특별자치도 춘천시 애막골길11번길 10 1층,033-261-5546,강원특별자치도 춘천시청,033-250-4043,2025-07-14
아줌마숯불갈비,일반가맹점,한식,강원특별자치도,춘천시,4181000,강원특별자치도춘천시 춘천로 311 (후평동),033-253-1363,강원특별자치도 춘천시청,033-250-4043,2025-07-14
아지트,일반가맹점,한식,강원특별자치도,춘천시,4181000,강원특별자치도춘천시 춘천로 277-1 (후평동),033-254-2894,강원특별자치도 춘천시청,033-250-4043,2025-07-14
아짙오공일,일반가맹점,일반대중음식,강원특별자치도,춘천시,4181000,강원특별자치도 춘천시 서부대성로 224 2층(효자동),,강원특별자치도 춘천시청,033-250-4043,2025-07-14
아침밥상,일반가맹점,한식,강원특별자치도,춘천시,4181000,강원특별자치도춘천시 후석로393번길 27-1 (후평동),033-243-0525,강원특별자치도 춘천시청,033-250-4043,2025-07-14
아침볕봉황권역영농조합법인,일반가맹점,한식,강원특별자치도,춘천시,4181000,강원특별자치도춘천시 동산면 조양길 192,033-262-6685,강원특별자치도 춘천시청,033-250-4043,2025-07-14
아침해칼국수,일반가맹점,한식,강원특별자치도,춘천시,4181000,강원특별자치도춘천시 영서로 3037 (사농동),033-207-2377,강원특별자치도 춘천시청,033-250-4043,2025-07-14
아키친,일반가맹점,일반대중음식,강원특별자치도,춘천시,4181000,강원특별자치도춘천시 충혼길52번길 19 (온의동),,강원특별자치도 춘천시청,033-250-4043,2025-07-14
안가네밥집,일반가맹점,한식,강원특별자치도,춘천시,4181000,강원특별자치도 춘천시 남춘로25번길 4-1 1층,033-255-0528,강원특별자치도 춘천시청,033-250-4043,2025-07-14
안골,일반가맹점,한식,강원특별자치도,춘천시,4181000,"강원특별자치도춘천시 효자로124번길 20, 1층 (효자동)",033-257-9989,강원특별자치도 춘천시청,033-250-4043,2025-07-14
안골설렁탕,일반가맹점,한식,강원특별자치도,춘천시,4181000,"강원특별자치도춘천시 남면 충효로 801, 1층",031-528-2299,강원특별자치도 춘천시청,033-250-4043,2025-07-14
안녕도시락,일반가맹점,일반대중음식,강원특별자치도,춘천시,4181000,강원특별자치도춘천시 만천로249번길 11-1 102호 (후평동),,강원특별자치도 춘천시청,033-250-4043,2025-07-14
안녕퇴계동,일반가맹점,일반대중음식,강원특별자치도,춘천시,4181000,강원특별자치도 춘천시 남춘로5번길 14-1 1층(퇴계동),,강원특별자치도 춘천시청,033-250-4043,2025-07-14
안다미로,일반가맹점,한식,강원특별자치도,춘천시,4181000,강원특별자치도 춘천시 우두상리4길 20 .,033-252-1577,강원특별자치도 춘천시청,033-250-4043,2025-07-14
안동반점,일반가맹점,중식,강원특별자치도,춘천시,4181000,강원특별자치도춘천시 중앙로 168-1 (근화동),033-256-5214,강원특별자치도 춘천시청,033-250-4043,2025-07-14
안동본가국밥 신북점,일반가맹점,한식,강원특별자치도,춘천시,4181000,강원특별자치도 춘천시 신북읍 신북로 237 1층,,강원특별자치도 춘천시청,033-250-4043,2025-07-14
안동본가국밥(춘천점),일반가맹점,한식,강원특별자치도,춘천시,4181000,강원특별자치도춘천시 솟발1길 4-73 (퇴계동),033-263-8898,강원특별자치도 춘천시청,033-250-4043,2025-07-14
안동본가국밥신북점,일반가맹점,한식,강원특별자치도,춘천시,4181000,강원특별자치도 춘천시 신북읍 신북로 237 1층,,강원특별자치도 춘천시청,033-250-4043,2025-07-14
안스게장춘천대박점,일반가맹점,일반대중음식,강원특별자치도,춘천시,4181000,강원특별자치도 춘천시 우묵길78번길 3 1층,033-255-9252,강원특별자치도 춘천시청,033-250-4043,2025-07-14
알마(ALMA),일반가맹점,양식,강원특별자치도,춘천시,4181000,강원특별자치도 춘천시 우두5길 2 1층,033-910-1212,강원특별자치도 춘천시청,033-250-4043,2025-07-14
알밤이밥상,일반가맹점,한식,강원특별자치도,춘천시,4181000,강원특별자치도 춘천시 가연길 5 (소양로4가),033-242-1318,강원특별자치도 춘천시청,033-250-4043,2025-07-14
알베로,일반가맹점,양식,강원특별자치도,춘천시,4181000,강원특별자치도 춘천시 안마산로 169-3 101호,033-262-2100,강원특별자치도 춘천시청,033-250-4043,2025-07-14
앗싸곱창우두점,일반가맹점,한식,강원특별자치도,춘천시,4181000,강원특별자치도 춘천시 충열로16번길 21-3 (우두동),033-257-2570,강원특별자치도 춘천시청,033-250-4043,2025-07-14
앞마당숯불갈비,일반가맹점,한식,강원특별자치도,춘천시,4181000,강원특별자치도춘천시 퇴계동 11토지24블럭4롯트,033-252-9599,강원특별자치도 춘천시청,033-250-4043,2025-07-14
애니닭갈비,일반가맹점,일반대중음식,강원특별자치도,춘천시,4181000,"강원특별자치도춘천시 서면 박사로 863, 2층",033-243-5656,강원특별자치도 춘천시청,033-250-4043,2025-07-14
애디스,일반가맹점,제과점,강원특별자치도,춘천시,4181000,강원특별자치도춘천시 동내면 학곡리 306-17,033-261-7434,강원특별자치도 춘천시청,033-250-4043,2025-07-14
애막골 갈비김밥,일반가맹점,일반대중음식,강원특별자치도,춘천시,4181000,강원특별자치도 춘천시 사우로 46 1층(왼쪽상가)(사농동),,강원특별자치도 춘천시청,033-250-4043,2025-07-14
애막골상회,일반가맹점,일반대중음식,강원특별자치도,춘천시,4181000,강원특별자치도 춘천시 우석로79번길 11-11 101호,,강원특별자치도 춘천시청,033-250-4043,2025-07-14
애막골오징어천국,일반가맹점,한식,강원특별자치도,춘천시,4181000,강원특별자치도 춘천시 애막골길11번길 33 1층,033-250-3728,강원특별자치도 춘천시청,033-250-4043,2025-07-14
애막골진미감자탕,일반가맹점,한식,강원특별자치도,춘천시,4181000,강원특별자치도춘천시 우석로79번길 12-19 (석사동),033-262-2605,강원특별자치도 춘천시청,033-250-4043,2025-07-14
애막골횟집,일반가맹점,일식,강원특별자치도,춘천시,4181000,강원특별자치도춘천시 세실로192번길 8-8 (후평동),033-252-7775,강원특별자치도 춘천시청,033-250-4043,2025-07-14
애플꼬마김밥 춘천점,일반가맹점,일반대중음식,강원특별자치도,춘천시,4181000,"강원특별자치도 춘천시 후석로 296 , 1층",033-241-3555,강원특별자치도 춘천시청,033-250-4043,2025-07-14
애플스타,일반가맹점,일반대중음식,강원특별자치도,춘천시,4181000,강원특별자치도 춘천시 충혼길52번길 19-10 1층(온의동),,강원특별자치도 춘천시청,033-250-4043,2025-07-14
야미마라탕,일반가맹점,중식,강원특별자치도,춘천시,4181000,"강원특별자치도 춘천시 퇴계농공로 9 101, 102호",033-263-0045,강원특별자치도 춘천시청,033-250-4043,2025-07-14
야미푸드,일반가맹점,양식,강원특별자치도,춘천시,4181000,강원특별자치도 춘천시 세실로208번길 7-9 1층 (후평동),,강원특별자치도 춘천시청,033-250-4043,2025-07-14
야키니후평,일반가맹점,일식,강원특별자치도,춘천시,4181000,강원특별자치도 춘천시 후석로326번길 12 105호(후평동),033-253-0803,강원특별자치도 춘천시청,033-250-4043,2025-07-14
약사불고기,일반가맹점,한식,강원특별자치도,춘천시,4181000,강원특별자치도 춘천시 퇴계로145번길 11-8 .,033-256-3139,강원특별자치도 춘천시청,033-250-4043,2025-07-14
약사천가든,일반가맹점,한식,강원특별자치도,춘천시,4181000,강원특별자치도춘천시 중앙로67번길 57-1 (약사동),033-241-8305,강원특별자치도 춘천시청,033-250-4043,2025-07-14
약사촌닭갈비,일반가맹점,한식,강원특별자치도,춘천시,4181000,강원특별자치도춘천시 공지로 384-9 (약사동),033-243-5627,강원특별자치도 춘천시청,033-250-4043,2025-07-14
약수터붕어찜,일반가맹점,한식,강원특별자치도,춘천시,4181000,강원특별자치도춘천시 송암길 45 (송암동),033-261-2661,강원특별자치도 춘천시청,033-250-4043,2025-07-14
얌샘김밥춘천하이테크타워점,일반가맹점,한식,강원특별자치도,춘천시,4181000,"강원특별자치도 춘천시 후석로420번길 7 춘천하이테크타워 A 동 1층 105호, 106호",033-256-0317,강원특별자치도 춘천시청,033-250-4043,2025-07-14
양구네 시래기 해장국,일반가맹점,한식,강원특별자치도,춘천시,4181000,강원특별자치도 춘천시 남산면 강촌로 64 1층,033-261-1383,강원특별자치도 춘천시청,033-250-4043,2025-07-14
양구재래식손두부,일반가맹점,한식,강원특별자치도,춘천시,4181000,강원특별자치도춘천시 동면 가산로 59,033-242-4473,강원특별자치도 춘천시청,033-250-4043,2025-07-14
양구함흥손냉면,일반가맹점,한식,강원특별자치도,춘천시,4181000,강원특별자치도춘천시 스무숲1길 42-5 (석사동),033-263-5582,강원특별자치도 춘천시청,033-250-4043,2025-07-14
양반청국장막국수,일반가맹점,한식,강원특별자치도,춘천시,4181000,강원특별자치도춘천시 신북읍 천전리 262-1,033-242-0649,강원특별자치도 춘천시청,033-250-4043,2025-07-14
양지뜨락,일반가맹점,한식,강원특별자치도,춘천시,4181000,강원특별자치도춘천시 동면 만천양지길 114,033-244-6690,강원특별자치도 춘천시청,033-250-4043,2025-07-14
양지말,일반가맹점,한식,강원특별자치도,춘천시,4181000,강원특별자치도 춘천시 서면 방동2길 90 1층,033-242-8847,강원특별자치도 춘천시청,033-250-4043,2025-07-14
양지사골곰탕,일반가맹점,한식,강원특별자치도,춘천시,4181000,강원특별자치도 춘천시 퇴계로 129-19 1층,033-262-5242,강원특별자치도 춘천시청,033-250-4043,2025-07-14
양지식당,일반가맹점,한식,강원특별자치도,춘천시,4181000,강원특별자치도춘천시 스무숲4길 5-1 (석사동),033-263-0704,강원특별자치도 춘천시청,033-250-4043,2025-07-14
양지촌 (네스트),일반가맹점,한식,강원특별자치도,춘천시,4181000,강원특별자치도 춘천시 남산면 서천길 145 .,,강원특별자치도 춘천시청,033-250-4043,2025-07-14
양철집,일반가맹점,한식,강원특별자치도,춘천시,4181000,강원특별자치도춘천시 남춘로 64 (효자동),033-261-4799,강원특별자치도 춘천시청,033-250-4043,2025-07-14
양키스 푸드,일반가맹점,일반대중음식,강원특별자치도,춘천시,4181000,강원특별자치도 춘천시 동내면 거두택지길4번길 19-11 102호,,강원특별자치도 춘천시청,033-250-4043,2025-07-14
양평신내서울해장국,일반가맹점,한식,강원특별자치도,춘천시,4181000,"강원특별자치도춘천시 우석로4번길 11, 1층 (석사동)",033-263-0771,강원특별자치도 춘천시청,033-250-4043,2025-07-14
양평토속해장국,일반가맹점,한식,강원특별자치도,춘천시,4181000,강원특별자치도춘천시 동면 가산로 91,033-242-3501,강원특별자치도 춘천시청,033-250-4043,2025-07-14
양평해장국,일반가맹점,한식,강원특별자치도,춘천시,4181000,강원특별자치도춘천시 남산면 강촌로 260,033-262-9260,강원특별자치도 춘천시청,033-250-4043,2025-07-14
양평해장국,일반가맹점,한식,강원특별자치도,춘천시,4181000,강원특별자치도 춘천시 효자로 20 1층,,강원특별자치도 춘천시청,033-250-4043,2025-07-14
어구어,일반가맹점,한식,강원특별자치도,춘천시,4181000,강원특별자치도 춘천시 소양로183번길 1 1층,,강원특별자치도 춘천시청,033-250-4043,2025-07-14
어라운드 에프앤비,일반가맹점,일반대중음식,강원특별자치도,춘천시,4181000,강원특별자치도 춘천시 하중도길 128 춘천시 중도동 460,033-8793-9662,강원특별자치도 춘천시청,033-250-4043,2025-07-14
어라운드마켓,일반가맹점,양식,강원특별자치도,춘천시,4181000,"강원특별자치도춘천시 시청길12번길 17-1, 1,2층 (조양동)",033-243-4002,강원특별자치도 춘천시청,033-250-4043,2025-07-14
어라운드맘스,일반가맹점,양식,강원특별자치도,춘천시,4181000,"강원특별자치도춘천시 사우4길 36, 3층 (사농동)",033-254-4002,강원특별자치도 춘천시청,033-250-4043,2025-07-14
어라운드치킨 요선점,일반가맹점,일반대중음식,강원특별자치도,춘천시,4181000,"강원특별자치도춘천시 서부대성로44번길 13, (요선동)",033-254-4366,강원특별자치도 춘천시청,033-250-4043,2025-07-14
어라운드키친,일반가맹점,양식,강원특별자치도,춘천시,4181000,강원특별자치도 춘천시 동면 만천로 114-3 1층,033-254-4002,강원특별자치도 춘천시청,033-250-4043,2025-07-14
어머니순대국,일반가맹점,한식,강원특별자치도,춘천시,4181000,강원특별자치도춘천시 동부시장길 8 (운교동),033-255-7673,강원특별자치도 춘천시청,033-250-4043,2025-07-14
어반벨리,일반가맹점,일반대중음식,강원특별자치도,춘천시,4181000,강원특별자치도 춘천시 백령로 184 1층,033-252-0540,강원특별자치도 춘천시청,033-250-4043,2025-07-14
어반스트릿,일반가맹점,양식,강원특별자치도,춘천시,4181000,강원특별자치도 춘천시 동면 춘천로449번길 15 1층,033-252-3555,강원특별자치도 춘천시청,033-250-4043,2025-07-14
어반스트릿 컨템포러리,일반가맹점,양식,강원특별자치도,춘천시,4181000,강원특별자치도 춘천시 동내면 거두택지길 65-1 1층,033-261-5700,강원특별자치도 춘천시청,033-250-4043,2025-07-14
어방어점,일반가맹점,한식,강원특별자치도,춘천시,4181000,강원특별자치도춘천시 퇴계동 11토지10블럭2롯트,033-255-9514,강원특별자치도 춘천시청,033-250-4043,2025-07-14
어부야,일반가맹점,일반대중음식,강원특별자치도,춘천시,4181000,강원특별자치도 춘천시 부평길8번길 1 1층(후평동),,강원특별자치도 춘천시청,033-250-4043,2025-07-14
어스17,일반가맹점,일반대중음식,강원특별자치도,춘천시,4181000,"강원특별자치도 춘천시 신북읍 신샘밭로 766 1,2층",033-244-7877,강원특별자치도 춘천시청,033-250-4043,2025-07-14
어우러지,일반가맹점,한식,강원특별자치도,춘천시,4181000,강원특별자치도춘천시 서부대성로 247 (효자동),033-256-5694,강원특별자치도 춘천시청,033-250-4043,2025-07-14
어쩌다감자탕,일반가맹점,한식,강원특별자치도,춘천시,4181000,강원특별자치도 춘천시 퇴계로145번길 15-5 1층,033-264-7009,강원특별자치도 춘천시청,033-250-4043,2025-07-14
어쩌다농부,일반가맹점,양식,강원특별자치도,춘천시,4181000,강원특별자치도 춘천시 중앙로77번길 35 1층,033-251-1018,강원특별자치도 춘천시청,033-250-4043,2025-07-14
어촌가든,일반가맹점,한식,강원특별자치도,춘천시,4181000,강원특별자치도춘천시 요선동 서부대성로44번길 4,033-254-9526,강원특별자치도 춘천시청,033-250-4043,2025-07-14
어촌밥상 생선조림 전문점,일반가맹점,한식,강원특별자치도,춘천시,4181000,강원특별자치도춘천시 남춘천길 38 (퇴계동),033-243-8259,강원특별자치도 춘천시청,033-250-4043,2025-07-14
언니네 뒷고기,일반가맹점,한식,강원특별자치도,춘천시,4181000,강원특별자치도 춘천시 보안길 71 101호,033-242-0304,강원특별자치도 춘천시청,033-250-4043,2025-07-14
언덕집,일반가맹점,일반대중음식,강원특별자치도,춘천시,4181000,강원특별자치도 춘천시 금강로83번길 6 2층,033-256-2220,강원특별자치도 춘천시청,033-250-4043,2025-07-14
언덕회집,일반가맹점,한식,강원특별자치도,춘천시,4181000,강원특별자치도춘천시 서면 영서로 3857,033-244-4826,강원특별자치도 춘천시청,033-250-4043,2025-07-14
언아웃,일반가맹점,일반대중음식,강원특별자치도,춘천시,4181000,"강원특별자치도 춘천시 중앙로67번길 18 2동 2층 2210,2211호",,강원특별자치도 춘천시청,033-250-4043,2025-07-14
엄대장네,일반가맹점,한식,강원특별자치도,춘천시,4181000,강원특별자치도 춘천시 보안길 50-1 1층,033-253-2644,강원특별자치도 춘천시청,033-250-4043,2025-07-14
엄마네,일반가맹점,한식,강원특별자치도,춘천시,4181000,강원특별자치도춘천시 서부대성로239번길 33 (후평동),033-251-7754,강원특별자치도 춘천시청,033-250-4043,2025-07-14
엄마분식,일반가맹점,한식,강원특별자치도,춘천시,4181000,"강원특별자치도춘천시 우두1길 61, 1층 (우두동)",033-251-6787,강원특별자치도 춘천시청,033-250-4043,2025-07-14
엄마뷔페,일반가맹점,일반대중음식,강원특별자치도,춘천시,4181000,"강원특별자치도춘천시 서부대성로 195, 101호 (효자동)",033-251-1222,강원특별자치도 춘천시청,033-250-4043,2025-07-14
엄마생각,일반가맹점,한식,강원특별자치도,춘천시,4181000,"강원특별자치도춘천시 춘천순환로 42, 104호 삼익세라믹상가 (석사동, 삼익1차아파트)",033-261-2232,강원특별자치도 춘천시청,033-250-4043,2025-07-14
엄마손감자탕,일반가맹점,한식,강원특별자치도,춘천시,4181000,강원특별자치도춘천시 우묵길78번길 24 (퇴계동),033-244-1466,강원특별자치도 춘천시청,033-250-4043,2025-07-14
엄마손맛,일반가맹점,한식,강원특별자치도,춘천시,4181000,"강원특별자치도춘천시 춘천로185번길 6-3, 1층 (운교동)",033-241-5179,강원특별자치도 춘천시청,033-250-4043,2025-07-14
엄마손맛,일반가맹점,한식,강원특별자치도,춘천시,4181000,"강원특별자치도춘천시 칠전서길 42-18, 1층 (칠전동)",033-263-9023,강원특별자치도 춘천시청,033-250-4043,2025-07-14
엄마손분식,일반가맹점,한식,강원특별자치도,춘천시,4181000,강원특별자치도 춘천시 행촌로 11 106호,033-241-6521,강원특별자치도 춘천시청,033-250-4043,2025-07-14
엄마손식당,일반가맹점,한식,강원특별자치도,춘천시,4181000,강원특별자치도춘천시 삭주로 67 (교동),033-256-6220,강원특별자치도 춘천시청,033-250-4043,2025-07-14
엄마손칼국수,일반가맹점,한식,강원특별자치도,춘천시,4181000,강원특별자치도춘천시 퇴계로145번길 7-7 (퇴계동),033-241-1668,강원특별자치도 춘천시청,033-250-4043,2025-07-14
엄마의부엌,일반가맹점,한식,강원특별자치도,춘천시,4181000,강원특별자치도 춘천시 중앙로 166 .1층 103호,,강원특별자치도 춘천시청,033-250-4043,2025-07-14
엄마의손길,일반가맹점,한식,강원특별자치도,춘천시,4181000,"강원특별자치도춘천시 공지로 218, 1층 (효자동)",033-262-1994,강원특별자치도 춘천시청,033-250-4043,2025-07-14
엄마집밥,일반가맹점,한식,강원특별자치도,춘천시,4181000,강원특별자치도 춘천시 서부대성로173번길 3 지하1층(효자동),,강원특별자치도 춘천시청,033-250-4043,2025-07-14
엄마찬스,일반가맹점,식품잡화,강원특별자치도,춘천시,4181000,강원특별자치도 춘천시 동면 춘천로449번길 20-4 101호,033-244-0712,강원특별자치도 춘천시청,033-250-4043,2025-07-14
엄지척계란빵토스트,일반가맹점,일반대중음식,강원특별자치도,춘천시,4181000,강원특별자치도 춘천시 영서로 2527 평창동계올림픽G-200불꽃축제행사장도로구간,,강원특별자치도 춘천시청,033-250-4043,2025-07-14
엉생무한리필,일반가맹점,한식,강원특별자치도,춘천시,4181000,강원특별자치도 춘천시 중앙로 64 2층,033-256-4391,강원특별자치도 춘천시청,033-250-4043,2025-07-14
엉클스게스트하우스,일반가맹점,한식,강원특별자치도,춘천시,4181000,강원특별자치도 춘천시 남산면 북한강변길 18 1층,,강원특별자치도 춘천시청,033-250-4043,2025-07-14
엉터리 해장국 춘천점,일반가맹점,한식,강원특별자치도,춘천시,4181000,강원특별자치도 춘천시 춘천로 205 1층,033-256-2824,강원특별자치도 춘천시청,033-250-4043,2025-07-14
엉터리식당,일반가맹점,한식,강원특별자치도,춘천시,4181000,강원특별자치도 춘천시 안마산로 222 지하,033-263-8707,강원특별자치도 춘천시청,033-250-4043,2025-07-14
에그2000춘천점,일반가맹점,일반대중음식,강원특별자치도,춘천시,4181000,강원특별자치도 춘천시 서부대성로 38 1층 101호,033-254-2202,강원특별자치도 춘천시청,033-250-4043,2025-07-14
에그드랍,일반가맹점,일반대중음식,강원특별자치도,춘천시,4181000,강원특별자치도 춘천시 지석로 85 109호,,강원특별자치도 춘천시청,033-250-4043,2025-07-14
에그드랍 강원대점,일반가맹점,일반대중음식,강원특별자치도,춘천시,4181000,강원특별자치도 춘천시 서부대성로 239 1층(효자동),,강원특별자치도 춘천시청,033-250-4043,2025-07-14
에스키샤하르(ESKISHAHAR),일반가맹점,일반대중음식,강원특별자치도,춘천시,4181000,강원특별자치도 춘천시 서부대성로206번길 15 1층,,강원특별자치도 춘천시청,033-250-4043,2025-07-14
에이셉피자 춘천점(ASAP PIZZA),일반가맹점,패스트푸드,강원특별자치도,춘천시,4181000,"강원특별자치도 춘천시 명동길 26-1 ,1층(중앙로2가)",,강원특별자치도 춘천시청,033-250-4043,2025-07-14
에티오피아,일반가맹점,양식,강원특별자치도,춘천시,4181000,"강원특별자치도춘천시 이디오피아길 7, 1층 (근화동)",033-252-6972,강원특별자치도 춘천시청,033-250-4043,2025-07-14
에피베이글춘천점,일반가맹점,제과점,강원특별자치도,춘천시,4181000,강원특별자치도 춘천시 동면 만천로 261 1층 104호,,강원특별자치도 춘천시청,033-250-4043,2025-07-14
엘린스샌드위치 강원점,일반가맹점,일반대중음식,강원특별자치도,춘천시,4181000,강원특별자치도 춘천시 두하길 7 1층,033-251-1050,강원특별자치도 춘천시청,033-250-4043,2025-07-14
엘린스샌드위치 춘천점,일반가맹점,일반대중음식,강원특별자치도,춘천시,4181000,강원특별자치도 춘천시 수변공원길 11 3동 103호 삼천동,,강원특별자치도 춘천시청,033-250-4043,2025-07-14
엠분식,일반가맹점,일반대중음식,강원특별자치도,춘천시,4181000,강원특별자치도 춘천시 중앙로67번길 18 1층,033-252-0468,강원특별자치도 춘천시청,033-250-4043,2025-07-14
엠브로키친,일반가맹점,일반대중음식,강원특별자치도,춘천시,4181000,강원특별자치도 춘천시 벌말길 62-1 1층,,강원특별자치도 춘천시청,033-250-4043,2025-07-14
엠프티 페이퍼,일반가맹점,일반대중음식,강원특별자치도,춘천시,4181000,강원특별자치도 춘천시 향교앞길 13-4 1층,,강원특별자치도 춘천시청,033-250-4043,2025-07-14
여로부대찌개,일반가맹점,한식,강원특별자치도,춘천시,4181000,강원특별자치도춘천시 공지로 120-1 (석사동),033-261-2250,강원특별자치도 춘천시청,033-250-4043,2025-07-14
여부초밥,일반가맹점,일반대중음식,강원특별자치도,춘천시,4181000,강원특별자치도 춘천시 후석로 273 1층,,강원특별자치도 춘천시청,033-250-4043,2025-07-14
여부초밥춘천퇴계점,일반가맹점,한식,강원특별자치도,춘천시,4181000,강원특별자치도 춘천시 춘주로 162 1층103호,,강원특별자치도 춘천시청,033-250-4043,2025-07-14
여우고개막국수,일반가맹점,한식,강원특별자치도,춘천시,4181000,강원특별자치도춘천시 신동 산 28-1,033-255-1118,강원특별자치도 춘천시청,033-250-4043,2025-07-14
여의도기사식당,일반가맹점,일반대중음식,강원특별자치도,춘천시,4181000,강원특별자치도 춘천시 남면 소주고개로 82 .,033-263-8943,강원특별자치도 춘천시청,033-250-4043,2025-07-14
역전꽈베기,일반가맹점,일반대중음식,강원특별자치도,춘천시,4181000,강원특별자치도 춘천시 우두1길 140 상가210동104호,033-818-3307,강원특별자치도 춘천시청,033-250-4043,2025-07-14
역전솥뚜껑삼겹살,일반가맹점,한식,강원특별자치도,춘천시,4181000,강원특별자치도 춘천시 퇴계로 74 1층(퇴계동),033-242-1281,강원특별자치도 춘천시청,033-250-4043,2025-07-14
역전앞,일반가맹점,한식,강원특별자치도,춘천시,4181000,강원특별자치도 춘천시 퇴계로 74 1층,,강원특별자치도 춘천시청,033-250-4043,2025-07-14
역전우동0410 춘천석사점,일반가맹점,한식,강원특별자치도,춘천시,4181000,강원특별자치도 춘천시 퇴계농공로 20 1층 102호,,강원특별자치도 춘천시청,033-250-4043,2025-07-14
연,일반가맹점,한식,강원특별자치도,춘천시,4181000,강원특별자치도춘천시 동내면 동내로 346,070-4413-4499,강원특별자치도 춘천시청,033-250-4043,2025-07-14
연,일반가맹점,중식,강원특별자치도,춘천시,4181000,강원특별자치도 춘천시 동내면 춘천순환로 135 1층,033-264-1241,강원특별자치도 춘천시청,033-250-4043,2025-07-14
연경손만두,일반가맹점,한식,강원특별자치도,춘천시,4181000,강원특별자치도 춘천시 춘주로147번길 10 1층,033-257-1690,강원특별자치도 춘천시청,033-250-4043,2025-07-14
연그릭(yeon Greek),일반가맹점,일반대중음식,강원특별자치도,춘천시,4181000,"강원특별자치도 춘천시 영서로 2352-28 1층 45,46호",033-253-9731,강원특별자치도 춘천시청,033-250-4043,2025-07-14
연미당,일반가맹점,일식,강원특별자치도,춘천시,4181000,강원특별자치도 춘천시 동내면 외솔길19번길 69 1층 102호,070-8836-1150,강원특별자치도 춘천시청,033-250-4043,2025-07-14
연산골막국수,일반가맹점,한식,강원특별자치도,춘천시,4181000,강원특별자치도춘천시 동면 연산골길 105-12,033-242-2288,강원특별자치도 춘천시청,033-250-4043,2025-07-14
연산골춘천닭갈비,일반가맹점,일반대중음식,강원특별자치도,춘천시,4181000,강원특별자치도 춘천시 동면 연산골길 136 1층,,강원특별자치도 춘천시청,033-250-4043,2025-07-14
연애골철판닭갈비,일반가맹점,한식,강원특별자치도,춘천시,4181000,강원특별자치도 춘천시 남산면 김유정로 5 1층,,강원특별자치도 춘천시청,033-250-4043,2025-07-14
연이네초밥,일반가맹점,일식,강원특별자치도,춘천시,4181000,강원특별자치도 춘천시 영서로 2250-8 ..,,강원특별자치도 춘천시청,033-250-4043,2025-07-14
연탄불고기,일반가맹점,한식,강원특별자치도,춘천시,4181000,"강원특별자치도 춘천시 효석로77번길 7 ,1층(석사동)",,강원특별자치도 춘천시청,033-250-4043,2025-07-14
연화각,일반가맹점,중식,강원특별자치도,춘천시,4181000,강원특별자치도 춘천시 충혼길52번길 20-23 .,033-256-5863,강원특별자치도 춘천시청,033-250-4043,2025-07-14
연희네칼국수,일반가맹점,한식,강원특별자치도,춘천시,4181000,강원특별자치도춘천시 남춘로51번길 5-2 (효자동),033-253-2901,강원특별자치도 춘천시청,033-250-4043,2025-07-14
열두달평양손만두,일반가맹점,한식,강원특별자치도,춘천시,4181000,강원특별자치도 춘천시 서부대성로44번길 19-2 1층(요선동),033-251-2830,강원특별자치도 춘천시청,033-250-4043,2025-07-14
열정국밥,일반가맹점,한식,강원특별자치도,춘천시,4181000,강원특별자치도 춘천시 공지로 234-11 1층 2호(가운데)(효자동),033-263-3525,강원특별자치도 춘천시청,033-250-4043,2025-07-14
열한시십구분(11:19),일반가맹점,일반대중음식,강원특별자치도,춘천시,4181000,"강원특별자치도춘천시 동내면 거두택지길26번길 16-14, 1층",033-911-9119,강원특별자치도 춘천시청,033-250-4043,2025-07-14
영구네식당,일반가맹점,한식,강원특별자치도,춘천시,4181000,강원특별자치도춘천시 외솔길 24 (석사동),033-262-8282,강원특별자치도 춘천시청,033-250-4043,2025-07-14
영구네한방숯불바베큐,일반가맹점,일반대중음식,강원특별자치도,춘천시,4181000,"강원특별자치도춘천시 춘천로407번길 24-1, 1층 (후평동)",033-257-2005,강원특별자치도 춘천시청,033-250-4043,2025-07-14
영국베이커리,일반가맹점,제과점,강원특별자치도,춘천시,4181000,강원특별자치도춘천시 소양로 180-1 (소양로2가),033-252-4516,강원특별자치도 춘천시청,033-250-4043,2025-07-14
영산강,일반가맹점,일반대중음식,강원특별자치도,춘천시,4181000,강원특별자치도춘천시 동내면 거두길 18,033-256-0592,강원특별자치도 춘천시청,033-250-4043,2025-07-14
영석돈까스,일반가맹점,일반대중음식,강원특별자치도,춘천시,4181000,강원특별자치도 춘천시 춘천로151번길 5-1 (운교동),033-241-7087,강원특별자치도 춘천시청,033-250-4043,2025-07-14
영영상점후평44호상점,일반가맹점,일반대중음식,강원특별자치도,춘천시,4181000,강원특별자치도 춘천시 삭주로 98 1층(후평동),070-7537-0477,강원특별자치도 춘천시청,033-250-4043,2025-07-14
영월집,일반가맹점,한식,강원특별자치도,춘천시,4181000,"강원특별자치도춘천시 우두3길 1, 1층 (우두동)",033-254-7904,강원특별자치도 춘천시청,033-250-4043,2025-07-14
영은네두미르김밥나라,일반가맹점,한식,강원특별자치도,춘천시,4181000,"강원특별자치도 춘천시 영서로 2793 102호 (우두동, 두미르마을상가)",,강원특별자치도 춘천시청,033-250-4043,2025-07-14
영자어묵,일반가맹점,일반대중음식,강원특별자치도,춘천시,4181000,"강원특별자치도춘천시 방송길 70 , 117동 1층 121호 (온의동, 온의롯데캐슬스카이클래스)",033-255-5971,강원특별자치도 춘천시청,033-250-4043,2025-07-14
영진푸드,일반가맹점,한식,강원특별자치도,춘천시,4181000,강원특별자치도 춘천시 서부대성로 207-2 (효자동),,강원특별자치도 춘천시청,033-250-4043,2025-07-14
영칼로리키친춘천점,일반가맹점,한식,강원특별자치도,춘천시,4181000,강원특별자치도 춘천시 백령로 123 A동 지하1층 효자동,033-256-0777,강원특별자치도 춘천시청,033-250-4043,2025-07-14
영푸드,일반가맹점,일반대중음식,강원특별자치도,춘천시,4181000,강원특별자치도 춘천시 춘주로187번길 20-11 1층(퇴계동),033-243-4255,강원특별자치도 춘천시청,033-250-4043,2025-07-14
영화루,일반가맹점,중식,강원특별자치도,춘천시,4181000,강원특별자치도춘천시 옛경춘로 508-7 (온의동),033-263-8282,강원특별자치도 춘천시청,033-250-4043,2025-07-14
예그리나,일반가맹점,일반대중음식,강원특별자치도,춘천시,4181000,강원특별자치도 춘천시 우묵길 30 1층,033-817-2315,강원특별자치도 춘천시청,033-250-4043,2025-07-14
예담,일반가맹점,일반대중음식,강원특별자치도,춘천시,4181000,"강원특별자치도 춘천시 안마산로 113 상가B동 1층 B1-108호(퇴계동,e편한세상 춘천 한숲시티)",,강원특별자치도 춘천시청,033-250-4043,2025-07-14
예맥촌,일반가맹점,한식,강원특별자치도,춘천시,4181000,강원특별자치도춘천시 보안길 3-1 (후평동),033-243-8895,강원특별자치도 춘천시청,033-250-4043,2025-07-14
예손푸드,일반가맹점,한식,강원특별자치도,춘천시,4181000,"강원특별자치도 춘천시 동면 만천로 179 ,1층",033-241-3676,강원특별자치도 춘천시청,033-250-4043,2025-07-14
예송두부마을,일반가맹점,한식,강원특별자치도,춘천시,4181000,강원특별자치도춘천시 남산면 서천길 13,033-263-8840,강원특별자치도 춘천시청,033-250-4043,2025-07-14
예스동태랑,일반가맹점,한식,강원특별자치도,춘천시,4181000,강원특별자치도 춘천시 동면 소양강로 366 1층,033-243-8292,강원특별자치도 춘천시청,033-250-4043,2025-07-14
예와생,일반가맹점,일반대중음식,강원특별자치도,춘천시,4181000,강원특별자치도 춘천시 후만로126번길 12 1층,,강원특별자치도 춘천시청,033-250-4043,2025-07-14
예티,일반가맹점,일반대중음식,강원특별자치도,춘천시,4181000,강원특별자치도 춘천시 새롬공원길4번길 21 1층,033-264-3537,강원특별자치도 춘천시청,033-250-4043,2025-07-14
옐로우피자춘천점,일반가맹점,일반대중음식,강원특별자치도,춘천시,4181000,강원특별자치도 춘천시 서부대성로 190 1층,033-256-6999,강원특별자치도 춘천시청,033-250-4043,2025-07-14
옛골밥집,일반가맹점,한식,강원특별자치도,춘천시,4181000,강원특별자치도 춘천시 남산면 소주고개로 654 1층,,강원특별자치도 춘천시청,033-250-4043,2025-07-14
옛날가마솥소머리곰탕,일반가맹점,한식,강원특별자치도,춘천시,4181000,강원특별자치도 춘천시 지내고탄로 21 1층,033-242-2605,강원특별자치도 춘천시청,033-250-4043,2025-07-14
옛날경성순대국춘천점,일반가맹점,한식,강원특별자치도,춘천시,4181000,"강원특별자치도 춘천시 방송길 77 ,상가동1층1122,1127호(온의동,춘천센트럴타워푸르지오)",033-255-9731,강원특별자치도 춘천시청,033-250-4043,2025-07-14
옛날김밥,일반가맹점,한식,강원특별자치도,춘천시,4181000,강원특별자치도춘천시 신북읍 신북로 28,033-241-9399,강원특별자치도 춘천시청,033-250-4043,2025-07-14
옛날뚱닭,일반가맹점,일반대중음식,강원특별자치도,춘천시,4181000,강원특별자치도 춘천시 후석로 68-1 1층(석사동),033-262-1488,강원특별자치도 춘천시청,033-250-4043,2025-07-14
옛날막국수,일반가맹점,한식,강원특별자치도,춘천시,4181000,강원특별자치도춘천시 중앙로67번길 24 (죽림동),033-243-6111,강원특별자치도 춘천시청,033-250-4043,2025-07-14
옛날맛추어탕,일반가맹점,한식,강원특별자치도,춘천시,4181000,"강원특별자치도 춘천시 영서로 2875 1,2층",033-252-4116,강원특별자치도 춘천시청,033-250-4043,2025-07-14
옛날손장국수,일반가맹점,한식,강원특별자치도,춘천시,4181000,강원특별자치도춘천시 사농동 281-4,033-253-5565,강원특별자치도 춘천시청,033-250-4043,2025-07-14
옛날솥뚜껑감자탕,일반가맹점,한식,강원특별자치도,춘천시,4181000,강원특별자치도 춘천시 퇴계로93번길 4-3 1층,033-242-6010,강원특별자치도 춘천시청,033-250-4043,2025-07-14
옛날순대국,일반가맹점,한식,강원특별자치도,춘천시,4181000,강원특별자치도춘천시 근화동 796-7번지 외1필지,033-253-4416,강원특별자치도 춘천시청,033-250-4043,2025-07-14
옛날시골밥상,일반가맹점,한식,강원특별자치도,춘천시,4181000,강원특별자치도 춘천시 후만로116번길 8 1층,033-252-5113,강원특별자치도 춘천시청,033-250-4043,2025-07-14
옛날옛집,일반가맹점,한식,강원특별자치도,춘천시,4181000,"강원특별자치도춘천시 동면 만천로 102, 옛날옛집",033-244-1100,강원특별자치도 춘천시청,033-250-4043,2025-07-14
옛날옛집반찬(사우점),일반가맹점,식품잡화,강원특별자치도,춘천시,4181000,강원특별자치도 춘천시 사우4길 36 1층,033-252-4225,강원특별자치도 춘천시청,033-250-4043,2025-07-14
옛날이야기,일반가맹점,한식,강원특별자치도,춘천시,4181000,강원특별자치도춘천시 남산면 강촌리 591-11번지,033-261-0069,강원특별자치도 춘천시청,033-250-4043,2025-07-14
옛날잔치국수,일반가맹점,한식,강원특별자치도,춘천시,4181000,강원특별자치도춘천시 효자로 108 (효자동),033-244-1065,강원특별자치도 춘천시청,033-250-4043,2025-07-14
옛날전집,일반가맹점,일반대중음식,강원특별자치도,춘천시,4181000,강원특별자치도 춘천시 후석로 256-1 1층,033-242-2024,강원특별자치도 춘천시청,033-250-4043,2025-07-14
옛날집,일반가맹점,한식,강원특별자치도,춘천시,4181000,강원특별자치도춘천시 충열로 264-4 (우두동),033-242-0359,강원특별자치도 춘천시청,033-250-4043,2025-07-14
옛날통닭 (운교점),일반가맹점,일반대중음식,강원특별자치도,춘천시,4181000,강원특별자치도 춘천시 춘천로 171 1층,033-244-1113,강원특별자치도 춘천시청,033-250-4043,2025-07-14
옛날통닭(강대점),일반가맹점,한식,강원특별자치도,춘천시,4181000,"강원특별자치도춘천시 성심로 97, 1층 (효자동)",033-256-6609,강원특별자치도 춘천시청,033-250-4043,2025-07-14
옛맛스넥,일반가맹점,한식,강원특별자치도,춘천시,4181000,강원특별자치도춘천시 명동길 51-2 (죽림동),033-251-4480,강원특별자치도 춘천시청,033-250-4043,2025-07-14
옛촌,일반가맹점,한식,강원특별자치도,춘천시,4181000,강원특별자치도 춘천시 향교앞길 4 1층,033-254-1511,강원특별자치도 춘천시청,033-250-4043,2025-07-14
옛터숯불닭갈비,일반가맹점,한식,강원특별자치도,춘천시,4181000,강원특별자치도춘천시 남산면 강촌구곡길 4,033-261-8815,강원특별자치도 춘천시청,033-250-4043,2025-07-14
오?골,일반가맹점,일반대중음식,강원특별자치도,춘천시,4181000,"강원특별자치도 춘천시 방송길 70 117동 114호(온의동, 온의 롯데캐슬 스카이클래스)",,강원특별자치도 춘천시청,033-250-4043,2025-07-14
오가네,일반가맹점,한식,강원특별자치도,춘천시,4181000,강원특별자치도춘천시 삭주로 203 (후평동),033-255-9897,강원특별자치도 춘천시청,033-250-4043,2025-07-14
오가네식당,일반가맹점,한식,강원특별자치도,춘천시,4181000,강원특별자치도 춘천시 동내면 고은길 3 오가네식당,033-263-1259,강원특별자치도 춘천시청,033-250-4043,2025-07-14
오거리곱창,일반가맹점,한식,강원특별자치도,춘천시,4181000,강원특별자치도 춘천시 춘천로 375 1층(후평동),033-255-5585,강원특별자치도 춘천시청,033-250-4043,2025-07-14
오거리순대국,일반가맹점,한식,강원특별자치도,춘천시,4181000,강원특별자치도 춘천시 춘천로 386 1층,033-252-2572,강원특별자치도 춘천시청,033-250-4043,2025-07-14
오공복이 남춘천점,일반가맹점,한식,강원특별자치도,춘천시,4181000,강원특별자치도 춘천시 춘천로17번길 17 104호,,강원특별자치도 춘천시청,033-250-4043,2025-07-14
오공부대찌개,일반가맹점,한식,강원특별자치도,춘천시,4181000,강원특별자치도춘천시 석사길5번길 36 (석사동),033-251-5236,강원특별자치도 춘천시청,033-250-4043,2025-07-14
오구본가(남춘천점),일반가맹점,패스트푸드,강원특별자치도,춘천시,4181000,"강원특별자치도 춘천시 퇴계로 95 1층입구우측지역(퇴계동,희스퀘어)",033-264-5958,강원특별자치도 춘천시청,033-250-4043,2025-07-14
오구본가후평점,일반가맹점,패스트푸드,강원특별자치도,춘천시,4181000,"강원특별자치도춘천시 춘천로 299, 1층 (후평동)",033-255-5982,강원특별자치도 춘천시청,033-250-4043,2025-07-14
오구쌀피자,일반가맹점,패스트푸드,강원특별자치도,춘천시,4181000,강원특별자치도 춘천시 동내면 춘천순환로 64 103호,033-262-5969,강원특별자치도 춘천시청,033-250-4043,2025-07-14
오구쌀피자명동점,일반가맹점,패스트푸드,강원특별자치도,춘천시,4181000,강원특별자치도 춘천시 서부대성로44번길 1 1층(요선동),033-252-9300,강원특별자치도 춘천시청,033-250-4043,2025-07-14
오구피자,일반가맹점,패스트푸드,강원특별자치도,춘천시,4181000,"강원특별자치도춘천시 서부대성로44번길 1, 1층 (요선동)",033-252-9300,강원특별자치도 춘천시청,033-250-4043,2025-07-14
오남매제주미향해장국,일반가맹점,한식,강원특별자치도,춘천시,4181000,강원특별자치도 춘천시 퇴계로93번길 4-5 1층,,강원특별자치도 춘천시청,033-250-4043,2025-07-14
오누이 가든,일반가맹점,한식,강원특별자치도,춘천시,4181000,강원특별자치도 춘천시 서면 납실길 159 1층,033-243-2425,강원특별자치도 춘천시청,033-250-4043,2025-07-14
오늘,일반가맹점,일반대중음식,강원특별자치도,춘천시,4181000,"강원특별자치도춘천시 성심로 80, 1층 (효자동)",,강원특별자치도 춘천시청,033-250-4043,2025-07-14
오늘김밥,일반가맹점,한식,강원특별자치도,춘천시,4181000,"강원특별자치도춘천시 공지로 267, 1층 (효자동)",033-262-9757,강원특별자치도 춘천시청,033-250-4043,2025-07-14
오늘도 삼겹살,일반가맹점,일반대중음식,강원특별자치도,춘천시,4181000,"강원특별자치도 춘천시 보안길 61 1층 103호, 104호(후평동)",033-255-3338,강원특별자치도 춘천시청,033-250-4043,2025-07-14
오늘도 생선구이,일반가맹점,한식,강원특별자치도,춘천시,4181000,강원특별자치도 춘천시 춘주로 176-1 1층,033-242-9233,강원특별자치도 춘천시청,033-250-4043,2025-07-14
오늘도고기내일도고기,일반가맹점,한식,강원특별자치도,춘천시,4181000,강원특별자치도 춘천시 후석로 251 1층,,강원특별자치도 춘천시청,033-250-4043,2025-07-14
오늘도한우 춘천거두리점,일반가맹점,일반대중음식,강원특별자치도,춘천시,4181000,강원특별자치도춘천시 동내면 춘천순환로72번길 36,,강원특별자치도 춘천시청,033-250-4043,2025-07-14
오늘버터,일반가맹점,제과점,강원특별자치도,춘천시,4181000,강원특별자치도 춘천시 충혼길44번길 15 1층,,강원특별자치도 춘천시청,033-250-4043,2025-07-14
오늘엔,일반가맹점,일반대중음식,강원특별자치도,춘천시,4181000,"강원특별자치도 춘천시 동내면 동내로 343-6 1, 2층",,강원특별자치도 춘천시청,033-250-4043,2025-07-14
오늘은닭개장,일반가맹점,일반대중음식,강원특별자치도,춘천시,4181000,강원특별자치도 춘천시 후석로 266 1층 중간상가호,033-254-3334,강원특별자치도 춘천시청,033-250-4043,2025-07-14
오늘은삼겹살,일반가맹점,한식,강원특별자치도,춘천시,4181000,강원특별자치도 춘천시 안마산로 169-13 1층,033-262-2177,강원특별자치도 춘천시청,033-250-4043,2025-07-14
오늘은요거,일반가맹점,일반대중음식,강원특별자치도,춘천시,4181000,강원특별자치도 춘천시 애막골길3번길 2 1층(석사동),,강원특별자치도 춘천시청,033-250-4043,2025-07-14
오늘춘천,일반가맹점,일반대중음식,강원특별자치도,춘천시,4181000,강원특별자치도 춘천시 시청길 22 1층(조양동),,강원특별자치도 춘천시청,033-250-4043,2025-07-14
오늘키친,일반가맹점,한식,강원특별자치도,춘천시,4181000,강원특별자치도 춘천시 공지로 252 1층상가(효자동),,강원특별자치도 춘천시청,033-250-4043,2025-07-14
오늘통닭춘천우두점,일반가맹점,일반대중음식,강원특별자치도,춘천시,4181000,강원특별자치도 춘천시 우두6길 5 105호,033-878-8757,강원특별자치도 춘천시청,033-250-4043,2025-07-14
오니김밥,일반가맹점,한식,강원특별자치도,춘천시,4181000,강원특별자치도 춘천시 충혼길34번길 9 103호,,강원특별자치도 춘천시청,033-250-4043,2025-07-14
오달구한우,일반가맹점,일반대중음식,강원특별자치도,춘천시,4181000,강원특별자치도 춘천시 남면 소주고개로 28 3층,033-264-5956,강원특별자치도 춘천시청,033-250-4043,2025-07-14
오달트,일반가맹점,일반대중음식,강원특별자치도,춘천시,4181000,"강원특별자치도 춘천시 공지로 453 2동 107호(근화동, 엘타워2차 오피스텔)",,강원특별자치도 춘천시청,033-250-4043,2025-07-14
오닭발,일반가맹점,한식,강원특별자치도,춘천시,4181000,"강원특별자치도춘천시 영서로 2352-12, 5-7 (온의동)",033-241-0146,강원특별자치도 춘천시청,033-250-4043,2025-07-14
오더히어버거,일반가맹점,패스트푸드,강원특별자치도,춘천시,4181000,강원특별자치도 춘천시 효석로9번길 4 6호,,강원특별자치도 춘천시청,033-250-4043,2025-07-14
오도순 순대국,일반가맹점,한식,강원특별자치도,춘천시,4181000,"강원특별자치도춘천시 퇴계농공로 13, 1층 (석사동)",033-263-4888,강원특별자치도 춘천시청,033-250-4043,2025-07-14
오돌이닭발,일반가맹점,한식,강원특별자치도,춘천시,4181000,강원특별자치도춘천시 애막골길7번길 20 (석사동),033-251-7491,강원특별자치도 춘천시청,033-250-4043,2025-07-14
오돼지국밥,일반가맹점,한식,강원특별자치도,춘천시,4181000,강원특별자치도 춘천시 효자로92번길 2 1층(효자동),,강원특별자치도 춘천시청,033-250-4043,2025-07-14
오두막집,일반가맹점,한식,강원특별자치도,춘천시,4181000,강원특별자치도 춘천시 신북읍 서원말길 25 .,033-243-8703,강원특별자치도 춘천시청,033-250-4043,2025-07-14
오디너리선샤인,일반가맹점,일반대중음식,강원특별자치도,춘천시,4181000,강원특별자치도 춘천시 서부대성로 255 1층,,강원특별자치도 춘천시청,033-250-4043,2025-07-14
오렌지,일반가맹점,일반대중음식,강원특별자치도,춘천시,4181000,"강원특별자치도춘천시 중앙로67번길 18, 브라운상가 5112호 (죽림동)",070-8744-1554,강원특별자치도 춘천시청,033-250-4043,2025-07-14
오르막,일반가맹점,일반대중음식,강원특별자치도,춘천시,4181000,강원특별자치도 춘천시 하사관길 15-7 1층(삼천동),,강원특별자치도 춘천시청,033-250-4043,2025-07-14
오르미,일반가맹점,일반대중음식,강원특별자치도,춘천시,4181000,강원특별자치도 춘천시 전원안길 11-1 1층 103호(교동),,강원특별자치도 춘천시청,033-250-4043,2025-07-14
오르새피자 강원대학교점,일반가맹점,일반대중음식,강원특별자치도,춘천시,4181000,강원특별자치도 춘천시 백령로 212 1층,033-242-8855,강원특별자치도 춘천시청,033-250-4043,2025-07-14
오리날다,일반가맹점,한식,강원특별자치도,춘천시,4181000,"강원특별자치도춘천시 서면 율장길 17, 1",033-263-5226,강원특별자치도 춘천시청,033-250-4043,2025-07-14
오리맘,일반가맹점,한식,강원특별자치도,춘천시,4181000,강원특별자치도춘천시 퇴계동 36-2번지,033-255-5233,강원특별자치도 춘천시청,033-250-4043,2025-07-14
오리왕(王),일반가맹점,한식,강원특별자치도,춘천시,4181000,강원특별자치도 춘천시 퇴계로 243 1층,,강원특별자치도 춘천시청,033-250-4043,2025-07-14
오리진,일반가맹점,일반대중음식,강원특별자치도,춘천시,4181000,"강원특별자치도춘천시 전원안길33번길 12-2, 1층 (교동)",033-264-7572,강원특별자치도 춘천시청,033-250-4043,2025-07-14
오마뎅춘천석사점,일반가맹점,한식,강원특별자치도,춘천시,4181000,강원특별자치도 춘천시 지석로 75 1층111호,033-911-4948,강원특별자치도 춘천시청,033-250-4043,2025-07-14
오마이치킨(우두점),일반가맹점,일반대중음식,강원특별자치도,춘천시,4181000,강원특별자치도춘천시 충열로 10-7 (우두동),033-254-0540,강원특별자치도 춘천시청,033-250-4043,2025-07-14
오믈하우스,일반가맹점,일식,강원특별자치도,춘천시,4181000,강원특별자치도 춘천시 삭주로 98 1층,,강원특별자치도 춘천시청,033-250-4043,2025-07-14
오복만두,일반가맹점,한식,강원특별자치도,춘천시,4181000,강원특별자치도춘천시 춘주로 87 (온의동),033-242-8868,강원특별자치도 춘천시청,033-250-4043,2025-07-14
오복식당,일반가맹점,한식,강원특별자치도,춘천시,4181000,강원특별자치도춘천시 충열로16번길 21 (우두동),033-251-1054,강원특별자치도 춘천시청,033-250-4043,2025-07-14
오봉상회,일반가맹점,한식,강원특별자치도,춘천시,4181000,강원특별자치도춘천시 북산면 청평 188-1,033-244-6606,강원특별자치도 춘천시청,033-250-4043,2025-07-14
오봉집춘천거두점,일반가맹점,한식,강원특별자치도,춘천시,4181000,강원특별자치도 춘천시 동내면 춘천순환로72번길 39-1 1층,,강원특별자치도 춘천시청,033-250-4043,2025-07-14
오봉집춘천우두점,일반가맹점,한식,강원특별자치도,춘천시,4181000,강원특별자치도 춘천시 마장길 75 1층(사농동),033-255-8676,강원특별자치도 춘천시청,033-250-4043,2025-07-14
오봉집춘천후평점,일반가맹점,한식,강원특별자치도,춘천시,4181000,"강원특별자치도춘천시 보안길 46, 1층 (후평동)",033-262-0801,강원특별자치도 춘천시청,033-250-4043,2025-07-14
오봉해물찜,일반가맹점,한식,강원특별자치도,춘천시,4181000,강원특별자치도춘천시 퇴계동 363-30,033-243-3323,강원특별자치도 춘천시청,033-250-4043,2025-07-14
오부자닭갈비막국수,일반가맹점,한식,강원특별자치도,춘천시,4181000,강원특별자치도춘천시 안마산로 22 (온의동),033-252-2311,강원특별자치도 춘천시청,033-250-4043,2025-07-14
오부장치킨,일반가맹점,일반대중음식,강원특별자치도,춘천시,4181000,"강원특별자치도춘천시 보안길 61, 1층 (후평동)",033-256-9989,강원특별자치도 춘천시청,033-250-4043,2025-07-14
오브느 춘천,일반가맹점,일반대중음식,강원특별자치도,춘천시,4181000,강원특별자치도 춘천시 동내면 춘천순환로 67 1층,,강원특별자치도 춘천시청,033-250-4043,2025-07-14
오븐마루춘천석사점,일반가맹점,일반대중음식,강원특별자치도,춘천시,4181000,강원특별자치도 춘천시 벌말길 71 벌말길71,033-262-9296,강원특별자치도 춘천시청,033-250-4043,2025-07-14
오사카(Osaka),일반가맹점,일식,강원특별자치도,춘천시,4181000,강원특별자치도 춘천시 중앙로77번길 41 2층2층Osaka 오스카(운교동),,강원특별자치도 춘천시청,033-250-4043,2025-07-14
오삼겹,일반가맹점,한식,강원특별자치도,춘천시,4181000,강원특별자치도 춘천시 공지로451번길 8 1층,033-253-5324,강원특별자치도 춘천시청,033-250-4043,2025-07-14
오색찬란닭갈비,일반가맹점,한식,강원특별자치도,춘천시,4181000,강원특별자치도춘천시 남춘로36번길 57 (퇴계동),033-263-9430,강원특별자치도 춘천시청,033-250-4043,2025-07-14
오서방숯불갈비,일반가맹점,한식,강원특별자치도,춘천시,4181000,강원특별자치도 춘천시 후석로 411-1 후평동,033-251-2553,강원특별자치도 춘천시청,033-250-4043,2025-07-14
오소냉삼,일반가맹점,한식,강원특별자치도,춘천시,4181000,강원특별자치도 춘천시 춘주로179번길 6-12 1층(퇴계동),033-252-7345,강원특별자치도 춘천시청,033-250-4043,2025-07-14
오솔길,일반가맹점,한식,강원특별자치도,춘천시,4181000,강원특별자치도춘천시 성심로 99 (효자동),033-252-6680,강원특별자치도 춘천시청,033-250-4043,2025-07-14
오수물막국수,일반가맹점,한식,강원특별자치도,춘천시,4181000,강원특별자치도 춘천시 신북읍 맥국2길 15 .,033-242-4714,강원특별자치도 춘천시청,033-250-4043,2025-07-14
오시드래요,일반가맹점,한식,강원특별자치도,춘천시,4181000,"강원특별자치도춘천시 공지로 246, 1층 오시드래요 (효자동)",,강원특별자치도 춘천시청,033-250-4043,2025-07-14
오심오,일반가맹점,일반대중음식,강원특별자치도,춘천시,4181000,"강원특별자치도춘천시 신동면 김유정로 1407, 2층",070-4024-0670,강원특별자치도 춘천시청,033-250-4043,2025-07-14
오아케이크,일반가맹점,일반대중음식,강원특별자치도,춘천시,4181000,"강원특별자치도 춘천시 금강로23번길 7 , 2층 201호(소양로3가)",,강원특별자치도 춘천시청,033-250-4043,2025-07-14
오야,일반가맹점,일식,강원특별자치도,춘천시,4181000,강원특별자치도 춘천시 삭주로 42 1층,,강원특별자치도 춘천시청,033-250-4043,2025-07-14
오엔(ON)국수,일반가맹점,일반대중음식,강원특별자치도,춘천시,4181000,강원특별자치도 춘천시 서부대성로227번길 4 2층(효자동),,강원특별자치도 춘천시청,033-250-4043,2025-07-14
오월식당,일반가맹점,한식,강원특별자치도,춘천시,4181000,강원특별자치도 춘천시 퇴계로145번길 7-5 1층,033-264-4201,강원특별자치도 춘천시청,033-250-4043,2025-07-14
오월애만두전골,일반가맹점,한식,강원특별자치도,춘천시,4181000,강원특별자치도 춘천시 후석로258번길 18 1층,033-252-2575,강원특별자치도 춘천시청,033-250-4043,2025-07-14
오월정원,일반가맹점,양식,강원특별자치도,춘천시,4181000,강원특별자치도 춘천시 서면 납실길 329 1층,,강원특별자치도 춘천시청,033-250-4043,2025-07-14
오월학교,일반가맹점,일반대중음식,강원특별자치도,춘천시,4181000,강원특별자치도 춘천시 서면 납실길 160 .,,강원특별자치도 춘천시청,033-250-4043,2025-07-14
오월휴양림식당,일반가맹점,한식,강원특별자치도,춘천시,4181000,강원특별자치도 춘천시 서면 납실길 107-64 오월리,033-243-8849,강원특별자치도 춘천시청,033-250-4043,2025-07-14
오이소,일반가맹점,일반대중음식,강원특별자치도,춘천시,4181000,강원특별자치도 춘천시 남산면 서백길 79-10 1층,033-263-5958,강원특별자치도 춘천시청,033-250-4043,2025-07-14
오일육(516),일반가맹점,일반대중음식,강원특별자치도,춘천시,4181000,강원특별자치도 춘천시 지석로 74-11 D동 19호,033-262-0516,강원특별자치도 춘천시청,033-250-4043,2025-07-14
오징어천국,일반가맹점,한식,강원특별자치도,춘천시,4181000,"강원특별자치도춘천시 스무숲1길 4-14, 상가 1층 (석사동)",033-264-4463,강원특별자치도 춘천시청,033-250-4043,2025-07-14
오케이분식,일반가맹점,한식,강원특별자치도,춘천시,4181000,강원특별자치도 춘천시 삭주로 68-1 1층,033-244-8321,강원특별자치도 춘천시청,033-250-4043,2025-07-14
오케이치킨(봄내점),일반가맹점,일반대중음식,강원특별자치도,춘천시,4181000,"강원특별자치도춘천시 퇴계로 243, 101호 (석사동, GIGA빌딩)",033-262-1179,강원특별자치도 춘천시청,033-250-4043,2025-07-14
오케이치킨온의점,일반가맹점,한식,강원특별자치도,춘천시,4181000,"강원특별자치도춘천시 방송길 70 , 롯데캐슬스카이클래스 117동 117호 (온의동)",033-256-5757,강원특별자치도 춘천시청,033-250-4043,2025-07-14
오팔국숫집,일반가맹점,한식,강원특별자치도,춘천시,4181000,강원특별자치도춘천시 명동길29번길 7-1 (죽림동),033-242-8843,강원특별자치도 춘천시청,033-250-4043,2025-07-14
오팔왕돈까스 한림대점,일반가맹점,일반대중음식,강원특별자치도,춘천시,4181000,"강원특별자치도 춘천시 성심로 7 1,2층",033-255-8643,강원특별자치도 춘천시청,033-250-4043,2025-07-14
오필승 닭발 석사점,일반가맹점,한식,강원특별자치도,춘천시,4181000,강원특별자치도 춘천시 벌말길 91 1층 좌측호(석사동),033-262-3805,강원특별자치도 춘천시청,033-250-4043,2025-07-14
오필승닭발,일반가맹점,한식,강원특별자치도,춘천시,4181000,"강원특별자치도춘천시 퇴계로93번길 12, 1층 (퇴계동)",033-262-9092,강원특별자치도 춘천시청,033-250-4043,2025-07-14
오필승닭발 우두점,일반가맹점,일반대중음식,강원특별자치도,춘천시,4181000,강원특별자치도 춘천시 충열로16번길 20 1층,033-255-5592,강원특별자치도 춘천시청,033-250-4043,2025-07-14
오필승닭발 팔오광장점,일반가맹점,한식,강원특별자치도,춘천시,4181000,강원특별자치도 춘천시 춘천로 171 1층,033-252-8589,강원특별자치도 춘천시청,033-250-4043,2025-07-14
오필승닭발(요선터널점),일반가맹점,한식,강원특별자치도,춘천시,4181000,강원특별자치도춘천시 서부대성로 44 (요선동),033-253-8435,강원특별자치도 춘천시청,033-250-4043,2025-07-14
오필승닭발거두점,일반가맹점,일반대중음식,강원특별자치도,춘천시,4181000,강원특별자치도 춘천시 동내면 거두택지길14번길 3 1층,033-262-9201,강원특별자치도 춘천시청,033-250-4043,2025-07-14
오필승닭발근화점,일반가맹점,한식,강원특별자치도,춘천시,4181000,강원특별자치도춘천시 공지로441번길 7 (근화동),033-241-5725,강원특별자치도 춘천시청,033-250-4043,2025-07-14
오필승닭발본사직영점,일반가맹점,한식,강원특별자치도,춘천시,4181000,강원특별자치도 춘천시 스무숲1길 4-12 1층,033-264-5558,강원특별자치도 춘천시청,033-250-4043,2025-07-14
오필승닭발우미린점,일반가맹점,한식,강원특별자치도,춘천시,4181000,강원특별자치도 춘천시 보안길 21 (후평동),033-251-7009,강원특별자치도 춘천시청,033-250-4043,2025-07-14
오필승닭발장학점,일반가맹점,한식,강원특별자치도,춘천시,4181000,강원특별자치도 춘천시 동면 춘천로449번길 24-1 1층,033-257-4982,강원특별자치도 춘천시청,033-250-4043,2025-07-14
오필승닭발퇴계2호점,일반가맹점,한식,강원특별자치도,춘천시,4181000,"강원특별자치도춘천시 춘주로 176-1, 1층 (퇴계동)",033-251-9254,강원특별자치도 춘천시청,033-250-4043,2025-07-14
오필승닭발퇴계점,일반가맹점,일반대중음식,강원특별자치도,춘천시,4181000,강원특별자치도 춘천시 안마산로 213 1층 121호,,강원특별자치도 춘천시청,033-250-4043,2025-07-14
오필승닭발퇴계주공1차점,일반가맹점,한식,강원특별자치도,춘천시,4181000,강원특별자치도 춘천시 퇴계로145번길 11-4 1층,,강원특별자치도 춘천시청,033-250-4043,2025-07-14
오하이베이크하우스,일반가맹점,제과점,강원특별자치도,춘천시,4181000,강원특별자치도 춘천시 옛경춘로 585 .,033-251-9982,강원특별자치도 춘천시청,033-250-4043,2025-07-14
오하이하우스,일반가맹점,양식,강원특별자치도,춘천시,4181000,강원특별자치도 춘천시 옛경춘로 585 .,033-251-9982,강원특별자치도 춘천시청,033-250-4043,2025-07-14
오후 2시,일반가맹점,일반대중음식,강원특별자치도,춘천시,4181000,강원특별자치도 춘천시 백령로 214 1층1층,,강원특별자치도 춘천시청,033-250-4043,2025-07-14
옥골막국수,일반가맹점,한식,강원특별자치도,춘천시,4181000,강원특별자치도춘천시 동면 지내양지길 68,033-241-7988,강원특별자치도 춘천시청,033-250-4043,2025-07-14
옥당막국수,일반가맹점,한식,강원특별자치도,춘천시,4181000,"강원특별자치도 춘천시 충혼길 12-4 , 1층",033-255-2570,강원특별자치도 춘천시청,033-250-4043,2025-07-14
옥돌촌,일반가맹점,일반대중음식,강원특별자치도,춘천시,4181000,강원특별자치도춘천시 후석로380번길 9 (후평동),033-241-5808,강원특별자치도 춘천시청,033-250-4043,2025-07-14
옥산반점,일반가맹점,중식,강원특별자치도,춘천시,4181000,강원특별자치도춘천시 영서로 3067 (사농동),033-255-1576,강원특별자치도 춘천시청,033-250-4043,2025-07-14
옥산포기사식당,일반가맹점,한식,강원특별자치도,춘천시,4181000,강원특별자치도춘천시 영서로 3058 (사농동),033-256-9998,강원특별자치도 춘천시청,033-250-4043,2025-07-14
옥산포메기메운탕,일반가맹점,한식,강원특별자치도,춘천시,4181000,강원특별자치도춘천시 영서로 3052 (사농동),033-255-0976,강원특별자치도 춘천시청,033-250-4043,2025-07-14
옥이네 풍물메밀부침,일반가맹점,한식,강원특별자치도,춘천시,4181000,"강원특별자치도춘천시 영서로 2352-25, 상가 3동 133호 (온의동)",,강원특별자치도 춘천시청,033-250-4043,2025-07-14
옥이네샤브칼국수,일반가맹점,한식,강원특별자치도,춘천시,4181000,강원특별자치도 춘천시 방송길 77 지하1층 B127호,033-256-5155,강원특별자치도 춘천시청,033-250-4043,2025-07-14
옥이네콩탕,일반가맹점,한식,강원특별자치도,춘천시,4181000,강원특별자치도 춘천시 남춘로51번길 8 1층,,강원특별자치도 춘천시청,033-250-4043,2025-07-14
옥천,일반가맹점,한식,강원특별자치도,춘천시,4181000,강원특별자치도 춘천시 옥천길54번길 20 1층(옥천동),,강원특별자치도 춘천시청,033-250-4043,2025-07-14
옥희네메밀부침,일반가맹점,한식,강원특별자치도,춘천시,4181000,강원특별자치도 춘천시 명동길29번길 10 1층,,강원특별자치도 춘천시청,033-250-4043,2025-07-14
온´s 푸드,일반가맹점,일반대중음식,강원특별자치도,춘천시,4181000,"강원특별자치도춘천시 백령로 148-1, 1층 (효자동)",033-263-0558,강원특별자치도 춘천시청,033-250-4043,2025-07-14
온더가든 삼악산점,일반가맹점,한식,강원특별자치도,춘천시,4181000,강원특별자치도 춘천시 스포츠타운길 245 온더가든 삼악산점,033-242-1993,강원특별자치도 춘천시청,033-250-4043,2025-07-14
온도85,일반가맹점,일반대중음식,강원특별자치도,춘천시,4181000,강원특별자치도 춘천시 우묵길 32 A동 1층 102호,033-257-1113,강원특별자치도 춘천시청,033-250-4043,2025-07-14
온돌집,일반가맹점,한식,강원특별자치도,춘천시,4181000,강원특별자치도춘천시 새롬공원길9번길 1,033-251-7749,강원특별자치도 춘천시청,033-250-4043,2025-07-14
온반,일반가맹점,한식,강원특별자치도,춘천시,4181000,"강원특별자치도 춘천시 효자상길 11 ,1층(효자동)",033-234-5678,강원특별자치도 춘천시청,033-250-4043,2025-07-14
온스트릿,일반가맹점,일반대중음식,강원특별자치도,춘천시,4181000,강원특별자치도 춘천시 동면 후석로326번길 96 107동506호(춘천만천LH아파트),,강원특별자치도 춘천시청,033-250-4043,2025-07-14
온의감자탕,일반가맹점,한식,강원특별자치도,춘천시,4181000,강원특별자치도춘천시 스포츠타운길 530 (온의동),033-241-0147,강원특별자치도 춘천시청,033-250-4043,2025-07-14
온의김밥나라,일반가맹점,한식,강원특별자치도,춘천시,4181000,강원특별자치도춘천시 영서로 2313 (온의동),033-255-8949,강원특별자치도 춘천시청,033-250-4043,2025-07-14
온의동베이커리,일반가맹점,일반대중음식,강원특별자치도,춘천시,4181000,강원특별자치도 춘천시 충혼길18번길 17 1층,,강원특별자치도 춘천시청,033-250-4043,2025-07-14
온정,일반가맹점,중식,강원특별자치도,춘천시,4181000,강원특별자치도 춘천시 동면 가산로 165 1층,033-241-3328,강원특별자치도 춘천시청,033-250-4043,2025-07-14
온정닭갈비,일반가맹점,한식,강원특별자치도,춘천시,4181000,강원특별자치도 춘천시 스무숲1길 32-3 1층,,강원특별자치도 춘천시청,033-250-4043,2025-07-14
온찬,일반가맹점,일식,강원특별자치도,춘천시,4181000,강원특별자치도 춘천시 중앙로77번길 30-1 1동 102층 우측 상가(죽림동),,강원특별자치도 춘천시청,033-250-4043,2025-07-14
온해,일반가맹점,일식,강원특별자치도,춘천시,4181000,강원특별자치도 춘천시 퇴계농공로 9 1층 103호,033-911-6738,강원특별자치도 춘천시청,033-250-4043,2025-07-14
올곧담,일반가맹점,일반대중음식,강원특별자치도,춘천시,4181000,강원특별자치도 춘천시 후석로 387 1층 우측,,강원특별자치도 춘천시청,033-250-4043,2025-07-14
올댓스테이크,일반가맹점,양식,강원특별자치도,춘천시,4181000,"강원특별자치도춘천시 영서로 2879, 2층 (사농동)",033-244-3068,강원특별자치도 춘천시청,033-250-4043,2025-07-14
올더쭈꾸미,일반가맹점,한식,강원특별자치도,춘천시,4181000,"강원특별자치도춘천시 삭주로 193, 1층 (후평동)",033-256-6969,강원특별자치도 춘천시청,033-250-4043,2025-07-14
올레동태탕,일반가맹점,한식,강원특별자치도,춘천시,4181000,강원특별자치도 춘천시 스무숲1길 36-3 1층,033-253-3960,강원특별자치도 춘천시청,033-250-4043,2025-07-14
올레흑돈,일반가맹점,한식,강원특별자치도,춘천시,4181000,강원특별자치도춘천시 퇴계로93번길 12 (퇴계동),033-264-6635,강원특별자치도 춘천시청,033-250-4043,2025-07-14
올미닭갈비,일반가맹점,한식,강원특별자치도,춘천시,4181000,강원특별자치도춘천시 신동로 20,033-256-6828,강원특별자치도 춘천시청,033-250-4043,2025-07-14
올미옻닭집,일반가맹점,한식,강원특별자치도,춘천시,4181000,강원특별자치도 춘천시 신동로 64-22 1층(신동),033-241-6454,강원특별자치도 춘천시청,033-250-4043,2025-07-14
올블루,일반가맹점,한식,강원특별자치도,춘천시,4181000,강원특별자치도 춘천시 후만로 91 1층,033-251-0990,강원특별자치도 춘천시청,033-250-4043,2025-07-14
올어바웃닭,일반가맹점,한식,강원특별자치도,춘천시,4181000,"강원특별자치도 춘천시 신북읍 신샘밭로 706-3 1,2층",,강원특별자치도 춘천시청,033-250-4043,2025-07-14
올챙이닭갈비,일반가맹점,한식,강원특별자치도,춘천시,4181000,강원특별자치도춘천시 안마산로 30 (온의동),033-243-5900,강원특별자치도 춘천시청,033-250-4043,2025-07-14
옹기종기,일반가맹점,일반대중음식,강원특별자치도,춘천시,4181000,강원특별자치도 춘천시 효자로 73 (효자동),,강원특별자치도 춘천시청,033-250-4043,2025-07-14
옹달샘막국수닭갈비,일반가맹점,한식,강원특별자치도,춘천시,4181000,강원특별자치도춘천시 동면 춘천로 587,033-263-0788,강원특별자치도 춘천시청,033-250-4043,2025-07-14
옹장골관광농원,일반가맹점,한식,강원특별자치도,춘천시,4181000,강원특별자치도 춘천시 남면 소주고개로 213-106 1층,033-263-2633,강원특별자치도 춘천시청,033-250-4043,2025-07-14
옹해야숯불닭발,일반가맹점,한식,강원특별자치도,춘천시,4181000,강원특별자치도 춘천시 춘천로176번길 4 1층,033-241-6147,강원특별자치도 춘천시청,033-250-4043,2025-07-14
옻나무집,일반가맹점,한식,강원특별자치도,춘천시,4181000,강원특별자치도 춘천시 동산면 새술막길 684 1층,033-264-3455,강원특별자치도 춘천시청,033-250-4043,2025-07-14
와돈왕뚜껑생삼겹,일반가맹점,한식,강원특별자치도,춘천시,4181000,"강원특별자치도춘천시 충열로16번길 21-20, 2층 (우두동)",033-242-8002,강원특별자치도 춘천시청,033-250-4043,2025-07-14
와사비,일반가맹점,한식,강원특별자치도,춘천시,4181000,강원특별자치도춘천시 우석로 40 (석사동),033-251-7774,강원특별자치도 춘천시청,033-250-4043,2025-07-14
와송칼국수,일반가맹점,한식,강원특별자치도,춘천시,4181000,강원특별자치도춘천시 명동길 46-1 (중앙로3가),,강원특별자치도 춘천시청,033-250-4043,2025-07-14
와우,일반가맹점,양식,강원특별자치도,춘천시,4181000,강원특별자치도 춘천시 동내면 순환대로 622-9 1층,,강원특별자치도 춘천시청,033-250-4043,2025-07-14
와우당냉면,일반가맹점,한식,강원특별자치도,춘천시,4181000,강원특별자치도 춘천시 운교길 7 1층 왼쪽호(운교동),,강원특별자치도 춘천시청,033-250-4043,2025-07-14
와이엠푸드(YM푸드),일반가맹점,한식,강원특별자치도,춘천시,4181000,"강원특별자치도 춘천시 금강로 11 , 5층",033-253-0356,강원특별자치도 춘천시청,033-250-4043,2025-07-14
와이파이전,일반가맹점,일반대중음식,강원특별자치도,춘천시,4181000,"강원특별자치도춘천시 동내면 거두택지길 32, 104호",033-261-5989,강원특별자치도 춘천시청,033-250-4043,2025-07-14
와플대학 춘천봄내캠퍼스,일반가맹점,일반대중음식,강원특별자치도,춘천시,4181000,강원특별자치도 춘천시 퇴계로 201 1층,033-261-0920,강원특별자치도 춘천시청,033-250-4043,2025-07-14
와플대학 춘천후평캠퍼스,일반가맹점,일반대중음식,강원특별자치도,춘천시,4181000,강원특별자치도 춘천시 부안길 28 1층,,강원특별자치도 춘천시청,033-250-4043,2025-07-14
와플대학중앙로캠퍼스,일반가맹점,일반대중음식,강원특별자치도,춘천시,4181000,강원특별자치도 춘천시 중앙로 123 1층 (중앙로3가),033-251-7774,강원특별자치도 춘천시청,033-250-4043,2025-07-14
와플샵(waffle #),일반가맹점,일반대중음식,강원특별자치도,춘천시,4181000,강원특별자치도 춘천시 서부대성로48번길 22-2 1층(요선동),033-256-8644,강원특별자치도 춘천시청,033-250-4043,2025-07-14
와플칸 한림대점,일반가맹점,일반대중음식,강원특별자치도,춘천시,4181000,강원특별자치도 춘천시 삭주로 64 (교동),,강원특별자치도 춘천시청,033-250-4043,2025-07-14
왁자지껄뒷고기집,일반가맹점,한식,강원특별자치도,춘천시,4181000,"강원특별자치도춘천시 춘주로187번길 7, 1층 (퇴계동)",070-4042-3157,강원특별자치도 춘천시청,033-250-4043,2025-07-14
왁자지껄뒷고기집,일반가맹점,한식,강원특별자치도,춘천시,4181000,강원특별자치도 춘천시 후석로 281-1 1층,,강원특별자치도 춘천시청,033-250-4043,2025-07-14
완미족발 춘천명동점,일반가맹점,일반대중음식,강원특별자치도,춘천시,4181000,강원특별자치도 춘천시 서부대성로44번길 12-1 .,033-255-8892,강원특별자치도 춘천시청,033-250-4043,2025-07-14
완미족발 춘천후평점,일반가맹점,한식,강원특별자치도,춘천시,4181000,강원특별자치도 춘천시 보안길 4-1 1층,033-257-8289,강원특별자치도 춘천시청,033-250-4043,2025-07-14
왕가,일반가맹점,한식,강원특별자치도,춘천시,4181000,강원특별자치도춘천시 석사길 15 (석사동),033-261-0559,강원특별자치도 춘천시청,033-250-4043,2025-07-14
왕가마솥뚜껑,일반가맹점,한식,강원특별자치도,춘천시,4181000,강원특별자치도춘천시 새롬공원길 13 (석사동),033-262-5997,강원특별자치도 춘천시청,033-250-4043,2025-07-14
왕대박감자탕,일반가맹점,한식,강원특별자치도,춘천시,4181000,강원특별자치도 춘천시 백령로138번길 14 2층(효자동),070-8613-5260,강원특별자치도 춘천시청,033-250-4043,2025-07-14
왕릉숯불갈비,일반가맹점,한식,강원특별자치도,춘천시,4181000,강원특별자치도춘천시 소양로163번길 36 (소양로2가),033-251-5019,강원특별자치도 춘천시청,033-250-4043,2025-07-14
왕만두,일반가맹점,한식,강원특별자치도,춘천시,4181000,"강원특별자치도춘천시 방송길 77, 지하1층 125호 (온의동, 춘천센트럴타워푸르지오)",033-266-7900,강원특별자치도 춘천시청,033-250-4043,2025-07-14
왕만두,일반가맹점,한식,강원특별자치도,춘천시,4181000,"강원특별자치도춘천시 지석로 80, 2층 271호 (퇴계동, 카펠라복합빌딩)",033-269-7900,강원특별자치도 춘천시청,033-250-4043,2025-07-14
왕소갈비,일반가맹점,한식,강원특별자치도,춘천시,4181000,강원특별자치도춘천시 춘천로 380 (후평동),033-244-4221,강원특별자치도 춘천시청,033-250-4043,2025-07-14
왕소나무막국수,일반가맹점,한식,강원특별자치도,춘천시,4181000,강원특별자치도 춘천시 동산면 조양길 190 1층,033-261-0345,강원특별자치도 춘천시청,033-250-4043,2025-07-14
왕손(해물전문점),일반가맹점,한식,강원특별자치도,춘천시,4181000,강원특별자치도 춘천시 승지골길 7-7 1층,033-255-1440,강원특별자치도 춘천시청,033-250-4043,2025-07-14
왕손피자춘천점,일반가맹점,패스트푸드,강원특별자치도,춘천시,4181000,강원특별자치도 춘천시 퇴계로 144 1층102호(퇴계동),,강원특별자치도 춘천시청,033-250-4043,2025-07-14
왕언니,일반가맹점,한식,강원특별자치도,춘천시,4181000,강원특별자치도춘천시 온의동 29-3번지 춘천풍물시장 11동 77-78호,033-251-5123,강원특별자치도 춘천시청,033-250-4043,2025-07-14
왕짱구,일반가맹점,한식,강원특별자치도,춘천시,4181000,강원특별자치도춘천시 후석로186번길 30-3 (석사동),033-256-5291,강원특별자치도 춘천시청,033-250-4043,2025-07-14
왕짱구,일반가맹점,한식,강원특별자치도,춘천시,4181000,강원특별자치도춘천시 춘천로 195 (효자동),033-254-4862,강원특별자치도 춘천시청,033-250-4043,2025-07-14
왕천파닭,일반가맹점,일반대중음식,강원특별자치도,춘천시,4181000,강원특별자치도 춘천시 스무숲1길 32-16 1층,033-263-0934,강원특별자치도 춘천시청,033-250-4043,2025-07-14
왕촌,일반가맹점,한식,강원특별자치도,춘천시,4181000,강원특별자치도 춘천시 신북읍 상천3길 6 1층,033-242-6878,강원특별자치도 춘천시청,033-250-4043,2025-07-14
외곽,일반가맹점,일식,강원특별자치도,춘천시,4181000,강원특별자치도 춘천시 후만로 11 1층(효자동),033-910-9930,강원특별자치도 춘천시청,033-250-4043,2025-07-14
외양간,일반가맹점,한식,강원특별자치도,춘천시,4181000,강원특별자치도 춘천시 닥나무길9번길 2 1층,033-251-0682,강원특별자치도 춘천시청,033-250-4043,2025-07-14
요거 데이,일반가맹점,일반대중음식,강원특별자치도,춘천시,4181000,강원특별자치도 춘천시 삭주로80번길 14-6 1층,033-255-7599,강원특별자치도 춘천시청,033-250-4043,2025-07-14
요거샌드,일반가맹점,일반대중음식,강원특별자치도,춘천시,4181000,강원특별자치도 춘천시 중앙로 30 .,,강원특별자치도 춘천시청,033-250-4043,2025-07-14
요거참,일반가맹점,일반대중음식,강원특별자치도,춘천시,4181000,"강원특별자치도 춘천시 중앙로 186 15동(근화동, 창엄공간)",,강원특별자치도 춘천시청,033-250-4043,2025-07-14
요리가,일반가맹점,한식,강원특별자치도,춘천시,4181000,강원특별자치도 춘천시 서부대성로 12 지하1층 48호,,강원특별자치도 춘천시청,033-250-4043,2025-07-14
요리마을,일반가맹점,일반대중음식,강원특별자치도,춘천시,4181000,"강원특별자치도 춘천시 동산면 조양길 288 ,",033-264-9798,강원특별자치도 춘천시청,033-250-4043,2025-07-14
요리하는김작가,일반가맹점,한식,강원특별자치도,춘천시,4181000,강원특별자치도 춘천시 남춘로36번길 50-6 퇴계동,,강원특별자치도 춘천시청,033-250-4043,2025-07-14
요미그릭,일반가맹점,일반대중음식,강원특별자치도,춘천시,4181000,강원특별자치도 춘천시 우두1길 140 210동 1층 110호,,강원특별자치도 춘천시청,033-250-4043,2025-07-14
요선동부대찌개집,일반가맹점,한식,강원특별자치도,춘천시,4181000,강원특별자치도 춘천시 모수물길 9 ..,,강원특별자치도 춘천시청,033-250-4043,2025-07-14
요선통닭,일반가맹점,한식,강원특별자치도,춘천시,4181000,강원특별자치도 춘천시 소양고개길 49 1층,033-255-5239,강원특별자치도 춘천시청,033-250-4043,2025-07-14
욜로77,일반가맹점,한식,강원특별자치도,춘천시,4181000,강원특별자치도 춘천시 동내면 거두길 125-21 1층,,강원특별자치도 춘천시청,033-250-4043,2025-07-14
용권네한우곱창,일반가맹점,한식,강원특별자치도,춘천시,4181000,강원특별자치도춘천시 후석로 439 (후평동),033-256-1808,강원특별자치도 춘천시청,033-250-4043,2025-07-14
용두동할매쭈꾸미,일반가맹점,한식,강원특별자치도,춘천시,4181000,"강원특별자치도춘천시 스무숲1길 12, 1층 (석사동)",033-263-7740,강원특별자치도 춘천시청,033-250-4043,2025-07-14
용수골순두부,일반가맹점,한식,강원특별자치도,춘천시,4181000,강원특별자치도춘천시 효제길 15 (효자동),033-254-5592,강원특별자치도 춘천시청,033-250-4043,2025-07-14
용전횟집,일반가맹점,일식,강원특별자치도,춘천시,4181000,강원특별자치도춘천시 서면 삿갓봉길 35,033-262-5771,강원특별자치도 춘천시청,033-250-4043,2025-07-14
용천옛날통닭,일반가맹점,일반대중음식,강원특별자치도,춘천시,4181000,강원특별자치도 춘천시 동면 후석로326번길 96 상가동 101호,033-256-5592,강원특별자치도 춘천시청,033-250-4043,2025-07-14
용천옛날통닭석사점,일반가맹점,일반대중음식,강원특별자치도,춘천시,4181000,"강원특별자치도춘천시 공지로 102, 1층 103호 (석사동)",033-262-9984,강원특별자치도 춘천시청,033-250-4043,2025-07-14
용천옛날통닭석사점,일반가맹점,일반대중음식,강원특별자치도,춘천시,4181000,강원특별자치도 춘천시 공지로 102 1층 103호(석사동),033-262-9984,강원특별자치도 춘천시청,033-250-4043,2025-07-14
용천옛날통닭퇴계점,일반가맹점,일반대중음식,강원특별자치도,춘천시,4181000,강원특별자치도춘천시 김유정로 1885 (퇴계동),033-263-2636,강원특별자치도 춘천시청,033-250-4043,2025-07-14
용추골미궁순대,일반가맹점,한식,강원특별자치도,춘천시,4181000,강원특별자치도 춘천시 신샘밭로 99 1층,033-252-0033,강원특별자치도 춘천시청,033-250-4043,2025-07-14
용화산막국수,일반가맹점,한식,강원특별자치도,춘천시,4181000,강원특별자치도춘천시 사북면 춘화로 552,033-256-0188,강원특별자치도 춘천시청,033-250-4043,2025-07-14
우담촌,일반가맹점,한식,강원특별자치도,춘천시,4181000,강원특별자치도춘천시 안마산로 169-4 (퇴계동),033-261-6362,강원특별자치도 춘천시청,033-250-4043,2025-07-14
우돈가,일반가맹점,한식,강원특별자치도,춘천시,4181000,강원특별자치도 춘천시 동내면 원창고개길 276 1층,,강원특별자치도 춘천시청,033-250-4043,2025-07-14
우두감자탕,일반가맹점,한식,강원특별자치도,춘천시,4181000,"강원특별자치도 춘천시 우두6길 5 ,104호",,강원특별자치도 춘천시청,033-250-4043,2025-07-14
우두골토종순대국밥,일반가맹점,한식,강원특별자치도,춘천시,4181000,강원특별자치도춘천시 동내면 영서로 1747,033-262-1589,강원특별자치도 춘천시청,033-250-4043,2025-07-14
우두돈,일반가맹점,한식,강원특별자치도,춘천시,4181000,"강원특별자치도 춘천시 사우벌길 61 9,10,11,12호",033-251-6068,강원특별자치도 춘천시청,033-250-4043,2025-07-14
우두동가보자토종순대국밥,일반가맹점,한식,강원특별자치도,춘천시,4181000,강원특별자치도 춘천시 사우로 123 1층,033-256-0707,강원특별자치도 춘천시청,033-250-4043,2025-07-14
우두동밥집,일반가맹점,한식,강원특별자치도,춘천시,4181000,강원특별자치도 춘천시 충열로 151 1층,033-255-5999,강원특별자치도 춘천시청,033-250-4043,2025-07-14
우두마차,일반가맹점,한식,강원특별자치도,춘천시,4181000,강원특별자치도 춘천시 충열로 20 1층 102호,033-241-0935,강원특별자치도 춘천시청,033-250-4043,2025-07-14
우두명가순대,일반가맹점,한식,강원특별자치도,춘천시,4181000,강원특별자치도 춘천시 사우로 152 .,033-257-8857,강원특별자치도 춘천시청,033-250-4043,2025-07-14
우두명가순대,일반가맹점,한식,강원특별자치도,춘천시,4181000,강원특별자치도춘천시 사우로 152 (우두동),033-257-8857,강원특별자치도 춘천시청,033-250-4043,2025-07-14
우두부대찌개(강북점),일반가맹점,일반대중음식,강원특별자치도,춘천시,4181000,강원특별자치도 춘천시 영서로 2818 1층,033-256-8992,강원특별자치도 춘천시청,033-250-4043,2025-07-14
우두정거장,일반가맹점,양식,강원특별자치도,춘천시,4181000,강원특별자치도 춘천시 우두강둑길 215 1층,,강원특별자치도 춘천시청,033-250-4043,2025-07-14
우람분식,일반가맹점,한식,강원특별자치도,춘천시,4181000,강원특별자치도춘천시 춘천로68번길 10 (효자동),033-241-1375,강원특별자치도 춘천시청,033-250-4043,2025-07-14
우레골황가네,일반가맹점,한식,강원특별자치도,춘천시,4181000,강원특별자치도춘천시 사북면 우레골길 104-22,033-243-5923,강원특별자치도 춘천시청,033-250-4043,2025-07-14
우레카,일반가맹점,한식,강원특별자치도,춘천시,4181000,강원특별자치도 춘천시 남춘로5번길 18-6 1층,033-257-6336,강원특별자치도 춘천시청,033-250-4043,2025-07-14
우리갈매기살,일반가맹점,한식,강원특별자치도,춘천시,4181000,강원특별자치도춘천시 후평1동 858-5번지 1동,033-256-0117,강원특별자치도 춘천시청,033-250-4043,2025-07-14
우리네맛집,일반가맹점,한식,강원특별자치도,춘천시,4181000,강원특별자치도 춘천시 사북면 화악지암길 420-21 .,033-252-8818,강원특별자치도 춘천시청,033-250-4043,2025-07-14
우리대구왕뽈떼기,일반가맹점,한식,강원특별자치도,춘천시,4181000,강원특별자치도 춘천시 동내면 외솔길19번길 56-11 1층,033-244-8700,강원특별자치도 춘천시청,033-250-4043,2025-07-14
우리돈까스,일반가맹점,일반대중음식,강원특별자치도,춘천시,4181000,강원특별자치도 춘천시 서부대성로 229-1 1층 우측상가(80T),033-254-7772,강원특별자치도 춘천시청,033-250-4043,2025-07-14
우리돈까스 용천옛날통닭,일반가맹점,일반대중음식,강원특별자치도,춘천시,4181000,"강원특별자치도 춘천시 방송길 77 1층 1102호(온의동, 춘천 센트럴타워 푸르지오)",033-255-9755,강원특별자치도 춘천시청,033-250-4043,2025-07-14
우리동네,일반가맹점,한식,강원특별자치도,춘천시,4181000,강원특별자치도 춘천시 영서로 2352-12 5동 1호 (온의동 풍물시장),033-257-3573,강원특별자치도 춘천시청,033-250-4043,2025-07-14
우리동네 횟집,일반가맹점,일식,강원특별자치도,춘천시,4181000,강원특별자치도 춘천시 삭주로 195 2층(후평동),033-256-5993,강원특별자치도 춘천시청,033-250-4043,2025-07-14
우리동네돈까스,일반가맹점,양식,강원특별자치도,춘천시,4181000,강원특별자치도 춘천시 동내면 거두택지길4번길 17 1층,033-263-3663,강원특별자치도 춘천시청,033-250-4043,2025-07-14
우리순대국,일반가맹점,한식,강원특별자치도,춘천시,4181000,강원특별자치도춘천시 후석로45번길 15 (석사동),033-252-9545,강원특별자치도 춘천시청,033-250-4043,2025-07-14
우리식당,일반가맹점,한식,강원특별자치도,춘천시,4181000,"강원특별자치도춘천시 남춘로55번길 3, 좌측상가 (효자동)",033-255-7123,강원특별자치도 춘천시청,033-250-4043,2025-07-14
우리식품,일반가맹점,한식,강원특별자치도,춘천시,4181000,강원특별자치도춘천시 옥천동 111번지,033-250-3548,강원특별자치도 춘천시청,033-250-4043,2025-07-14
우리정육식당,일반가맹점,한식,강원특별자치도,춘천시,4181000,"강원특별자치도춘천시 우석로67번길 21, 1층 (석사동)",033-261-2153,강원특별자치도 춘천시청,033-250-4043,2025-07-14
우리집,일반가맹점,한식,강원특별자치도,춘천시,4181000,강원특별자치도춘천시 요선동 3-7번지,033-251-5651,강원특별자치도 춘천시청,033-250-4043,2025-07-14
우리집한우,일반가맹점,한식,강원특별자치도,춘천시,4181000,"강원특별자치도춘천시 동내면 춘천순환로 133, 103호",033-261-9288,강원특별자치도 춘천시청,033-250-4043,2025-07-14
우리콩 순두부,일반가맹점,일반대중음식,강원특별자치도,춘천시,4181000,강원특별자치도 춘천시 동내면 춘천순환로72번길 52 1층,033-256-4719,강원특별자치도 춘천시청,033-250-4043,2025-07-14
우리콩시골청국장,일반가맹점,한식,강원특별자치도,춘천시,4181000,강원특별자치도 춘천시 동산면 종자리로 302 1층,033-252-9564,강원특별자치도 춘천시청,033-250-4043,2025-07-14
우리한우,일반가맹점,한식,강원특별자치도,춘천시,4181000,강원특별자치도춘천시 칠전동1길 5-8 (칠전동),033-257-4747,강원특별자치도 춘천시청,033-250-4043,2025-07-14
우리할매떡볶이춘천점,일반가맹점,일반대중음식,강원특별자치도,춘천시,4181000,강원특별자치도 춘천시 서부대성로 232 1층(효자동),033-242-8983,강원특별자치도 춘천시청,033-250-4043,2025-07-14
우리해장국,일반가맹점,한식,강원특별자치도,춘천시,4181000,강원특별자치도 춘천시 우석로 43 1층,033-262-1370,강원특별자치도 춘천시청,033-250-4043,2025-07-14
우리흑염소,일반가맹점,한식,강원특별자치도,춘천시,4181000,강원특별자치도춘천시 동내면 춘천순환로72번길 34-13,033-262-5076,강원특별자치도 춘천시청,033-250-4043,2025-07-14
우물막국수,일반가맹점,한식,강원특별자치도,춘천시,4181000,강원특별자치도춘천시 공지로 57-12 (석사동),033-262-9306,강원특별자치도 춘천시청,033-250-4043,2025-07-14
우물막국수,일반가맹점,한식,강원특별자치도,춘천시,4181000,강원특별자치도춘천시 서면 박사로 755,033-234-4563,강원특별자치도 춘천시청,033-250-4043,2025-07-14
우물정,일반가맹점,한식,강원특별자치도,춘천시,4181000,강원특별자치도 춘천시 영서로 3016 1층,033-242-6498,강원특별자치도 춘천시청,033-250-4043,2025-07-14
우물정,일반가맹점,한식,강원특별자치도,춘천시,4181000,강원특별자치도 춘천시 우석로79번길 16-22 1층,033-264-6498,강원특별자치도 춘천시청,033-250-4043,2025-07-14
우물집,일반가맹점,한식,강원특별자치도,춘천시,4181000,강원특별자치도춘천시 남산면 강촌로 86,033-262-0209,강원특별자치도 춘천시청,033-250-4043,2025-07-14
우물집,일반가맹점,한식,강원특별자치도,춘천시,4181000,강원특별자치도춘천시 남산면 한치로 105,033-263-3830,강원특별자치도 춘천시청,033-250-4043,2025-07-14
우미관,일반가맹점,한식,강원특별자치도,춘천시,4181000,강원특별자치도 춘천시 방송길 100 1층,033-241-9293,강원특별자치도 춘천시청,033-250-4043,2025-07-14
우미닭갈비 본점,일반가맹점,한식,강원특별자치도,춘천시,4181000,강원특별자치도 춘천시 금강로 62 1층,033-253-2428,강원특별자치도 춘천시청,033-250-4043,2025-07-14
우미닭갈비막국수,일반가맹점,한식,강원특별자치도,춘천시,4181000,강원특별자치도 춘천시 안마산로 7 ..,033-257-6686,강원특별자치도 춘천시청,033-250-4043,2025-07-14
우미닭갈비인공폭포점,일반가맹점,한식,강원특별자치도,춘천시,4181000,강원특별자치도 춘천시 후만로 81 1~2층,033-252-2752,강원특별자치도 춘천시청,033-250-4043,2025-07-14
우성닭갈비,일반가맹점,한식,강원특별자치도,춘천시,4181000,강원특별자치도춘천시 퇴계동 11지구4B-2L 4-2,033-242-8484,강원특별자치도 춘천시청,033-250-4043,2025-07-14
우성닭갈비 본점,일반가맹점,한식,강원특별자치도,춘천시,4181000,강원특별자치도춘천시 동면 만천양지길 87,033-254-0053,강원특별자치도 춘천시청,033-250-4043,2025-07-14
우영갈비,일반가맹점,한식,강원특별자치도,춘천시,4181000,강원특별자치도춘천시 교운가길 4 (교동),033-244-8696,강원특별자치도 춘천시청,033-250-4043,2025-07-14
우이락 춘천퇴계점,일반가맹점,한식,강원특별자치도,춘천시,4181000,강원특별자치도 춘천시 효자로 10 1층,,강원특별자치도 춘천시청,033-250-4043,2025-07-14
우일막국수,일반가맹점,일반대중음식,강원특별자치도,춘천시,4181000,강원특별자치도춘천시 동산면 영서로 835,033-261-5915,강원특별자치도 춘천시청,033-250-4043,2025-07-14
우정죽(강대병원점),일반가맹점,한식,강원특별자치도,춘천시,4181000,강원특별자치도춘천시 백령로 157 (효자동),033-264-6288,강원특별자치도 춘천시청,033-250-4043,2025-07-14
우주가,일반가맹점,한식,강원특별자치도,춘천시,4181000,강원특별자치도 춘천시 김유정로 1852-23 1층,033-253-2966,강원특별자치도 춘천시청,033-250-4043,2025-07-14
우주종합어시장,일반가맹점,일식,강원특별자치도,춘천시,4181000,"강원특별자치도춘천시 춘천로 209, 1층 (효자동)",033-261-7165,강원특별자치도 춘천시청,033-250-4043,2025-07-14
우촌식당,일반가맹점,한식,강원특별자치도,춘천시,4181000,"강원특별자치도춘천시 공지로451번길 11, 1층 (근화동)",033-243-7305,강원특별자치도 춘천시청,033-250-4043,2025-07-14
우촌칡냉면,일반가맹점,한식,강원특별자치도,춘천시,4181000,강원특별자치도 춘천시 남춘로5번길 13-2 1층,033-251-8182,강원특별자치도 춘천시청,033-250-4043,2025-07-14
우촌해장국,일반가맹점,한식,강원특별자치도,춘천시,4181000,강원특별자치도 춘천시 영서로 3152 1층,033-243-8803,강원특별자치도 춘천시청,033-250-4043,2025-07-14
우화,일반가맹점,한식,강원특별자치도,춘천시,4181000,"강원특별자치도춘천시 우석로67번길 19, 1층 (석사동)",,강원특별자치도 춘천시청,033-250-4043,2025-07-14
운교집,일반가맹점,한식,강원특별자치도,춘천시,4181000,강원특별자치도 춘천시 금강로 91-1 ..,,강원특별자치도 춘천시청,033-250-4043,2025-07-14
운수대통 뼈다귀탕,일반가맹점,한식,강원특별자치도,춘천시,4181000,강원특별자치도춘천시 동내면 춘천순환로72번길 35,033-262-2221,강원특별자치도 춘천시청,033-250-4043,2025-07-14
운수대통닭갈비,일반가맹점,한식,강원특별자치도,춘천시,4181000,강원특별자치도춘천시 백령로138번길 14 (효자동),033-264-1335,강원특별자치도 춘천시청,033-250-4043,2025-07-14
웅쓰,일반가맹점,한식,강원특별자치도,춘천시,4181000,"강원특별자치도 춘천시 남춘로36번길 79 ,1층",033-262-0602,강원특별자치도 춘천시청,033-250-4043,2025-07-14
워낭,일반가맹점,한식,강원특별자치도,춘천시,4181000,강원특별자치도춘천시 후만로116번길 21 (후평동),033-243-9396,강원특별자치도 춘천시청,033-250-4043,2025-07-14
웍킹제육,일반가맹점,한식,강원특별자치도,춘천시,4181000,"강원특별자치도춘천시 후석로 263, 1층 (후평동)",033-241-0916,강원특별자치도 춘천시청,033-250-4043,2025-07-14
원(ONE),일반가맹점,한식,강원특별자치도,춘천시,4181000,"강원특별자치도 춘천시 백령로138번길 17 , 1층",,강원특별자치도 춘천시청,033-250-4043,2025-07-14
원님밥상,일반가맹점,한식,강원특별자치도,춘천시,4181000,강원특별자치도 춘천시 시청길12번길 10 지하층,033-257-5477,강원특별자치도 춘천시청,033-250-4043,2025-07-14
원닭갈비,일반가맹점,일반대중음식,강원특별자치도,춘천시,4181000,강원특별자치도 춘천시 동내면 세실로 36 1층,033-264-1399,강원특별자치도 춘천시청,033-250-4043,2025-07-14
원대감감자탕,일반가맹점,일반대중음식,강원특별자치도,춘천시,4181000,강원특별자치도 춘천시 후석로45번길 6 .,033-262-0068,강원특별자치도 춘천시청,033-250-4043,2025-07-14
원도 닭한마리 칼국수,일반가맹점,한식,강원특별자치도,춘천시,4181000,"강원특별자치도 춘천시 세실로208번길 7-8 , 1층",033-254-9399,강원특별자치도 춘천시청,033-250-4043,2025-07-14
원두막식당,일반가맹점,한식,강원특별자치도,춘천시,4181000,강원특별자치도춘천시 서면 박사로 815,033-243-1244,강원특별자치도 춘천시청,033-250-4043,2025-07-14
원메밀막국수,일반가맹점,한식,강원특별자치도,춘천시,4181000,강원특별자치도 춘천시 춘천로 197 1층,033-256-4293,강원특별자치도 춘천시청,033-250-4043,2025-07-14
원순두부,일반가맹점,한식,강원특별자치도,춘천시,4181000,강원특별자치도춘천시 서부대성로48번길 19 (요선동),033-244-2653,강원특별자치도 춘천시청,033-250-4043,2025-07-14
원식이네손칼국수,일반가맹점,한식,강원특별자치도,춘천시,4181000,강원특별자치도춘천시 후석로 591 (소양로1가),033-257-5662,강원특별자치도 춘천시청,033-250-4043,2025-07-14
원영,일반가맹점,일반대중음식,강원특별자치도,춘천시,4181000,강원특별자치도 춘천시 서부대성로239번길 33 (후평동),,강원특별자치도 춘천시청,033-250-4043,2025-07-14
원용식당,일반가맹점,한식,강원특별자치도,춘천시,4181000,강원특별자치도 춘천시 동면 가락재로 1337 1층,033-254-5516,강원특별자치도 춘천시청,033-250-4043,2025-07-14
원이네닭발,일반가맹점,일반대중음식,강원특별자치도,춘천시,4181000,강원특별자치도 춘천시 서부대성로 192-1 .,033-251-3369,강원특별자치도 춘천시청,033-250-4043,2025-07-14
원조 닭똥집,일반가맹점,한식,강원특별자치도,춘천시,4181000,강원특별자치도춘천시 영서로2756번길 2 (우두동),033-255-0665,강원특별자치도 춘천시청,033-250-4043,2025-07-14
원조 짱구,일반가맹점,한식,강원특별자치도,춘천시,4181000,"강원특별자치도춘천시 안마산로 207, 6호 (퇴계동)",033-262-7954,강원특별자치도 춘천시청,033-250-4043,2025-07-14
원조갈비탕,일반가맹점,한식,강원특별자치도,춘천시,4181000,강원특별자치도 춘천시 시청길 32 1층 110호,033-241-8882,강원특별자치도 춘천시청,033-250-4043,2025-07-14
원조남부막국수,일반가맹점,일반대중음식,강원특별자치도,춘천시,4181000,강원특별자치도춘천시 춘천로 56 (효자동),033-256-7859,강원특별자치도 춘천시청,033-250-4043,2025-07-14
원조마늘통닭집,일반가맹점,일반대중음식,강원특별자치도,춘천시,4181000,강원특별자치도춘천시 낙원동 28-1,033-252-9979,강원특별자치도 춘천시청,033-250-4043,2025-07-14
원조마늘통닭집,일반가맹점,일반대중음식,강원특별자치도,춘천시,4181000,강원특별자치도춘천시 후만로116번길 14 (후평동),033-251-9942,강원특별자치도 춘천시청,033-250-4043,2025-07-14
원조막국수별관,일반가맹점,한식,강원특별자치도,춘천시,4181000,강원특별자치도 춘천시 동산면 영서로 1009 .,,강원특별자치도 춘천시청,033-250-4043,2025-07-14
원조부안집춘천우두점,일반가맹점,한식,강원특별자치도,춘천시,4181000,강원특별자치도 춘천시 우두1길 31 1층,033-242-2022,강원특별자치도 춘천시청,033-250-4043,2025-07-14
원조새술막국수,일반가맹점,한식,강원특별자치도,춘천시,4181000,강원특별자치도 춘천시 동산면 새술막길 697 원조새술막국수,033-262-1326,강원특별자치도 춘천시청,033-250-4043,2025-07-14
원조숯불닭불고기집,일반가맹점,한식,강원특별자치도,춘천시,4181000,강원특별자치도 춘천시 낙원길 28-4 .,033-257-5326,강원특별자치도 춘천시청,033-250-4043,2025-07-14
원조신토불이,일반가맹점,한식,강원특별자치도,춘천시,4181000,강원특별자치도춘천시 우석로85번길 20-9 (석사동),033-261-1501,강원특별자치도 춘천시청,033-250-4043,2025-07-14
원조중앙닭갈비,일반가맹점,한식,강원특별자치도,춘천시,4181000,강원특별자치도춘천시 금강로62번길 13-5 (조양동),033-253-4444,강원특별자치도 춘천시청,033-250-4043,2025-07-14
원조중앙닭갈비,일반가맹점,한식,강원특별자치도,춘천시,4181000,강원특별자치도춘천시 남산면 강촌로 112,070-8149-9755,강원특별자치도 춘천시청,033-250-4043,2025-07-14
원조춘천왕감자탕,일반가맹점,한식,강원특별자치도,춘천시,4181000,강원특별자치도 춘천시 동면 만천로 88 1층,033-241-0470,강원특별자치도 춘천시청,033-250-4043,2025-07-14
원조퇴골집오리숯불구이서면본점막내아들,일반가맹점,한식,강원특별자치도,춘천시,4181000,강원특별자치도춘천시 스무숲1길 4-7 (석사동),033-263-4525,강원특별자치도 춘천시청,033-250-4043,2025-07-14
원조흑염소탕집,일반가맹점,한식,강원특별자치도,춘천시,4181000,강원특별자치도 춘천시 중앙로190번길 41 1층,033-255-6900,강원특별자치도 춘천시청,033-250-4043,2025-07-14
원주 토정 추어탕,일반가맹점,한식,강원특별자치도,춘천시,4181000,강원특별자치도 춘천시 신동면 김유정로 1746 1층,033-256-9888,강원특별자치도 춘천시청,033-250-4043,2025-07-14
원주일미통닭,일반가맹점,일반대중음식,강원특별자치도,춘천시,4181000,강원특별자치도 춘천시 서부대성로 140-2 .,033-254-3992,강원특별자치도 춘천시청,033-250-4043,2025-07-14
원주일미통닭,일반가맹점,일반대중음식,강원특별자치도,춘천시,4181000,강원특별자치도 춘천시 서부대성로 140-2 원주일미통닭,033-254-3992,강원특별자치도 춘천시청,033-250-4043,2025-07-14
원주추어탕,일반가맹점,한식,강원특별자치도,춘천시,4181000,"강원특별자치도춘천시 공원4길 19-1, 1층 (퇴계동)",033-253-9927,강원특별자치도 춘천시청,033-250-4043,2025-07-14
원주추어탕,일반가맹점,한식,강원특별자치도,춘천시,4181000,강원특별자치도춘천시 춘천로68번길 16-1 (효자동),033-242-3643,강원특별자치도 춘천시청,033-250-4043,2025-07-14
원창개울가집,일반가맹점,한식,강원특별자치도,춘천시,4181000,강원특별자치도 춘천시 동산면 관거리길 42-62 1층,033-262-9801,강원특별자치도 춘천시청,033-250-4043,2025-07-14
원타코,일반가맹점,일반대중음식,강원특별자치도,춘천시,4181000,"강원특별자치도춘천시 동내면 거두택지길 39, 1층 원타코",033-263-5957,강원특별자치도 춘천시청,033-250-4043,2025-07-14
원평가든,일반가맹점,한식,강원특별자치도,춘천시,4181000,강원특별자치도춘천시 사북면 말고개길 14-25,033-243-6612,강원특별자치도 춘천시청,033-250-4043,2025-07-14
원할머니 보쌈족발 춘천후평점,일반가맹점,한식,강원특별자치도,춘천시,4181000,강원특별자치도 춘천시 백령로 188 1층 우측호,033-256-7333,강원특별자치도 춘천시청,033-250-4043,2025-07-14
월남선생 춘천cgv점,일반가맹점,일반대중음식,강원특별자치도,춘천시,4181000,강원특별자치도 춘천시 퇴계농공로 20 104호,033-263-3933,강원특별자치도 춘천시청,033-250-4043,2025-07-14
월남선생 퇴계점,일반가맹점,일반대중음식,강원특별자치도,춘천시,4181000,강원특별자치도 춘천시 남춘로 17 코아루 웰라움타워 상가 212호,033-251-9292,강원특별자치도 춘천시청,033-250-4043,2025-07-14
월미당강원대점,일반가맹점,일반대중음식,강원특별자치도,춘천시,4181000,강원특별자치도 춘천시 서부대성로227번길 3 1층,,강원특별자치도 춘천시청,033-250-4043,2025-07-14
월송 유로베이커리&로스터리,일반가맹점,한식,강원특별자치도,춘천시,4181000,강원특별자치도 춘천시 서면 경춘로 349-1 .,033-264-6767,강원특별자치도 춘천시청,033-250-4043,2025-07-14
월송추어탕,일반가맹점,일반대중음식,강원특별자치도,춘천시,4181000,강원특별자치도춘천시 효석로 33 (효자동),033-366-3510,강원특별자치도 춘천시청,033-250-4043,2025-07-14
웰빙닭갈비,일반가맹점,한식,강원특별자치도,춘천시,4181000,강원특별자치도춘천시 승지골길 3-6 (퇴계동),033-261-9285,강원특별자치도 춘천시청,033-250-4043,2025-07-14
웰빙한정식 소반,일반가맹점,한식,강원특별자치도,춘천시,4181000,강원특별자치도 춘천시 스무숲4길 27 1층,033-262-2073,강원특별자치도 춘천시청,033-250-4043,2025-07-14
위도횟집,일반가맹점,한식,강원특별자치도,춘천시,4181000,강원특별자치도춘천시 영서로 3068 (사농동),033-252-9740,강원특별자치도 춘천시청,033-250-4043,2025-07-14
위드미 세경점,편의점,편의점,강원특별자치도,춘천시,4181000,강원특별자치도 춘천시 삭주로 125 1층 세경 아파트상가 103호104호,033-242-2651,강원특별자치도 춘천시청,033-250-4043,2025-07-14
위드미 춘천강대원룸점,편의점,편의점,강원특별자치도,춘천시,4181000,강원특별자치도 춘천시 백령로67번길 15 1층,,강원특별자치도 춘천시청,033-250-4043,2025-07-14
위드미 춘천봄내점,편의점,편의점,강원특별자치도,춘천시,4181000,강원특별자치도 춘천시 공지로218번길 6 상가동 101호,,강원특별자치도 춘천시청,033-250-4043,2025-07-14
위드미춘천강북점,편의점,편의점,강원특별자치도,춘천시,4181000,강원특별자치도 춘천시 충열로16번길 15 우두동,033-243-8289,강원특별자치도 춘천시청,033-250-4043,2025-07-14
위드유케이크(withUcake),일반가맹점,제과점,강원특별자치도,춘천시,4181000,강원특별자치도 춘천시 춘천로 264 1층 (후평동),,강원특별자치도 춘천시청,033-250-4043,2025-07-14
위안바오(YUAN BAO),일반가맹점,중식,강원특별자치도,춘천시,4181000,"강원특별자치도춘천시 명동길 21, 2층 (죽림동)",033-244-7772,강원특별자치도 춘천시청,033-250-4043,2025-07-14
위찜우두점,일반가맹점,한식,강원특별자치도,춘천시,4181000,강원특별자치도 춘천시 우두1길 59 1층,,강원특별자치도 춘천시청,033-250-4043,2025-07-14
위찜춘천후평점,일반가맹점,한식,강원특별자치도,춘천시,4181000,강원특별자치도 춘천시 보안길 75 1층,,강원특별자치도 춘천시청,033-250-4043,2025-07-14
위푸드,일반가맹점,한식,강원특별자치도,춘천시,4181000,"강원특별자치도춘천시 효자로 147, 1층 (효자동)",,강원특별자치도 춘천시청,033-250-4043,2025-07-14
윌로위시,일반가맹점,한식,강원특별자치도,춘천시,4181000,강원특별자치도 춘천시 스무숲1길 22 1층,033-264-5282,강원특별자치도 춘천시청,033-250-4043,2025-07-14
유가네감자탕,일반가맹점,한식,강원특별자치도,춘천시,4181000,강원특별자치도춘천시 요선동 14-13번지,033-257-3337,강원특별자치도 춘천시청,033-250-4043,2025-07-14
유동짬뽕,일반가맹점,중식,강원특별자치도,춘천시,4181000,강원특별자치도 춘천시 충혼길52번길 9 1층(온의동),,강원특별자치도 춘천시청,033-250-4043,2025-07-14
유로코피자춘천점,일반가맹점,패스트푸드,강원특별자치도,춘천시,4181000,"강원특별자치도춘천시 효제길 37, 1층 (효자동)",033-242-7888,강원특별자치도 춘천시청,033-250-4043,2025-07-14
유림쭈꾸미,일반가맹점,한식,강원특별자치도,춘천시,4181000,"강원특별자치도춘천시 신북읍 율문2길 10, 1층",033-243-4620,강원특별자치도 춘천시청,033-250-4043,2025-07-14
유명한맛돼지,일반가맹점,한식,강원특별자치도,춘천시,4181000,강원특별자치도 춘천시 지석로 89 1층,033-246-9249,강원특별자치도 춘천시청,033-250-4043,2025-07-14
유미닭갈비,일반가맹점,한식,강원특별자치도,춘천시,4181000,강원특별자치도 춘천시 금강로62번길 12 1층,033-244-4455,강원특별자치도 춘천시청,033-250-4043,2025-07-14
유미카츠춘천우두점,일반가맹점,한식,강원특별자치도,춘천시,4181000,강원특별자치도 춘천시 마장길 75 1층,033-253-0804,강원특별자치도 춘천시청,033-250-4043,2025-07-14
유미카츠춘천점,일반가맹점,일식,강원특별자치도,춘천시,4181000,"강원특별자치도 춘천시 춘천로17번길 21 1층 118호 (온의동, 춘천강남하이엔드)",033-255-0803,강원특별자치도 춘천시청,033-250-4043,2025-07-14
유민이네부대찌개육개장,일반가맹점,한식,강원특별자치도,춘천시,4181000,강원특별자치도 춘천시 동내면 영서로 1757 1층,033-262-0850,강원특별자치도 춘천시청,033-250-4043,2025-07-14
유성가든,일반가맹점,한식,강원특별자치도,춘천시,4181000,강원특별자치도 춘천시 북산면 북산로 5-16 1층,033-244-1508,강원특별자치도 춘천시청,033-250-4043,2025-07-14
유송푸드,일반가맹점,한식,강원특별자치도,춘천시,4181000,강원특별자치도 춘천시 춘천로310번길 26 1층,,강원특별자치도 춘천시청,033-250-4043,2025-07-14
유우동,일반가맹점,한식,강원특별자치도,춘천시,4181000,"강원특별자치도춘천시 중앙로1가 91 지하상가 다열 77,78호",033-257-8282,강원특별자치도 춘천시청,033-250-4043,2025-07-14
유우동,일반가맹점,한식,강원특별자치도,춘천시,4181000,강원특별자치도춘천시 백령로 127 (효자동),033-251-6525,강원특별자치도 춘천시청,033-250-4043,2025-07-14
유의자능이백숙,일반가맹점,한식,강원특별자치도,춘천시,4181000,강원특별자치도 춘천시 동내면 동내로 58 1층,033-264-6090,강원특별자치도 춘천시청,033-250-4043,2025-07-14
유정국밥,일반가맹점,한식,강원특별자치도,춘천시,4181000,"강원특별자치도춘천시 신동면 풍류1길 1, 1층",033-261-4001,강원특별자치도 춘천시청,033-250-4043,2025-07-14
유정마을,일반가맹점,한식,강원특별자치도,춘천시,4181000,강원특별자치도춘천시 신동 증리 869-1,033-262-0361,강원특별자치도 춘천시청,033-250-4043,2025-07-14
유정명물닭갈비막국수,일반가맹점,한식,강원특별자치도,춘천시,4181000,강원특별자치도 춘천시 신동면 김유정로 1402 1층,033-262-5669,강원특별자치도 춘천시청,033-250-4043,2025-07-14
유정반점,일반가맹점,중식,강원특별자치도,춘천시,4181000,강원특별자치도춘천시 신동면 김유정로 1421,033-261-4233,강원특별자치도 춘천시청,033-250-4043,2025-07-14
유정역,일반가맹점,한식,강원특별자치도,춘천시,4181000,"강원특별자치도춘천시 방송길 77, 지하1층 B109호 (온의동, 춘천센트럴타워푸르지오)",033-262-7356,강원특별자치도 춘천시청,033-250-4043,2025-07-14
유천냉면과 돼지한마리,일반가맹점,한식,강원특별자치도,춘천시,4181000,강원특별자치도 춘천시 사우3길 33-14 1층(사농동),,강원특별자치도 춘천시청,033-250-4043,2025-07-14
유천칡냉면,일반가맹점,한식,강원특별자치도,춘천시,4181000,"강원특별자치도춘천시 우석로 19-1, 1층 (석사동)",033-252-6025,강원특별자치도 춘천시청,033-250-4043,2025-07-14
유캔두잇 춘천효자점,일반가맹점,일반대중음식,강원특별자치도,춘천시,4181000,강원특별자치도 춘천시 남춘로45번길 40-14 1층(효자동),033-910-9193,강원특별자치도 춘천시청,033-250-4043,2025-07-14
유케집 춘천점,일반가맹점,일반대중음식,강원특별자치도,춘천시,4181000,강원특별자치도 춘천시 효자로 3 1층 서쪽점포(퇴계동),,강원특별자치도 춘천시청,033-250-4043,2025-07-14
유쾌한연어씨,일반가맹점,양식,강원특별자치도,춘천시,4181000,강원특별자치도춘천시 중앙로68번길 12 1층  춘천관광호텔 (낙원동),033-244-9700,강원특별자치도 춘천시청,033-250-4043,2025-07-14
유쾌한형제들,일반가맹점,한식,강원특별자치도,춘천시,4181000,강원특별자치도 춘천시 삭주로 112 (후평동),033-244-9700,강원특별자치도 춘천시청,033-250-4043,2025-07-14
"유포리(옹기정밀)낚시터,포리골",일반가맹점,한식,강원특별자치도,춘천시,4181000,강원특별자치도춘천시 신북읍 맥국3길 15-28,033-242-5959,강원특별자치도 춘천시청,033-250-4043,2025-07-14
유포리막국수,일반가맹점,일반대중음식,강원특별자치도,춘천시,4181000,강원특별자치도춘천시 신북읍 맥국2길 123,033-242-5168,강원특별자치도 춘천시청,033-250-4043,2025-07-14
유하,일반가맹점,일식,강원특별자치도,춘천시,4181000,강원특별자치도 춘천시 중앙로67번길 18 4동4107호,033-253-6001,강원특별자치도 춘천시청,033-250-4043,2025-07-14
육감,일반가맹점,한식,강원특별자치도,춘천시,4181000,강원특별자치도 춘천시 보안길 62 2층,033-255-5928,강원특별자치도 춘천시청,033-250-4043,2025-07-14
육갑선생,일반가맹점,한식,강원특별자치도,춘천시,4181000,강원특별자치도 춘천시 애막골길7번길 29 1층,,강원특별자치도 춘천시청,033-250-4043,2025-07-14
육경,일반가맹점,일반대중음식,강원특별자치도,춘천시,4181000,강원특별자치도 춘천시 보안길 77 1층,,강원특별자치도 춘천시청,033-250-4043,2025-07-14
육대육,일반가맹점,한식,강원특별자치도,춘천시,4181000,"강원특별자치도 춘천시 우두5길 36 , 1층 108,109호(우두동)",033-244-6667,강원특별자치도 춘천시청,033-250-4043,2025-07-14
육대장,일반가맹점,한식,강원특별자치도,춘천시,4181000,"강원특별자치도 춘천시 만천로195번길 9 ,1층 (후평동)",033-255-9008,강원특별자치도 춘천시청,033-250-4043,2025-07-14
육대장,일반가맹점,한식,강원특별자치도,춘천시,4181000,강원특별자치도춘천시 우묵길70번길 1 (퇴계동),033-252-0505,강원특별자치도 춘천시청,033-250-4043,2025-07-14
육대장근화점,일반가맹점,한식,강원특별자치도,춘천시,4181000,강원특별자치도 춘천시 소양로 12 .,,강원특별자치도 춘천시청,033-250-4043,2025-07-14
육림객잔,일반가맹점,중식,강원특별자치도,춘천시,4181000,강원특별자치도춘천시 서부대성로 207 (효자동),,강원특별자치도 춘천시청,033-250-4043,2025-07-14
육림고개스낵,일반가맹점,일반대중음식,강원특별자치도,춘천시,4181000,강원특별자치도 춘천시 중앙로67번길 33 1층,033-255-5318,강원특별자치도 춘천시청,033-250-4043,2025-07-14
육림고개올챙이국수,일반가맹점,한식,강원특별자치도,춘천시,4181000,강원특별자치도 춘천시 중앙로77번길 38 1층,033-253-4025,강원특별자치도 춘천시청,033-250-4043,2025-07-14
육림닭강정,일반가맹점,한식,강원특별자치도,춘천시,4181000,"강원특별자치도춘천시 중앙로77번길 30, 1층 (죽림동)",033-244-1510,강원특별자치도 춘천시청,033-250-4043,2025-07-14
육림보쌈,일반가맹점,한식,강원특별자치도,춘천시,4181000,강원특별자치도춘천시 소전길 33-1 (효자동),033-252-6547,강원특별자치도 춘천시청,033-250-4043,2025-07-14
육림보쌈숯불구이후평점,일반가맹점,한식,강원특별자치도,춘천시,4181000,강원특별자치도춘천시 삭주로 120 (후평동),033-254-6547,강원특별자치도 춘천시청,033-250-4043,2025-07-14
육림집,일반가맹점,한식,강원특별자치도,춘천시,4181000,강원특별자치도춘천시 온의동 29-3번지 춘천풍물상가 12-90호,033-251-8513,강원특별자치도 춘천시청,033-250-4043,2025-07-14
육림푸드,일반가맹점,일반대중음식,강원특별자치도,춘천시,4181000,강원특별자치도 춘천시 소양고개길 46 1층,033-252-1513,강원특별자치도 춘천시청,033-250-4043,2025-07-14
육면,일반가맹점,한식,강원특별자치도,춘천시,4181000,강원특별자치도 춘천시 삭주로 12 2층 (교동),,강원특별자치도 춘천시청,033-250-4043,2025-07-14
육미제당퇴계점,일반가맹점,한식,강원특별자치도,춘천시,4181000,"강원특별자치도춘천시 김유정로 1897, 3층 (퇴계동)",033-262-7241,강원특별자치도 춘천시청,033-250-4043,2025-07-14
육반주,일반가맹점,한식,강원특별자치도,춘천시,4181000,강원특별자치도 춘천시 스무숲1길 46-6 1층(석사동),033-262-8789,강원특별자치도 춘천시청,033-250-4043,2025-07-14
육쌈냉면 춘천명동점,일반가맹점,한식,강원특별자치도,춘천시,4181000,강원특별자치도춘천시 명동길 9 2층 (조양동),033-256-6392,강원특별자치도 춘천시청,033-250-4043,2025-07-14
육점오,일반가맹점,한식,강원특별자치도,춘천시,4181000,강원특별자치도 춘천시 동내면 거두택지길 41-11 .,,강원특별자치도 춘천시청,033-250-4043,2025-07-14
육존심,일반가맹점,일반대중음식,강원특별자치도,춘천시,4181000,강원특별자치도 춘천시 우석로79번길 12-4 1층,033-262-6692,강원특별자치도 춘천시청,033-250-4043,2025-07-14
육칠이 춘천점,일반가맹점,한식,강원특별자치도,춘천시,4181000,강원특별자치도 춘천시 서부대성로 198 102호,,강원특별자치도 춘천시청,033-250-4043,2025-07-14
육향가득한소담송하,일반가맹점,한식,강원특별자치도,춘천시,4181000,강원특별자치도 춘천시 동내면 춘천순환로 135 1층,033-264-1110,강원특별자치도 춘천시청,033-250-4043,2025-07-14
육화당,일반가맹점,한식,강원특별자치도,춘천시,4181000,"강원특별자치도 춘천시 동내면 거두택지길 93-3 , 1층",033-263-3922,강원특별자치도 춘천시청,033-250-4043,2025-07-14
육회 만드는 사람들,일반가맹점,한식,강원특별자치도,춘천시,4181000,강원특별자치도 춘천시 후석로45번길 30 1층,033-261-5677,강원특별자치도 춘천시청,033-250-4043,2025-07-14
육회본가 후평점,일반가맹점,한식,강원특별자치도,춘천시,4181000,강원특별자치도 춘천시 보안길 19 1층,033-257-6747,강원특별자치도 춘천시청,033-250-4043,2025-07-14
육회본가우두점,일반가맹점,한식,강원특별자치도,춘천시,4181000,강원특별자치도 춘천시 영서로2756번길 12-1 1응(우두동),033-251-6161,강원특별자치도 춘천시청,033-250-4043,2025-07-14
육회본가퇴계점,일반가맹점,한식,강원특별자치도,춘천시,4181000,강원특별자치도 춘천시 우묵길78번길 30 퇴계동,033-251-9991,강원특별자치도 춘천시청,033-250-4043,2025-07-14
육회야문연어춘천점,일반가맹점,일반대중음식,강원특별자치도,춘천시,4181000,강원특별자치도 춘천시 서부대성로 207 1층,033-242-8858,강원특별자치도 춘천시청,033-250-4043,2025-07-14
육회연어타운,일반가맹점,일반대중음식,강원특별자치도,춘천시,4181000,강원특별자치도 춘천시 김유정로 1852-13 2층(퇴계동),,강원특별자치도 춘천시청,033-250-4043,2025-07-14
육회왕자연어공주춘천1호점,일반가맹점,한식,강원특별자치도,춘천시,4181000,강원특별자치도 춘천시 애막골길7번길 27 1층,033-261-1131,강원특별자치도 춘천시청,033-250-4043,2025-07-14
윤가네바지락칼국수,일반가맹점,한식,강원특별자치도,춘천시,4181000,"강원특별자치도 춘천시 중앙로 지하35-2 다열 53,54호",033-242-0841,강원특별자치도 춘천시청,033-250-4043,2025-07-14
윤가식당,일반가맹점,한식,강원특별자치도,춘천시,4181000,"강원특별자치도춘천시 남산면 강촌로 111, 1층",033-262-9733,강원특별자치도 춘천시청,033-250-4043,2025-07-14
윤서방네,일반가맹점,한식,강원특별자치도,춘천시,4181000,강원특별자치도 춘천시 동산면 관거리길 42-60 1층,033-261-9924,강원특별자치도 춘천시청,033-250-4043,2025-07-14
윤수산,일반가맹점,한식,강원특별자치도,춘천시,4181000,강원특별자치도춘천시 동면 가산로 184,033-241-5801,강원특별자치도 춘천시청,033-250-4043,2025-07-14
윤스꼬 맥반석숯불문어와닭갈비,일반가맹점,한식,강원특별자치도,춘천시,4181000,강원특별자치도 춘천시 남산면 강촌구곡길 9 1층,033-262-7899,강원특별자치도 춘천시청,033-250-4043,2025-07-14
윤식당,일반가맹점,한식,강원특별자치도,춘천시,4181000,강원특별자치도 춘천시 기와집길 8 1층,033-910-5784,강원특별자치도 춘천시청,033-250-4043,2025-07-14
윤식당,일반가맹점,한식,강원특별자치도,춘천시,4181000,강원특별자치도춘천시 기와집길 8 (소양로2가),033-910-5784,강원특별자치도 춘천시청,033-250-4043,2025-07-14
윤실식당,일반가맹점,한식,강원특별자치도,춘천시,4181000,강원특별자치도 춘천시 근화길15번길 23 1층 101호,,강원특별자치도 춘천시청,033-250-4043,2025-07-14
윤일닭갈비,일반가맹점,한식,강원특별자치도,춘천시,4181000,"강원특별자치도춘천시 효석로9번길 4, 상가 1 (효자동, 윤일아파트)",033-262-8303,강원특별자치도 춘천시청,033-250-4043,2025-07-14
윤카츠,일반가맹점,양식,강원특별자치도,춘천시,4181000,강원특별자치도 춘천시 서부대성로 223-1 2층,,강원특별자치도 춘천시청,033-250-4043,2025-07-14
율문리(후평동2호점),일반가맹점,한식,강원특별자치도,춘천시,4181000,강원특별자치도 춘천시 신북읍 율문길 54 .,033-251-8744,강원특별자치도 춘천시청,033-250-4043,2025-07-14
으뜸갈비랑붕어네치킨,일반가맹점,일반대중음식,강원특별자치도,춘천시,4181000,"강원특별자치도춘천시 영서로 2352-12, 5동 4호 (온의동)",033-256-7892,강원특별자치도 춘천시청,033-250-4043,2025-07-14
은아기사식당,일반가맹점,한식,강원특별자치도,춘천시,4181000,강원특별자치도춘천시 당간지주길 61 (근화동),033-251-7402,강원특별자치도 춘천시청,033-250-4043,2025-07-14
은은,일반가맹점,일식,강원특별자치도,춘천시,4181000,강원특별자치도 춘천시 망대길37번길 19 ..,033-255-0255,강원특별자치도 춘천시청,033-250-4043,2025-07-14
은재흑염소전문점,일반가맹점,한식,강원특별자치도,춘천시,4181000,강원특별자치도 춘천시 충혼길8번길 9-7 1층,033-243-0811,강원특별자치도 춘천시청,033-250-4043,2025-07-14
은하식당,일반가맹점,한식,강원특별자치도,춘천시,4181000,강원특별자치도춘천시 효자1동 684-11번지 1동,033-251-6361,강원특별자치도 춘천시청,033-250-4043,2025-07-14
은혜네해물칼국수,일반가맹점,한식,강원특별자치도,춘천시,4181000,강원특별자치도춘천시 공지로297번길 7 (효자동),033-255-6844,강원특별자치도 춘천시청,033-250-4043,2025-07-14
은혜식당,일반가맹점,한식,강원특별자치도,춘천시,4181000,강원특별자치도 춘천시 신북읍 신북로 32 1층,033-257-8253,강원특별자치도 춘천시청,033-250-4043,2025-07-14
은혜칼국수,일반가맹점,일반대중음식,강원특별자치도,춘천시,4181000,강원특별자치도 춘천시 옛경춘로 824 (삼천동),033-242-1974,강원특별자치도 춘천시청,033-250-4043,2025-07-14
은희네웰빙튀김집,일반가맹점,한식,강원특별자치도,춘천시,4181000,강원특별자치도 춘천시 춘천로296번길 13 1층 (후평동),,강원특별자치도 춘천시청,033-250-4043,2025-07-14
읍천리382석사점,일반가맹점,일반대중음식,강원특별자치도,춘천시,4181000,강원특별자치도 춘천시 퇴계농공로 19 1층103호(석사동),033-262-3820,강원특별자치도 춘천시청,033-250-4043,2025-07-14
읍천리382춘천시청점,일반가맹점,일반대중음식,강원특별자치도,춘천시,4181000,강원특별자치도 춘천시 중앙로27번길 11-12 (옥천동),,강원특별자치도 춘천시청,033-250-4043,2025-07-14
응급실국물떡볶이춘천강원대점,일반가맹점,한식,강원특별자치도,춘천시,4181000,강원특별자치도 춘천시 백령로 137 101호,,강원특별자치도 춘천시청,033-250-4043,2025-07-14
의암닭갈비,일반가맹점,한식,강원특별자치도,춘천시,4181000,강원특별자치도춘천시 서면 경춘로 1517-5,033-262-3004,강원특별자치도 춘천시청,033-250-4043,2025-07-14
의암호가든,일반가맹점,한식,강원특별자치도,춘천시,4181000,강원특별자치도춘천시 서면 박사로 233-15,033-244-7755,강원특별자치도 춘천시청,033-250-4043,2025-07-14
의정부부대찌게,일반가맹점,한식,강원특별자치도,춘천시,4181000,강원특별자치도춘천시 서부대성로 68 (옥천동),033-255-3517,강원특별자치도 춘천시청,033-250-4043,2025-07-14
이가네맛집,일반가맹점,한식,강원특별자치도,춘천시,4181000,강원특별자치도춘천시 후만로116번길 9 (후평동),033-243-5607,강원특별자치도 춘천시청,033-250-4043,2025-07-14
이가네추어탕,일반가맹점,한식,강원특별자치도,춘천시,4181000,"강원특별자치도춘천시 동내면 학곡서3길 18, 1층",033-263-9798,강원특별자치도 춘천시청,033-250-4043,2025-07-14
이걸굽네,일반가맹점,한식,강원특별자치도,춘천시,4181000,강원특별자치도 춘천시 애막골길11번길 29-1 1층,033-261-8292,강원특별자치도 춘천시청,033-250-4043,2025-07-14
이경규돈치킨(거두점),일반가맹점,일반대중음식,강원특별자치도,춘천시,4181000,강원특별자치도춘천시 동내면 춘천순환로72번길 38,033-261-9295,강원특별자치도 춘천시청,033-250-4043,2025-07-14
이구아나치킨,일반가맹점,한식,강원특별자치도,춘천시,4181000,강원특별자치도춘천시 후석로46번길 15 (석사동),,강원특별자치도 춘천시청,033-250-4043,2025-07-14
이구아나치킨(후평점),일반가맹점,일반대중음식,강원특별자치도,춘천시,4181000,강원특별자치도춘천시 세실로192번길 6 (후평동),033-254-2901,강원특별자치도 춘천시청,033-250-4043,2025-07-14
이군단막국수,일반가맹점,한식,강원특별자치도,춘천시,4181000,강원특별자치도 춘천시 신북읍 맥국2길 66 1층,033-242-5392,강원특별자치도 춘천시청,033-250-4043,2025-07-14
이니시파스타,일반가맹점,양식,강원특별자치도,춘천시,4181000,강원특별자치도 춘천시 새롬공원길5번길 12 1층(석사동),,강원특별자치도 춘천시청,033-250-4043,2025-07-14
이대가촌집막국수.닭갈비,일반가맹점,한식,강원특별자치도,춘천시,4181000,강원특별자치도춘천시 영서로 3065 (사농동),033-241-1307,강원특별자치도 춘천시청,033-250-4043,2025-07-14
이레빵집,일반가맹점,제과점,강원특별자치도,춘천시,4181000,강원특별자치도 춘천시 애막골길3번길 67 1층,033-262-1665,강원특별자치도 춘천시청,033-250-4043,2025-07-14
이르레,일반가맹점,일반대중음식,강원특별자치도,춘천시,4181000,강원특별자치도 춘천시 동면 금베이길 63 .,,강원특별자치도 춘천시청,033-250-4043,2025-07-14
이리오너라,일반가맹점,한식,강원특별자치도,춘천시,4181000,강원특별자치도 춘천시 행촌로32번길 5-6 1층 우측(퇴계동),033-252-3671,강원특별자치도 춘천시청,033-250-4043,2025-07-14
이마트24,편의점,편의점,강원특별자치도,춘천시,4181000,강원특별자치도 춘천시 동면 장학길 29 1층,,강원특별자치도 춘천시청,033-250-4043,2025-07-14
이마트24 R남춘천휴먼시아점,편의점,편의점,강원특별자치도,춘천시,4181000,강원특별자치도 춘천시 남춘천새길 4 1층,,강원특별자치도 춘천시청,033-250-4043,2025-07-14
이마트24 R춘천강남하이엔드점,편의점,편의점,강원특별자치도,춘천시,4181000,강원특별자치도 춘천시 춘천로17번길 21 1층 111호,,강원특별자치도 춘천시청,033-250-4043,2025-07-14
이마트24 R춘천요선센터점,편의점,편의점,강원특별자치도,춘천시,4181000,강원특별자치도 춘천시 서부대성로48번길 22 1층,02-6916-1500,강원특별자치도 춘천시청,033-250-4043,2025-07-14
이마트24 R춘천유앤아이점,편의점,편의점,강원특별자치도,춘천시,4181000,강원특별자치도 춘천시 동면 만천로143번길 52 1층,,강원특별자치도 춘천시청,033-250-4043,2025-07-14
이마트24 R춘천이지더원점,편의점,편의점,강원특별자치도,춘천시,4181000,"강원특별자치도 춘천시 우두1길 70 117동 113호, 114호, 115호",,강원특별자치도 춘천시청,033-250-4043,2025-07-14
이마트24 R춘천중앙로점,편의점,편의점,강원특별자치도,춘천시,4181000,강원특별자치도 춘천시 낙원길 35 .,,강원특별자치도 춘천시청,033-250-4043,2025-07-14
이마트24 R춘천퇴계쉼터점,편의점,편의점,강원특별자치도,춘천시,4181000,강원특별자치도 춘천시 효자로14번길 1 (퇴계동),,강원특별자치도 춘천시청,033-250-4043,2025-07-14
이마트24 R춘천학곡리점,편의점,편의점,강원특별자치도,춘천시,4181000,강원특별자치도 춘천시 동내면 영서로 1787 1층,02-6916-1500,강원특별자치도 춘천시청,033-250-4043,2025-07-14
이마트24 R춘천황제펭귄점,편의점,편의점,강원특별자치도,춘천시,4181000,강원특별자치도 춘천시 애막골길 9 1층,,강원특별자치도 춘천시청,033-250-4043,2025-07-14
이마트24 R춘천효자로점,편의점,편의점,강원특별자치도,춘천시,4181000,강원특별자치도 춘천시 효자로 113 1층 상가,,강원특별자치도 춘천시청,033-250-4043,2025-07-14
이마트24 R춘천후평카페점,편의점,편의점,강원특별자치도,춘천시,4181000,강원특별자치도 춘천시 후석로 368 .,,강원특별자치도 춘천시청,033-250-4043,2025-07-14
이마트24 SMART춘천퇴계시장점,편의점,편의점,강원특별자치도,춘천시,4181000,"강원특별자치도 춘천시 지석로 74-11 1층A07,B08호",,강원특별자치도 춘천시청,033-250-4043,2025-07-14
이마트24 SMART커넥트원점,편의점,편의점,강원특별자치도,춘천시,4181000,강원특별자치도 춘천시 동면 순환대로 1154-77 1층,02-6916-1500,강원특별자치도 춘천시청,033-250-4043,2025-07-14
이마트24 self 춘천한일점,편의점,편의점,강원특별자치도,춘천시,4181000,강원특별자치도 춘천시 동면 만천로 107 상가동 103호,,강원특별자치도 춘천시청,033-250-4043,2025-07-14
이마트24 self골든몽키점,편의점,편의점,강원특별자치도,춘천시,4181000,강원특별자치도 춘천시 남면 충효로 1389 강원특별자치도 춘천시 남면 가정리 907-15,,강원특별자치도 춘천시청,033-250-4043,2025-07-14
이마트24 강대후문점,편의점,편의점,강원특별자치도,춘천시,4181000,강원특별자치도춘천시 백령로138번길 20 (효자동),02-6916-1500,강원특별자치도 춘천시청,033-250-4043,2025-07-14
이마트24 남춘천점,편의점,편의점,강원특별자치도,춘천시,4181000,강원특별자치도 춘천시 춘주로 129 1층,,강원특별자치도 춘천시청,033-250-4043,2025-07-14
이마트24 춘천강대원룸점,편의점,편의점,강원특별자치도,춘천시,4181000,강원특별자치도 춘천시 백령로67번길 15 1층,,강원특별자치도 춘천시청,033-250-4043,2025-07-14
이마트24 춘천강대원룸점,편의점,편의점,강원특별자치도,춘천시,4181000,강원특별자치도 춘천시 백령로67번길 15 1층,,강원특별자치도 춘천시청,033-250-4043,2025-07-14
이마트24 춘천강북점,편의점,편의점,강원특별자치도,춘천시,4181000,강원특별자치도 춘천시 충열로16번길 15 1층,,강원특별자치도 춘천시청,033-250-4043,2025-07-14
이마트24 춘천강촌IC점,편의점,편의점,강원특별자치도,춘천시,4181000,강원특별자치도 춘천시 남면 소주고개로 67 2동,02-6916-1500,강원특별자치도 춘천시청,033-250-4043,2025-07-14
이마트24 춘천교동점,편의점,편의점,강원특별자치도,춘천시,4181000,강원특별자치도 춘천시 성심로 23-1 .,,강원특별자치도 춘천시청,033-250-4043,2025-07-14
이마트24 춘천교운길점,편의점,편의점,강원특별자치도,춘천시,4181000,강원특별자치도 춘천시 교운길 22 1층,,강원특별자치도 춘천시청,033-250-4043,2025-07-14
이마트24 춘천근화점,편의점,편의점,강원특별자치도,춘천시,4181000,강원특별자치도 춘천시 공지로451번길 8 1층,,강원특별자치도 춘천시청,033-250-4043,2025-07-14
이마트24 춘천더퍼스트점,편의점,편의점,강원특별자치도,춘천시,4181000,강원특별자치도 춘천시 지석로 89 118호,,강원특별자치도 춘천시청,033-250-4043,2025-07-14
이마트24 춘천만천점,편의점,편의점,강원특별자치도,춘천시,4181000,강원특별자치도 춘천시 동면 만천로 155 1층,,강원특별자치도 춘천시청,033-250-4043,2025-07-14
이마트24 춘천백령마을점,편의점,편의점,강원특별자치도,춘천시,4181000,강원특별자치도 춘천시 공지로252번길 26 1층,033-020-1111,강원특별자치도 춘천시청,033-250-4043,2025-07-14
이마트24 춘천백령마을점,편의점,편의점,강원특별자치도,춘천시,4181000,강원특별자치도 춘천시 공지로252번길 26 1층,02-6916-1500,강원특별자치도 춘천시청,033-250-4043,2025-07-14
이마트24 춘천삼악산케이블카점,편의점,편의점,강원특별자치도,춘천시,4181000,강원특별자치도 춘천시 스포츠타운길 245 .,,강원특별자치도 춘천시청,033-250-4043,2025-07-14
이마트24 춘천성심로점,편의점,편의점,강원특별자치도,춘천시,4181000,강원특별자치도 춘천시 성심로 92 1층,,강원특별자치도 춘천시청,033-250-4043,2025-07-14
이마트24 춘천소울림점,편의점,편의점,강원특별자치도,춘천시,4181000,강원특별자치도 춘천시 스포츠타운길 344 1층,,강원특별자치도 춘천시청,033-250-4043,2025-07-14
이마트24 춘천스무숲점,편의점,편의점,강원특별자치도,춘천시,4181000,"강원특별자치도춘천시 승지골길16번길 50, 상가 104 (퇴계동, 퇴계8단지주공아파트)",02-6916-1500,강원특별자치도 춘천시청,033-250-4043,2025-07-14
이마트24 춘천신북점,편의점,편의점,강원특별자치도,춘천시,4181000,강원특별자치도 춘천시 신북읍 신북로 30-4 1층,,강원특별자치도 춘천시청,033-250-4043,2025-07-14
이마트24 춘천신북점,편의점,편의점,강원특별자치도,춘천시,4181000,강원특별자치도 춘천시 신북읍 신북로 30-4 1층,,강원특별자치도 춘천시청,033-250-4043,2025-07-14
이마트24 춘천애막골점,편의점,편의점,강원특별자치도,춘천시,4181000,강원특별자치도 춘천시 후석로186번길 10-1 1층,,강원특별자치도 춘천시청,033-250-4043,2025-07-14
이마트24 춘천약사명동점,편의점,편의점,강원특별자치도,춘천시,4181000,강원특별자치도 춘천시 망대길 5 102호,,강원특별자치도 춘천시청,033-250-4043,2025-07-14
이마트24 춘천양우아파트점,편의점,편의점,강원특별자치도,춘천시,4181000,강원특별자치도 춘천시 공지로 311 101 ~ 102호,,강원특별자치도 춘천시청,033-250-4043,2025-07-14
이마트24 춘천요선점,편의점,편의점,강원특별자치도,춘천시,4181000,강원특별자치도 춘천시 서부대성로 48 1층,,강원특별자치도 춘천시청,033-250-4043,2025-07-14
이마트24 춘천일단지점,편의점,편의점,강원특별자치도,춘천시,4181000,강원특별자치도 춘천시 효평길 83 1층,,강원특별자치도 춘천시청,033-250-4043,2025-07-14
이마트24 춘천코아루점,편의점,편의점,강원특별자치도,춘천시,4181000,"강원특별자치도 춘천시 새청말길 26 상가동 105, 106동",02-6916-1500,강원특별자치도 춘천시청,033-250-4043,2025-07-14
이마트24 춘천퇴계무릉점,편의점,편의점,강원특별자치도,춘천시,4181000,강원특별자치도 춘천시 남춘로36번길 62 1층,,강원특별자치도 춘천시청,033-250-4043,2025-07-14
이마트24 춘천퇴계무릉점,편의점,편의점,강원특별자치도,춘천시,4181000,강원특별자치도 춘천시 남춘로36번길 62 1층,,강원특별자치도 춘천시청,033-250-4043,2025-07-14
이마트24 춘천평화점,편의점,편의점,강원특별자치도,춘천시,4181000,"강원특별자치도 춘천시 동내면 거두택지길 25 104,105호",,강원특별자치도 춘천시청,033-250-4043,2025-07-14
이마트24 춘천하윤점,편의점,편의점,강원특별자치도,춘천시,4181000,강원특별자치도 춘천시 안마산로 110 지하1층 103호,,강원특별자치도 춘천시청,033-250-4043,2025-07-14
이마트24 춘천한숲시티점,편의점,편의점,강원특별자치도,춘천시,4181000,"강원특별자치도 춘천시 안마산로 115 상가에이동 106,107호",,강원특별자치도 춘천시청,033-250-4043,2025-07-14
이마트24 춘천호텔공지천점,편의점,편의점,강원특별자치도,춘천시,4181000,강원특별자치도 춘천시 수변공원길 11 2동 1층,,강원특별자치도 춘천시청,033-250-4043,2025-07-14
이마트24 춘천호텔벤틀리점,편의점,편의점,강원특별자치도,춘천시,4181000,강원특별자치도 춘천시 춘천로170번길 17 1층,,강원특별자치도 춘천시청,033-250-4043,2025-07-14
이마트24 한림대점,편의점,편의점,강원특별자치도,춘천시,4181000,강원특별자치도 춘천시 후석로441번길 31 (후평동),,강원특별자치도 춘천시청,033-250-4043,2025-07-14
이마트24(강대정문점),편의점,편의점,강원특별자치도,춘천시,4181000,강원특별자치도 춘천시 효석로9번길 21 효자동,,강원특별자치도 춘천시청,033-250-4043,2025-07-14
이마트24(춘천원창고개길점),편의점,편의점,강원특별자치도,춘천시,4181000,강원특별자치도 춘천시 동내면 원창고개길 274-2 .,,강원특별자치도 춘천시청,033-250-4043,2025-07-14
이마트24춘천근화점,편의점,편의점,강원특별자치도,춘천시,4181000,강원특별자치도춘천시 공지로451번길 8 (근화동),,강원특별자치도 춘천시청,033-250-4043,2025-07-14
이마트24춘천서천리점,편의점,편의점,강원특별자치도,춘천시,4181000,강원특별자치도 춘천시 남산면 방하로 1165 .,,강원특별자치도 춘천시청,033-250-4043,2025-07-14
이마트24춘천세경점,편의점,편의점,강원특별자치도,춘천시,4181000,"강원특별자치도 춘천시 삭주로 125 1층 103호,104호 (후평동,세경3차아파트상가)",033-242-2651,강원특별자치도 춘천시청,033-250-4043,2025-07-14
이마트24춘천코아루점,편의점,편의점,강원특별자치도,춘천시,4181000,"강원특별자치도 춘천시 새청말길 26 상가동 105,106호",,강원특별자치도 춘천시청,033-250-4043,2025-07-14
이마트24춘천한림점,편의점,편의점,강원특별자치도,춘천시,4181000,강원특별자치도 춘천시 삭주로 110 지하 및 1층,,강원특별자치도 춘천시청,033-250-4043,2025-07-14
이모네고기집,일반가맹점,한식,강원특별자치도,춘천시,4181000,"강원특별자치도 춘천시 행촌로 48 , 1층",033-256-0535,강원특별자치도 춘천시청,033-250-4043,2025-07-14
이모네돼지갈비부속구이,일반가맹점,한식,강원특별자치도,춘천시,4181000,강원특별자치도춘천시 애막골길7번길 25-1 (석사동),033-263-1375,강원특별자치도 춘천시청,033-250-4043,2025-07-14
이모네밥상,일반가맹점,한식,강원특별자치도,춘천시,4181000,강원특별자치도 춘천시 스무숲1길 38-8 1층,033-264-2613,강원특별자치도 춘천시청,033-250-4043,2025-07-14
이모네불막창,일반가맹점,한식,강원특별자치도,춘천시,4181000,강원특별자치도춘천시 보안길 50-1 (후평동),032-241-6616,강원특별자치도 춘천시청,033-250-4043,2025-07-14
이모네불막창소양점,일반가맹점,한식,강원특별자치도,춘천시,4181000,"강원특별자치도 춘천시 서부대성로 12 4층 40,41,42,43호",033-256-1192,강원특별자치도 춘천시청,033-250-4043,2025-07-14
이모네불막창퇴계점,일반가맹점,일반대중음식,강원특별자치도,춘천시,4181000,"강원특별자치도 춘천시 남춘로36번길 59 ,1층",,강원특별자치도 춘천시청,033-250-4043,2025-07-14
이모네식당,일반가맹점,한식,강원특별자치도,춘천시,4181000,"강원특별자치도춘천시 소양로 169, 1층 (소양로2가)",033-257-7692,강원특별자치도 춘천시청,033-250-4043,2025-07-14
이모네장터,일반가맹점,일반대중음식,강원특별자치도,춘천시,4181000,강원특별자치도춘천시 행촌로 36-1 (퇴계동),070-4411-0846,강원특별자치도 춘천시청,033-250-4043,2025-07-14
이모네칼국수,일반가맹점,한식,강원특별자치도,춘천시,4181000,강원특별자치도 춘천시 스무숲1길 4-18 1층 이모네칼국수,,강원특별자치도 춘천시청,033-250-4043,2025-07-14
이모네칼국수,일반가맹점,일반대중음식,강원특별자치도,춘천시,4181000,강원특별자치도춘천시 영서로2279번길 25 (온의동),033-251-8886,강원특별자치도 춘천시청,033-250-4043,2025-07-14
이모네한식,일반가맹점,한식,강원특별자치도,춘천시,4181000,"강원특별자치도춘천시 후석로45번길 11-1, 1층 (석사동)",033-244-8111,강원특별자치도 춘천시청,033-250-4043,2025-07-14
이모집,일반가맹점,한식,강원특별자치도,춘천시,4181000,강원특별자치도춘천시 온의동 29-3번지 외29필지 12-89호,033-241-2662,강원특별자치도 춘천시청,033-250-4043,2025-07-14
이비가짬뽕춘천점,일반가맹점,중식,강원특별자치도,춘천시,4181000,"강원특별자치도춘천시 영서로 2652, 2층 (근화동)",033-242-9888,강원특별자치도 춘천시청,033-250-4043,2025-07-14
이비가짬뽕춘천홈플러스점,일반가맹점,중식,강원특별자치도,춘천시,4181000,"강원특별자치도 춘천시 김유정로 1840 지하 1층(퇴계동, 홈플러스)",,강원특별자치도 춘천시청,033-250-4043,2025-07-14
이사부,일반가맹점,중식,강원특별자치도,춘천시,4181000,강원특별자치도 춘천시 후석로344번길 9 1층,033-252-6477,강원특별자치도 춘천시청,033-250-4043,2025-07-14
이삭식품,일반가맹점,제과점,강원특별자치도,춘천시,4181000,강원특별자치도춘천시 서부대성로 20 (소양로2가),033-241-1266,강원특별자치도 춘천시청,033-250-4043,2025-07-14
이삭토스트,일반가맹점,일반대중음식,강원특별자치도,춘천시,4181000,"강원특별자치도춘천시 충열로 10-9, 1층 (우두동)",033-252-0303,강원특별자치도 춘천시청,033-250-4043,2025-07-14
이삭토스트 (춘천애막골점),일반가맹점,일반대중음식,강원특별자치도,춘천시,4181000,강원특별자치도 춘천시 후석로186번길 22-1 .,033-262-5556,강원특별자치도 춘천시청,033-250-4043,2025-07-14
이삭토스트 춘천봄내점,일반가맹점,일반대중음식,강원특별자치도,춘천시,4181000,강원특별자치도 춘천시 퇴계로 223 1층,033-242-6696,강원특별자치도 춘천시청,033-250-4043,2025-07-14
이삭토스트(퇴계점),일반가맹점,일반대중음식,강원특별자치도,춘천시,4181000,강원특별자치도춘천시 행촌로 36 (퇴계동),033-254-7689,강원특별자치도 춘천시청,033-250-4043,2025-07-14
이삭토스트강원대점,일반가맹점,일반대중음식,강원특별자치도,춘천시,4181000,강원특별자치도춘천시 서부대성로 211 (효자동),033-253-8295,강원특별자치도 춘천시청,033-250-4043,2025-07-14
이삭토스트춘천명동점,일반가맹점,일반대중음식,강원특별자치도,춘천시,4181000,강원특별자치도 춘천시 명동길 17-1 1층,033-251-2411,강원특별자치도 춘천시청,033-250-4043,2025-07-14
이삭토스트한림대점,일반가맹점,패스트푸드,강원특별자치도,춘천시,4181000,강원특별자치도춘천시 삭주로 70 (교동),033-244-6498,강원특별자치도 춘천시청,033-250-4043,2025-07-14
이서방양념치킨,일반가맹점,일반대중음식,강원특별자치도,춘천시,4181000,"강원특별자치도춘천시 행촌로 14, 104 (퇴계동, 현대2차아파트)",033-242-4052,강원특별자치도 춘천시청,033-250-4043,2025-07-14
이서방양념치킨한림분점,일반가맹점,일반대중음식,강원특별자치도,춘천시,4181000,강원특별자치도 춘천시 삭주로 126 (후평동),033-251-9164,강원특별자치도 춘천시청,033-250-4043,2025-07-14
이순례손만두,일반가맹점,한식,강원특별자치도,춘천시,4181000,강원특별자치도춘천시 아침길 12-1 (조양동),033-242-0066,강원특별자치도 춘천시청,033-250-4043,2025-07-14
이슬처럼 낮술밤술,일반가맹점,한식,강원특별자치도,춘천시,4181000,강원특별자치도 춘천시 삭주로 30 1층,,강원특별자치도 춘천시청,033-250-4043,2025-07-14
이씨엠디-강원특별자치도인재개발원,일반가맹점,일반대중음식,강원특별자치도,춘천시,4181000,강원특별자치도춘천시 동면 순환대로 1122,033-248-6302,강원특별자치도 춘천시청,033-250-4043,2025-07-14
이야기,일반가맹점,한식,강원특별자치도,춘천시,4181000,강원특별자치도 춘천시 옛경춘로 837 2층 (삼천동),033-257-9159,강원특별자치도 춘천시청,033-250-4043,2025-07-14
이억조 횟집,일반가맹점,한식,강원특별자치도,춘천시,4181000,강원특별자치도 춘천시 소양고개길 51 1층(요선동),033-253-4009,강원특별자치도 춘천시청,033-250-4043,2025-07-14
이유참치,일반가맹점,일식,강원특별자치도,춘천시,4181000,강원특별자치도 춘천시 백령로 17-6 1층(효자동),,강원특별자치도 춘천시청,033-250-4043,2025-07-14
이조곰탕,일반가맹점,한식,강원특별자치도,춘천시,4181000,강원특별자치도춘천시 세실로208번길 7-9 (후평동),033-263-1146,강원특별자치도 춘천시청,033-250-4043,2025-07-14
이조바지락칼국수,일반가맹점,한식,강원특별자치도,춘천시,4181000,강원특별자치도춘천시 시청길12번길 18 (조양동),033-241-0498,강원특별자치도 춘천시청,033-250-4043,2025-07-14
이차돌(신사우점),일반가맹점,한식,강원특별자치도,춘천시,4181000,강원특별자치도 춘천시 충열로 45 2층 205호,,강원특별자치도 춘천시청,033-250-4043,2025-07-14
이차돌춘천공지천점,일반가맹점,한식,강원특별자치도,춘천시,4181000,강원특별자치도 춘천시 수변공원길 19 1층,033-257-2163,강원특별자치도 춘천시청,033-250-4043,2025-07-14
이차로,일반가맹점,한식,강원특별자치도,춘천시,4181000,강원특별자치도 춘천시 신북읍 상천3길 20 1층,,강원특별자치도 춘천시청,033-250-4043,2025-07-14
이타리아떡볶이,일반가맹점,한식,강원특별자치도,춘천시,4181000,강원특별자치도춘천시 서부대성로206번길 19 (효자동),033-257-7275,강원특별자치도 춘천시청,033-250-4043,2025-07-14
이현푸드,일반가맹점,일반대중음식,강원특별자치도,춘천시,4181000,강원특별자치도 춘천시 벌말길 85 .,033-255-3333,강원특별자치도 춘천시청,033-250-4043,2025-07-14
이홍정코다리,일반가맹점,한식,강원특별자치도,춘천시,4181000,강원특별자치도 춘천시 스무숲2길 10 지하1층(석사동),,강원특별자치도 춘천시청,033-250-4043,2025-07-14
인디언독,일반가맹점,한식,강원특별자치도,춘천시,4181000,강원특별자치도 춘천시 동면 만천양지길 147-1 .,,강원특별자치도 춘천시청,033-250-4043,2025-07-14
인생건어물(강원대점),일반가맹점,일반대중음식,강원특별자치도,춘천시,4181000,"강원특별자치도 춘천시 백령로138번길 8 , 1,2층(효자동)",,강원특별자치도 춘천시청,033-250-4043,2025-07-14
인생고기,일반가맹점,일반대중음식,강원특별자치도,춘천시,4181000,강원특별자치도 춘천시 애막골길7번길 17 1층,033-264-6875,강원특별자치도 춘천시청,033-250-4043,2025-07-14
인생닭강정명동점,일반가맹점,일반대중음식,강원특별자치도,춘천시,4181000,강원특별자치도 춘천시 서부대성로44번길 22-1 1층,033-257-3770,강원특별자치도 춘천시청,033-250-4043,2025-07-14
인생동태탕,일반가맹점,한식,강원특별자치도,춘천시,4181000,강원특별자치도 춘천시 승지골길13번길 15 1층 (퇴계동),033-262-1328,강원특별자치도 춘천시청,033-250-4043,2025-07-14
인어의집 (매운탕),일반가맹점,한식,강원특별자치도,춘천시,4181000,강원특별자치도 춘천시 신동면 옛경춘로 114 1층,033-262-5495,강원특별자치도 춘천시청,033-250-4043,2025-07-14
인제재래식손두부1호점,일반가맹점,한식,강원특별자치도,춘천시,4181000,강원특별자치도 춘천시 동면 금옥길 26 1층,033-910-7914,강원특별자치도 춘천시청,033-250-4043,2025-07-14
인제재래식손두부1호점,일반가맹점,한식,강원특별자치도,춘천시,4181000,강원특별자치도 춘천시 동내면 영서로 1765 1층,033-910-7914,강원특별자치도 춘천시청,033-250-4043,2025-07-14
인필드(INFEELD),일반가맹점,제과점,강원특별자치도,춘천시,4181000,"강원특별자치도 춘천시 동면 가락재로 40 1,2층",,강원특별자치도 춘천시청,033-250-4043,2025-07-14
인필드(INFEELD),일반가맹점,일반대중음식,강원특별자치도,춘천시,4181000,"강원특별자치도 춘천시 동면 가락재로 40 1, 2층",,강원특별자치도 춘천시청,033-250-4043,2025-07-14
일공공샤브&편백찜춘천점,일반가맹점,한식,강원특별자치도,춘천시,4181000,강원특별자치도 춘천시 후석로 120 2층214호(석사동),,강원특별자치도 춘천시청,033-250-4043,2025-07-14
일단지 시장 돈까스,일반가맹점,일반대중음식,강원특별자치도,춘천시,4181000,강원특별자치도 춘천시 춘천로296번길 10 1층,033-255-5442,강원특별자치도 춘천시청,033-250-4043,2025-07-14
일단지부침,일반가맹점,한식,강원특별자치도,춘천시,4181000,강원특별자치도춘천시 후평동 688-6,033-251-8399,강원특별자치도 춘천시청,033-250-4043,2025-07-14
일단지시장곱창,일반가맹점,일반대중음식,강원특별자치도,춘천시,4181000,강원특별자치도 춘천시 효평길 97 1층,033-256-1208,강원특별자치도 춘천시청,033-250-4043,2025-07-14
일미곱창,일반가맹점,한식,강원특별자치도,춘천시,4181000,강원특별자치도 춘천시 김유정로 1852-1 1층,033-264-5399,강원특별자치도 춘천시청,033-250-4043,2025-07-14
일미닭갈비,일반가맹점,한식,강원특별자치도,춘천시,4181000,"강원특별자치도춘천시 충혼길 7, 1층 (퇴계동)",033-243-1233,강원특별자치도 춘천시청,033-250-4043,2025-07-14
일미리금계찜닭강대후문점,일반가맹점,한식,강원특별자치도,춘천시,4181000,강원특별자치도 춘천시 서부대성로 219 (효자동),033-252-5787,강원특별자치도 춘천시청,033-250-4043,2025-07-14
일미제비추리,일반가맹점,한식,강원특별자치도,춘천시,4181000,강원특별자치도춘천시 김유정로 1852-1 (퇴계동),033-261-9292,강원특별자치도 춘천시청,033-250-4043,2025-07-14
일미흑염소,일반가맹점,한식,강원특별자치도,춘천시,4181000,강원특별자치도춘천시 남산면 강촌로 159,033-261-0325,강원특별자치도 춘천시청,033-250-4043,2025-07-14
일박이일,일반가맹점,중식,강원특별자치도,춘천시,4181000,강원특별자치도 춘천시 효자문길 33 1층,033-231-1111,강원특별자치도 춘천시청,033-250-4043,2025-07-14
일박이일 명물 돈갈비,일반가맹점,한식,강원특별자치도,춘천시,4181000,강원특별자치도 춘천시 남산면 소주고개로 465-7 1층,,강원특별자치도 춘천시청,033-250-4043,2025-07-14
일번가닭갈비막국수,일반가맹점,한식,강원특별자치도,춘천시,4181000,강원특별자치도춘천시 신북읍 신샘밭로 771,033-241-5505,강원특별자치도 춘천시청,033-250-4043,2025-07-14
일보식당,일반가맹점,한식,강원특별자치도,춘천시,4181000,"강원특별자치도춘천시 소양고개길 29, 101 (요선동, 춘천요선동한신휴플러스아파트)",033-257-4085,강원특별자치도 춘천시청,033-250-4043,2025-07-14
일산감자탕,일반가맹점,한식,강원특별자치도,춘천시,4181000,강원특별자치도춘천시 우묵길74번길 20 (퇴계동),033-256-5678,강원특별자치도 춘천시청,033-250-4043,2025-07-14
일산식당,일반가맹점,한식,강원특별자치도,춘천시,4181000,강원특별자치도춘천시 서부대성로44번길 9 (요선동),033-253-5006,강원특별자치도 춘천시청,033-250-4043,2025-07-14
일삼구,일반가맹점,일반대중음식,강원특별자치도,춘천시,4181000,강원특별자치도 춘천시 동내면 대룡산길 139 1층,,강원특별자치도 춘천시청,033-250-4043,2025-07-14
일선갈비,일반가맹점,한식,강원특별자치도,춘천시,4181000,강원특별자치도 춘천시 애막골길7번길 31 1층,,강원특별자치도 춘천시청,033-250-4043,2025-07-14
일선갈비,일반가맹점,한식,강원특별자치도,춘천시,4181000,강원특별자치도 춘천시 충열로16번길 21-1 1층,,강원특별자치도 춘천시청,033-250-4043,2025-07-14
일식다온,일반가맹점,일식,강원특별자치도,춘천시,4181000,강원특별자치도 춘천시 동면 만천로143번길 58 2층,033-257-1948,강원특별자치도 춘천시청,033-250-4043,2025-07-14
일오삼해장국,일반가맹점,한식,강원특별자치도,춘천시,4181000,강원특별자치도춘천시 퇴계로145번길 15-13 (퇴계동),033-242-9586,강원특별자치도 춘천시청,033-250-4043,2025-07-14
일월육일 춘천공지천점,일반가맹점,한식,강원특별자치도,춘천시,4181000,"강원특별자치도 춘천시 수변공원길 11 ,3동 104호",,강원특별자치도 춘천시청,033-250-4043,2025-07-14
일점오닭갈비,일반가맹점,한식,강원특별자치도,춘천시,4181000,강원특별자치도 춘천시 후만로 77 (후평동),033-253-8635,강원특별자치도 춘천시청,033-250-4043,2025-07-14
일품두부자박이,일반가맹점,한식,강원특별자치도,춘천시,4181000,강원특별자치도 춘천시 새롬공원길9번길 2 1층 석사동,033-264-6686,강원특별자치도 춘천시청,033-250-4043,2025-07-14
일품칼국수,일반가맹점,한식,강원특별자치도,춘천시,4181000,강원특별자치도 춘천시 동면 만천로 64 1층,,강원특별자치도 춘천시청,033-250-4043,2025-07-14
일호식당,일반가맹점,한식,강원특별자치도,춘천시,4181000,강원특별자치도춘천시 충열로67번길 13 (우두동),033-254-3550,강원특별자치도 춘천시청,033-250-4043,2025-07-14
일흥불고기,일반가맹점,한식,강원특별자치도,춘천시,4181000,강원특별자치도춘천시 요선동 14-13번지,033-254-1024,강원특별자치도 춘천시청,033-250-4043,2025-07-14
임가네,일반가맹점,한식,강원특별자치도,춘천시,4181000,강원특별자치도 춘천시 새롬공원길 25 1층,033-262-5245,강원특별자치도 춘천시청,033-250-4043,2025-07-14
잇빠이대박이네,일반가맹점,한식,강원특별자치도,춘천시,4181000,강원특별자치도춘천시 공지로 367 (효자동),033-252-2316,강원특별자치도 춘천시청,033-250-4043,2025-07-14
자가제빵선명희피자 춘천효자점,일반가맹점,패스트푸드,강원특별자치도,춘천시,4181000,강원특별자치도 춘천시 서부대성로 222-1 1층 오른쪽상가(효자동),033-818-8801,강원특별자치도 춘천시청,033-250-4043,2025-07-14
자갈치 브라더스 춘천후평점,일반가맹점,한식,강원특별자치도,춘천시,4181000,"강원특별자치도 춘천시 보안길 36 3동 1층 101호(후평동, 우미린뉴시티)",,강원특별자치도 춘천시청,033-250-4043,2025-07-14
자갈치꼼장어,일반가맹점,한식,강원특별자치도,춘천시,4181000,강원특별자치도춘천시 보안길 21 (후평동),033-243-8128,강원특별자치도 춘천시청,033-250-4043,2025-07-14
자갈치마당,일반가맹점,한식,강원특별자치도,춘천시,4181000,"강원특별자치도춘천시 영서로 2757-1, 1층 (우두동)",033-241-4545,강원특별자치도 춘천시청,033-250-4043,2025-07-14
자기전,일반가맹점,한식,강원특별자치도,춘천시,4181000,강원특별자치도 춘천시 백령로 19 .,033-255-0558,강원특별자치도 춘천시청,033-250-4043,2025-07-14
자담치킨 애막골점,일반가맹점,일반대중음식,강원특별자치도,춘천시,4181000,강원특별자치도 춘천시 애막골길3번길 20 1층,033-264-7982,강원특별자치도 춘천시청,033-250-4043,2025-07-14
자담치킨 약사명동점,일반가맹점,일반대중음식,강원특별자치도,춘천시,4181000,강원특별자치도 춘천시 근화길15번길 23 102호,033-243-3355,강원특별자치도 춘천시청,033-250-4043,2025-07-14
자담치킨 춘천온의공지천점,일반가맹점,일반대중음식,강원특별자치도,춘천시,4181000,강원특별자치도 춘천시 퇴계로 13 1층102호,033-910-0125,강원특별자치도 춘천시청,033-250-4043,2025-07-14
자담치킨 후평점,일반가맹점,일반대중음식,강원특별자치도,춘천시,4181000,강원특별자치도 춘천시 춘천로 270 1층(후평동),033-252-6600,강원특별자치도 춘천시청,033-250-4043,2025-07-14
자담치킨춘천강북점,일반가맹점,일반대중음식,강원특별자치도,춘천시,4181000,"강원특별자치도춘천시 마장길 60, 롯데캐슬단지상가 103호 (사농동)",033-244-9992,강원특별자치도 춘천시청,033-250-4043,2025-07-14
자담치킨퇴계한숲점,일반가맹점,일반대중음식,강원특별자치도,춘천시,4181000,강원특별자치도 춘천시 안마산로 131 한숲시티상가 C동 103호,033-243-7792,강원특별자치도 춘천시청,033-250-4043,2025-07-14
자매순대국,일반가맹점,한식,강원특별자치도,춘천시,4181000,"강원특별자치도 춘천시 서부대성로 12 1층 4,5,16,17호",033-244-9996,강원특별자치도 춘천시청,033-250-4043,2025-07-14
자매칼국수,일반가맹점,한식,강원특별자치도,춘천시,4181000,강원특별자치도 춘천시 효제길 17-1 1층,,강원특별자치도 춘천시청,033-250-4043,2025-07-14
자미당 강대점,일반가맹점,일반대중음식,강원특별자치도,춘천시,4181000,강원특별자치도 춘천시 백령로 177 1층,033-254-7878,강원특별자치도 춘천시청,033-250-4043,2025-07-14
자미당 장학점,일반가맹점,일반대중음식,강원특별자치도,춘천시,4181000,강원특별자치도 춘천시 동면 춘천로449번길 30-3 101호,033-255-7174,강원특별자치도 춘천시청,033-250-4043,2025-07-14
자미당 춘천점,일반가맹점,일반대중음식,강원특별자치도,춘천시,4181000,강원특별자치도 춘천시 퇴계로 241 1층 105호(석사동),033-264-0283,강원특별자치도 춘천시청,033-250-4043,2025-07-14
자미당거두점,일반가맹점,일반대중음식,강원특별자치도,춘천시,4181000,강원특별자치도 춘천시 동내면 춘천순환로 130 1층,033-262-1009,강원특별자치도 춘천시청,033-250-4043,2025-07-14
자미당우두점,일반가맹점,일반대중음식,강원특별자치도,춘천시,4181000,"강원특별자치도 춘천시 충열로 39 , A동 111호(우두동)",033-252-1013,강원특별자치도 춘천시청,033-250-4043,2025-07-14
자미왕갈비해장국,일반가맹점,한식,강원특별자치도,춘천시,4181000,"강원특별자치도춘천시 스무숲2길 5, 1층 (석사동)",033-264-8878,강원특별자치도 춘천시청,033-250-4043,2025-07-14
자미해장국,일반가맹점,한식,강원특별자치도,춘천시,4181000,강원특별자치도 춘천시 우석로79번길 16-6 1층,033-911-5133,강원특별자치도 춘천시청,033-250-4043,2025-07-14
자성당,일반가맹점,한식,강원특별자치도,춘천시,4181000,강원특별자치도 춘천시 춘천로282번길 4 1층,033-253-3331,강원특별자치도 춘천시청,033-250-4043,2025-07-14
자연속으로,일반가맹점,한식,강원특별자치도,춘천시,4181000,강원특별자치도춘천시 동산면 종자리로 302,033-264-4404,강원특별자치도 춘천시청,033-250-4043,2025-07-14
자운차,일반가맹점,일반대중음식,강원특별자치도,춘천시,4181000,강원특별자치도 춘천시 우두5길 34 101호,,강원특별자치도 춘천시청,033-250-4043,2025-07-14
자유빵집,일반가맹점,제과점,강원특별자치도,춘천시,4181000,강원특별자치도 춘천시 만천로199번길 28 1층 (후평동),033-262-9416,강원특별자치도 춘천시청,033-250-4043,2025-07-14
자유빵집2호점,일반가맹점,제과점,강원특별자치도,춘천시,4181000,강원특별자치도 춘천시 안마산로 5 1층,033-255-9871,강원특별자치도 춘천시청,033-250-4043,2025-07-14
작렬곱창,일반가맹점,한식,강원특별자치도,춘천시,4181000,강원특별자치도춘천시 백령로 67 (효자동),033-257-0684,강원특별자치도 춘천시청,033-250-4043,2025-07-14
작은숲,일반가맹점,양식,강원특별자치도,춘천시,4181000,강원특별자치도춘천시 동면 만군길 152-5,033-251-9645,강원특별자치도 춘천시청,033-250-4043,2025-07-14
잠실집,일반가맹점,한식,강원특별자치도,춘천시,4181000,강원특별자치도 춘천시 충혼길8번길 9-10 1층,033-244-2189,강원특별자치도 춘천시청,033-250-4043,2025-07-14
장가네더덕밥,일반가맹점,한식,강원특별자치도,춘천시,4181000,강원특별자치도춘천시 동면 소양강로 202,033-254-2626,강원특별자치도 춘천시청,033-250-4043,2025-07-14
장가네솥뚜껑문경약돌돼지,일반가맹점,한식,강원특별자치도,춘천시,4181000,"강원특별자치도 춘천시 우묵길 28 ,1층(퇴계동)",033-818-3363,강원특별자치도 춘천시청,033-250-4043,2025-07-14
장가네푸드,일반가맹점,한식,강원특별자치도,춘천시,4181000,강원특별자치도 춘천시 벌말길 86-1 (석사동),033-910-5710,강원특별자치도 춘천시청,033-250-4043,2025-07-14
장군닭갈비,일반가맹점,한식,강원특별자치도,춘천시,4181000,강원특별자치도춘천시 춘주로147번길 12-6 (퇴계동),033-241-8342,강원특별자치도 춘천시청,033-250-4043,2025-07-14
장군막창구이,일반가맹점,한식,강원특별자치도,춘천시,4181000,강원특별자치도춘천시 우석로79번길 16-25 (석사동),033-263-9311,강원특별자치도 춘천시청,033-250-4043,2025-07-14
장군봉,일반가맹점,한식,강원특별자치도,춘천시,4181000,강원특별자치도 춘천시 서면 금산2길 34-2 장군봉,033-243-5356,강원특별자치도 춘천시청,033-250-4043,2025-07-14
장군이네밥집,일반가맹점,한식,강원특별자치도,춘천시,4181000,강원특별자치도춘천시 신흥길 8 (우두동),033-264-2992,강원특별자치도 춘천시청,033-250-4043,2025-07-14
장꾸웨이,일반가맹점,중식,강원특별자치도,춘천시,4181000,강원특별자치도춘천시 춘주로187번길 20-13 (퇴계동),033-253-5851,강원특별자치도 춘천시청,033-250-4043,2025-07-14
장대박,일반가맹점,한식,강원특별자치도,춘천시,4181000,강원특별자치도 춘천시 춘천로426번길 19 .,033-257-8803,강원특별자치도 춘천시청,033-250-4043,2025-07-14
장대박,일반가맹점,한식,강원특별자치도,춘천시,4181000,강원특별자치도춘천시 새롬공원길 19 (석사동),033-252-4333,강원특별자치도 춘천시청,033-250-4043,2025-07-14
장대박 애막골직영점,일반가맹점,한식,강원특별자치도,춘천시,4181000,강원특별자치도 춘천시 애막골길11번길 8 (석사동),033-262-8803,강원특별자치도 춘천시청,033-250-4043,2025-07-14
장독마을,일반가맹점,한식,강원특별자치도,춘천시,4181000,강원특별자치도 춘천시 동면 연산골길 72 1층,033-241-8874,강원특별자치도 춘천시청,033-250-4043,2025-07-14
장모집,일반가맹점,일반대중음식,강원특별자치도,춘천시,4181000,강원특별자치도춘천시 동내면 순환대로 622-7,033-261-9449,강원특별자치도 춘천시청,033-250-4043,2025-07-14
장미공원화로숯불구이,일반가맹점,한식,강원특별자치도,춘천시,4181000,강원특별자치도춘천시 영서로 2550 (근화동),033-257-9559,강원특별자치도 춘천시청,033-250-4043,2025-07-14
장미식사뷔페,일반가맹점,한식,강원특별자치도,춘천시,4181000,"강원특별자치도춘천시 삭주로80번길 3, 1층 (교동)",033-255-6835,강원특별자치도 춘천시청,033-250-4043,2025-07-14
장산골,일반가맹점,한식,강원특별자치도,춘천시,4181000,강원특별자치도춘천시 서면 박사로 1226-4,033-243-7548,강원특별자치도 춘천시청,033-250-4043,2025-07-14
장수닭갈비,일반가맹점,한식,강원특별자치도,춘천시,4181000,강원특별자치도 춘천시 금강로62번길 9-1 1층 좌측호,033-254-6388,강원특별자치도 춘천시청,033-250-4043,2025-07-14
장수닭갈비,일반가맹점,한식,강원특별자치도,춘천시,4181000,강원특별자치도 춘천시 안마산로 11 1층,033-257-6570,강원특별자치도 춘천시청,033-250-4043,2025-07-14
장수뚝배기장수감자탕,일반가맹점,한식,강원특별자치도,춘천시,4181000,강원특별자치도춘천시 보안길 55 (후평동),033-264-4767,강원특별자치도 춘천시청,033-250-4043,2025-07-14
장수소꼬리,일반가맹점,한식,강원특별자치도,춘천시,4181000,강원특별자치도 춘천시 퇴계로93번길 4-7 (퇴계동),033-264-8864,강원특별자치도 춘천시청,033-250-4043,2025-07-14
장수순대국,일반가맹점,한식,강원특별자치도,춘천시,4181000,강원특별자치도춘천시 서부대성로48번길 12-1 (요선동),033-253-9594,강원특별자치도 춘천시청,033-250-4043,2025-07-14
장수숯불갈비,일반가맹점,한식,강원특별자치도,춘천시,4181000,강원특별자치도춘천시 스포츠타운길 521 (온의동),033-243-8064,강원특별자치도 춘천시청,033-250-4043,2025-07-14
장수장,일반가맹점,중식,강원특별자치도,춘천시,4181000,강원특별자치도춘천시 백령로147번길 2 (효자동),033-252-3118,강원특별자치도 춘천시청,033-250-4043,2025-07-14
장안돌구이,일반가맹점,한식,강원특별자치도,춘천시,4181000,강원특별자치도춘천시 후석로46번길 10 (석사동),033-263-8585,강원특별자치도 춘천시청,033-250-4043,2025-07-14
장안해장국,일반가맹점,한식,강원특별자치도,춘천시,4181000,강원특별자치도춘천시 퇴계동 11 토지지구 13블럭 1롯트,033-241-6912,강원특별자치도 춘천시청,033-250-4043,2025-07-14
장어랑치킨,일반가맹점,한식,강원특별자치도,춘천시,4181000,강원특별자치도 춘천시 근화길15번길 43 1층,,강원특별자치도 춘천시청,033-250-4043,2025-07-14
장어수산,일반가맹점,한식,강원특별자치도,춘천시,4181000,강원특별자치도 춘천시 춘주로91번길 10 1층,033-910-0992,강원특별자치도 춘천시청,033-250-4043,2025-07-14
장우숯불갈비,일반가맹점,한식,강원특별자치도,춘천시,4181000,강원특별자치도 춘천시 동내면 영서로 1745 1층,033-264-4859,강원특별자치도 춘천시청,033-250-4043,2025-07-14
장원중화요리,일반가맹점,중식,강원특별자치도,춘천시,4181000,"강원특별자치도 춘천시 칠전서길 46-51 ,1층",033-263-3131,강원특별자치도 춘천시청,033-250-4043,2025-07-14
장은짬뽕,일반가맹점,중식,강원특별자치도,춘천시,4181000,강원특별자치도춘천시 동면 장학리 1005-2,033-253-9639,강원특별자치도 춘천시청,033-250-4043,2025-07-14
장인족발608,일반가맹점,한식,강원특별자치도,춘천시,4181000,강원특별자치도 춘천시 퇴계로 97 1층 104호,033-261-6080,강원특별자치도 춘천시청,033-250-4043,2025-07-14
장터가마솥곰탕,일반가맹점,한식,강원특별자치도,춘천시,4181000,강원특별자치도춘천시 신북읍 율문길 97,033-257-4868,강원특별자치도 춘천시청,033-250-4043,2025-07-14
장터뚝배기,일반가맹점,한식,강원특별자치도,춘천시,4181000,강원특별자치도춘천시 신북읍 율문리 300-7번지,033-243-8481,강원특별자치도 춘천시청,033-250-4043,2025-07-14
장터마당,일반가맹점,한식,강원특별자치도,춘천시,4181000,"강원특별자치도춘천시 남춘로36번길 73  (퇴계동,1층)",033-263-8981,강원특별자치도 춘천시청,033-250-4043,2025-07-14
장터먹거리,일반가맹점,한식,강원특별자치도,춘천시,4181000,강원특별자치도 춘천시 영서로 2352-21 2동202호,033-261-0667,강원특별자치도 춘천시청,033-250-4043,2025-07-14
장터생고기,일반가맹점,한식,강원특별자치도,춘천시,4181000,강원특별자치도 춘천시 신흥길 15-1 .,033-255-8638,강원특별자치도 춘천시청,033-250-4043,2025-07-14
장터왕족발,일반가맹점,한식,강원특별자치도,춘천시,4181000,강원특별자치도 춘천시 춘주로 192 1층,033-244-0982,강원특별자치도 춘천시청,033-250-4043,2025-07-14
장터왕족발보쌈,일반가맹점,한식,강원특별자치도,춘천시,4181000,강원특별자치도 춘천시 사우로 31-20 1층,033-252-0981,강원특별자치도 춘천시청,033-250-4043,2025-07-14
장학감자탕,일반가맹점,한식,강원특별자치도,춘천시,4181000,강원특별자치도춘천시 동면 춘천로449번길 15-1,033-253-3809,강원특별자치도 춘천시청,033-250-4043,2025-07-14
장학리굽자네,일반가맹점,한식,강원특별자치도,춘천시,4181000,강원특별자치도 춘천시 동면 춘천로449번길 24-7 1층,,강원특별자치도 춘천시청,033-250-4043,2025-07-14
장학막국수,일반가맹점,한식,강원특별자치도,춘천시,4181000,강원특별자치도 춘천시 동면 가래울길 57 ..,033-252-0773,강원특별자치도 춘천시청,033-250-4043,2025-07-14
장학삼겹살,일반가맹점,한식,강원특별자치도,춘천시,4181000,강원특별자치도 춘천시 동면 춘천로449번길 24-6 1층,,강원특별자치도 춘천시청,033-250-4043,2025-07-14
장학순대,일반가맹점,한식,강원특별자치도,춘천시,4181000,강원특별자치도 춘천시 동면 춘천로449번길 24-4 101호,033-242-9992,강원특별자치도 춘천시청,033-250-4043,2025-07-14
장한반점,일반가맹점,중식,강원특별자치도,춘천시,4181000,"강원특별자치도춘천시 공지로439번길 2, 1층 (근화동)",033-256-1135,강원특별자치도 춘천시청,033-250-4043,2025-07-14
장할매국밥,일반가맹점,한식,강원특별자치도,춘천시,4181000,"강원특별자치도춘천시 백령로138번길 52, 1층 (효자동)",033-255-1979,강원특별자치도 춘천시청,033-250-4043,2025-07-14
장호 막국수 닭갈비,일반가맹점,한식,강원특별자치도,춘천시,4181000,강원특별자치도 춘천시 신북읍 신샘밭로 676 1층,033-242-5877,강원특별자치도 춘천시청,033-250-4043,2025-07-14
장호더그릴,일반가맹점,한식,강원특별자치도,춘천시,4181000,강원특별자치도 춘천시 신북읍 신샘밭로 682 장호더그릴,033-243-9293,강원특별자치도 춘천시청,033-250-4043,2025-07-14
장호더그릴,일반가맹점,일반대중음식,강원특별자치도,춘천시,4181000,강원특별자치도 춘천시 신북읍 신샘밭로 682 .,033-243-9293,강원특별자치도 춘천시청,033-250-4043,2025-07-14
장호덕 손만두,일반가맹점,한식,강원특별자치도,춘천시,4181000,강원특별자치도 춘천시 후석로 346 (후평동),033-252-2228,강원특별자치도 춘천시청,033-250-4043,2025-07-14
장호덕손만두,일반가맹점,일반대중음식,강원특별자치도,춘천시,4181000,강원특별자치도 춘천시 남춘천새길 6 101호(퇴계동),033-264-5046,강원특별자치도 춘천시청,033-250-4043,2025-07-14
재궁골토종닭,일반가맹점,한식,강원특별자치도,춘천시,4181000,강원특별자치도춘천시 동면 춘천로 527-50,033-255-3739,강원특별자치도 춘천시청,033-250-4043,2025-07-14
재대루,일반가맹점,한식,강원특별자치도,춘천시,4181000,강원특별자치도 춘천시 새롬공원길5번길 29-1 1층,,강원특별자치도 춘천시청,033-250-4043,2025-07-14
재왕무한리필양꼬치훠궈,일반가맹점,일반대중음식,강원특별자치도,춘천시,4181000,강원특별자치도 춘천시 후석로186번길 10-1 (석사동),033-262-3338,강원특별자치도 춘천시청,033-250-4043,2025-07-14
잼민이스낵,일반가맹점,일반대중음식,강원특별자치도,춘천시,4181000,강원특별자치도 춘천시 서부대성로 327 지하 2호,,강원특별자치도 춘천시청,033-250-4043,2025-07-14
쟈스민,일반가맹점,중식,강원특별자치도,춘천시,4181000,강원특별자치도춘천시 퇴계동 토지개발지구 6블럭 4,033-241-5453,강원특별자치도 춘천시청,033-250-4043,2025-07-14
저스트텐동강원대점 썬더치킨효자점,일반가맹점,일식,강원특별자치도,춘천시,4181000,강원특별자치도 춘천시 서부대성로 225 1층,,강원특별자치도 춘천시청,033-250-4043,2025-07-14
저스트피자,일반가맹점,일반대중음식,강원특별자치도,춘천시,4181000,강원특별자치도 춘천시 중앙로 11 지하상가 다-16,033-244-1999,강원특별자치도 춘천시청,033-250-4043,2025-07-14
저팔계,일반가맹점,한식,강원특별자치도,춘천시,4181000,강원특별자치도춘천시 퇴계동 11지구13블럭5-2로트,033-253-6865,강원특별자치도 춘천시청,033-250-4043,2025-07-14
전남친,일반가맹점,일반대중음식,강원특별자치도,춘천시,4181000,강원특별자치도 춘천시 후석로 449 1층(후평동),,강원특별자치도 춘천시청,033-250-4043,2025-07-14
전봇대로,일반가맹점,한식,강원특별자치도,춘천시,4181000,강원특별자치도 춘천시 승지골길13번길 7-1 1층,,강원특별자치도 춘천시청,033-250-4043,2025-07-14
전봇대로,일반가맹점,한식,강원특별자치도,춘천시,4181000,"강원특별자치도춘천시 승지골길13번길 7-1, 2층 (퇴계동)",033-261-4141,강원특별자치도 춘천시청,033-250-4043,2025-07-14
전상철갈비탕집,일반가맹점,한식,강원특별자치도,춘천시,4181000,강원특별자치도 춘천시 스무숲1길 8-10 .,,강원특별자치도 춘천시청,033-250-4043,2025-07-14
전이야기,일반가맹점,한식,강원특별자치도,춘천시,4181000,강원특별자치도 춘천시 춘천로 389 1층,033-251-4070,강원특별자치도 춘천시청,033-250-4043,2025-07-14
전주남문토종순대국,일반가맹점,한식,강원특별자치도,춘천시,4181000,"강원특별자치도춘천시 춘천로 258, 1층 (후평동)",033-255-8242,강원특별자치도 춘천시청,033-250-4043,2025-07-14
전주명가콩나물국밥 석사점,일반가맹점,한식,강원특별자치도,춘천시,4181000,강원특별자치도 춘천시 퇴계로 199 1층,,강원특별자치도 춘천시청,033-250-4043,2025-07-14
전주비빔밥,일반가맹점,한식,강원특별자치도,춘천시,4181000,강원특별자치도춘천시 운교동 165 15/5,033-241-8757,강원특별자치도 춘천시청,033-250-4043,2025-07-14
전주식당,일반가맹점,한식,강원특별자치도,춘천시,4181000,강원특별자치도 춘천시 동부시장길13번길 8 11호,033-252-1752,강원특별자치도 춘천시청,033-250-4043,2025-07-14
전주오리집,일반가맹점,한식,강원특별자치도,춘천시,4181000,강원특별자치도춘천시 서면 서상리 616,033-244-3336,강원특별자치도 춘천시청,033-250-4043,2025-07-14
전주장작불곰탕2호점,일반가맹점,한식,강원특별자치도,춘천시,4181000,강원특별자치도 춘천시 동내면 영서로 1848 1층,033-264-4408,강원특별자치도 춘천시청,033-250-4043,2025-07-14
전주콩나물국밥유명한집,일반가맹점,한식,강원특별자치도,춘천시,4181000,"강원특별자치도춘천시 후석로 252, 1층 좌측호 (후평동)",,강원특별자치도 춘천시청,033-250-4043,2025-07-14
전주한방콩나물해장국 후평점,일반가맹점,한식,강원특별자치도,춘천시,4181000,강원특별자치도 춘천시 후석로 280 .,033-243-4433,강원특별자치도 춘천시청,033-250-4043,2025-07-14
전천후횟집,일반가맹점,일반대중음식,강원특별자치도,춘천시,4181000,강원특별자치도 춘천시 우석로79번길 16-21 ..,,강원특별자치도 춘천시청,033-250-4043,2025-07-14
전통별난감자탕,일반가맹점,한식,강원특별자치도,춘천시,4181000,강원특별자치도춘천시 동내면 거두택지길4번길 17,033-256-1445,강원특별자치도 춘천시청,033-250-4043,2025-07-14
전통한우백년,일반가맹점,한식,강원특별자치도,춘천시,4181000,강원특별자치도 춘천시 동면 만천로 91 1층,033-252-8328,강원특별자치도 춘천시청,033-250-4043,2025-07-14
전통한우백년,일반가맹점,한식,강원특별자치도,춘천시,4181000,"강원특별자치도춘천시 동면 만천로 91, 1층 (만천빌딩)",033-252-8328,강원특별자치도 춘천시청,033-250-4043,2025-07-14
젊은어부,일반가맹점,일반대중음식,강원특별자치도,춘천시,4181000,강원특별자치도 춘천시 퇴계로145번길 4 1층 주공아파트상가 102호,033-253-6515,강원특별자치도 춘천시청,033-250-4043,2025-07-14
점봉산산채,일반가맹점,한식,강원특별자치도,춘천시,4181000,강원특별자치도춘천시 선들길 38 (삼천동),033-252-5313,강원특별자치도 춘천시청,033-250-4043,2025-07-14
점순네닭갈비,일반가맹점,한식,강원특별자치도,춘천시,4181000,강원특별자치도춘천시 신동면 풍류길 27,033-262-8543,강원특별자치도 춘천시청,033-250-4043,2025-07-14
점심당,일반가맹점,한식,강원특별자치도,춘천시,4181000,강원특별자치도 춘천시 춘주로91번길 13 (온의동 ),033-910-0159,강원특별자치도 춘천시청,033-250-4043,2025-07-14
정가네,일반가맹점,한식,강원특별자치도,춘천시,4181000,강원특별자치도춘천시 후석로 387 (후평동),033-254-8292,강원특별자치도 춘천시청,033-250-4043,2025-07-14
정가네소갈비,일반가맹점,한식,강원특별자치도,춘천시,4181000,강원특별자치도춘천시 퇴계동 11토지 사업지구 33,033-255-1292,강원특별자치도 춘천시청,033-250-4043,2025-07-14
정가네소내장탕,일반가맹점,한식,강원특별자치도,춘천시,4181000,강원특별자치도춘천시 부평길8번길 1 (후평동),033-241-3841,강원특별자치도 춘천시청,033-250-4043,2025-07-14
정가네오골계선생,일반가맹점,한식,강원특별자치도,춘천시,4181000,강원특별자치도 춘천시 남춘로36번길 50-7 1층(퇴계동),033-252-1000,강원특별자치도 춘천시청,033-250-4043,2025-07-14
정가붕어찜,일반가맹점,한식,강원특별자치도,춘천시,4181000,강원특별자치도춘천시 동면 지내양지길 41-9,033-242-6363,강원특별자치도 춘천시청,033-250-4043,2025-07-14
정갈한 우동가게,일반가맹점,한식,강원특별자치도,춘천시,4181000,"강원특별자치도 춘천시 우두1길 29 101, 102호",,강원특별자치도 춘천시청,033-250-4043,2025-07-14
정국이네,일반가맹점,한식,강원특별자치도,춘천시,4181000,강원특별자치도 춘천시 후석로420번길 54 1층 후평동,033-251-1232,강원특별자치도 춘천시청,033-250-4043,2025-07-14
정근봉콩나물국밥,일반가맹점,한식,강원특별자치도,춘천시,4181000,강원특별자치도춘천시 서면 당림리308,033-262-0155,강원특별자치도 춘천시청,033-250-4043,2025-07-14
정담은,일반가맹점,한식,강원특별자치도,춘천시,4181000,"강원특별자치도춘천시 백령로165번길 2, 1층 (효자동)",033-243-5662,강원특별자치도 춘천시청,033-250-4043,2025-07-14
정담채,일반가맹점,한식,강원특별자치도,춘천시,4181000,"강원특별자치도춘천시 동면 춘천순환로 503, 1층",033-256-4005,강원특별자치도 춘천시청,033-250-4043,2025-07-14
정든베이글,일반가맹점,일반대중음식,강원특별자치도,춘천시,4181000,강원특별자치도 춘천시 새롬공원길9번길 6-10 1층 102호,,강원특별자치도 춘천시청,033-250-4043,2025-07-14
정무네 두부,일반가맹점,한식,강원특별자치도,춘천시,4181000,강원특별자치도춘천시 남춘로45번길 40-14 (효자동),033-911-3946,강원특별자치도 춘천시청,033-250-4043,2025-07-14
정민이네집,일반가맹점,한식,강원특별자치도,춘천시,4181000,강원특별자치도 춘천시 옥천길 3 지하 1층,033-251-1694,강원특별자치도 춘천시청,033-250-4043,2025-07-14
정석화로구이,일반가맹점,한식,강원특별자치도,춘천시,4181000,강원특별자치도춘천시 동면 춘천로449번길 14-2,033-241-8079,강원특별자치도 춘천시청,033-250-4043,2025-07-14
정선달,일반가맹점,한식,강원특별자치도,춘천시,4181000,강원특별자치도 춘천시 우묵길56번길 8 1층,033-251-9376,강원특별자치도 춘천시청,033-250-4043,2025-07-14
정성찬 집밥,일반가맹점,한식,강원특별자치도,춘천시,4181000,강원특별자치도 춘천시 벌말길 104 .,,강원특별자치도 춘천시청,033-250-4043,2025-07-14
정성희동해막국수,일반가맹점,한식,강원특별자치도,춘천시,4181000,강원특별자치도춘천시 퇴계동 667번지 11토지지구 13 B 1롯트,033-253-9259,강원특별자치도 춘천시청,033-250-4043,2025-07-14
정스수제마카롱,일반가맹점,일반대중음식,강원특별자치도,춘천시,4181000,강원특별자치도춘천시 석사길5번길 4-1 (석사동),033-261-3390,강원특별자치도 춘천시청,033-250-4043,2025-07-14
정식당,일반가맹점,한식,강원특별자치도,춘천시,4181000,강원특별자치도춘천시 칠전서길 52-1 정식당 (칠전동),033-263-7086,강원특별자치도 춘천시청,033-250-4043,2025-07-14
정식당,일반가맹점,한식,강원특별자치도,춘천시,4181000,강원특별자치도춘천시 동내면 춘천순환로72번길 1층,033-241-2986,강원특별자치도 춘천시청,033-250-4043,2025-07-14
정아네죽집,일반가맹점,일반대중음식,강원특별자치도,춘천시,4181000,"강원특별자치도춘천시 영서로 2352-20, 13-107 (온의동)",,강원특별자치도 춘천시청,033-250-4043,2025-07-14
정원,일반가맹점,양식,강원특별자치도,춘천시,4181000,"강원특별자치도춘천시 우묵길78번길 20, 1층 (퇴계동)",033-253-3800,강원특별자치도 춘천시청,033-250-4043,2025-07-14
정원달빛,일반가맹점,일반대중음식,강원특별자치도,춘천시,4181000,강원특별자치도춘천시 서부대성로227번길 23 (효자동),070-4388-9213,강원특별자치도 춘천시청,033-250-4043,2025-07-14
정원본가(직영점),일반가맹점,한식,강원특별자치도,춘천시,4181000,강원특별자치도 춘천시 우묵길60번길 22 1층101호,033-255-9585,강원특별자치도 춘천시청,033-250-4043,2025-07-14
정육식당우두길,일반가맹점,일반대중음식,강원특별자치도,춘천시,4181000,강원특별자치도 춘천시 우두1길 73 1층,,강원특별자치도 춘천시청,033-250-4043,2025-07-14
정육탁,일반가맹점,한식,강원특별자치도,춘천시,4181000,강원특별자치도 춘천시 행촌로 55-2 1층,033-255-7391,강원특별자치도 춘천시청,033-250-4043,2025-07-14
정자나루,일반가맹점,한식,강원특별자치도,춘천시,4181000,강원특별자치도춘천시 남산면 창촌리 135-1번지,033-264-7200,강원특별자치도 춘천시청,033-250-4043,2025-07-14
정재우고깃집,일반가맹점,한식,강원특별자치도,춘천시,4181000,강원특별자치도춘천시 후석로326번길 11-9 (후평동),033-253-9398,강원특별자치도 춘천시청,033-250-4043,2025-07-14
정족리동치미막국수,일반가맹점,한식,강원특별자치도,춘천시,4181000,강원특별자치도 춘천시 신동면 김유정로 1772 .,033-243-1188,강원특별자치도 춘천시청,033-250-4043,2025-07-14
정족리손두부집,일반가맹점,한식,강원특별자치도,춘천시,4181000,강원특별자치도 춘천시 신동면 정족길 186 1층,033-261-9260,강원특별자치도 춘천시청,033-250-4043,2025-07-14
정통매운갈비찜,일반가맹점,한식,강원특별자치도,춘천시,4181000,강원특별자치도 춘천시 공지로 349 1층,033-241-5551,강원특별자치도 춘천시청,033-250-4043,2025-07-14
정통집 애막골점,일반가맹점,한식,강원특별자치도,춘천시,4181000,강원특별자치도 춘천시 애막골길11번길 30-1 1층,033-264-3510,강원특별자치도 춘천시청,033-250-4043,2025-07-14
정현도토리임자탕,일반가맹점,한식,강원특별자치도,춘천시,4181000,강원특별자치도춘천시 동내면 거두택지길26번길 3,033-263-0002,강원특별자치도 춘천시청,033-250-4043,2025-07-14
정호닭갈비,일반가맹점,한식,강원특별자치도,춘천시,4181000,강원특별자치도춘천시 남산면 서백길 140,033-263-2823,강원특별자치도 춘천시청,033-250-4043,2025-07-14
제갈덮밥,일반가맹점,일반대중음식,강원특별자치도,춘천시,4181000,강원특별자치도 춘천시 후석로393번길 33 왼쪽상가(후평동),,강원특별자치도 춘천시청,033-250-4043,2025-07-14
제빵소덤 강촌점,일반가맹점,일반대중음식,강원특별자치도,춘천시,4181000,강원특별자치도 춘천시 남산면 소주고개로 555 (남산면 창촌리 257-4),033-262-1118,강원특별자치도 춘천시청,033-250-4043,2025-07-14
제육한상,일반가맹점,한식,강원특별자치도,춘천시,4181000,강원특별자치도 춘천시 영서로 2865 1층,033-255-7412,강원특별자치도 춘천시청,033-250-4043,2025-07-14
제이디푸드,일반가맹점,일반대중음식,강원특별자치도,춘천시,4181000,"강원특별자치도 춘천시 영서로 2918 상가동 207호(사농동,현대아파트)",,강원특별자치도 춘천시청,033-250-4043,2025-07-14
제이오씨(joc)젤라또(journey of cream),일반가맹점,일반대중음식,강원특별자치도,춘천시,4181000,강원특별자치도 춘천시 중앙로 88 1층,,강원특별자치도 춘천시청,033-250-4043,2025-07-14
제일식당,일반가맹점,한식,강원특별자치도,춘천시,4181000,"강원특별자치도춘천시 경춘로 2341, 춘천시외버스터미널 (온의동)",033-254-6330,강원특별자치도 춘천시청,033-250-4043,2025-07-14
제주 돈내코,일반가맹점,한식,강원특별자치도,춘천시,4181000,강원특별자치도춘천시 퇴계로77번길 19-44 (퇴계동),033-254-7997,강원특별자치도 춘천시청,033-250-4043,2025-07-14
제주돈통,일반가맹점,한식,강원특별자치도,춘천시,4181000,강원특별자치도 춘천시 스무숲1길 38-11 1층(석사동),,강원특별자치도 춘천시청,033-250-4043,2025-07-14
제주삼다돈,일반가맹점,한식,강원특별자치도,춘천시,4181000,"강원특별자치도 춘천시 공원4길 20-1 , 1층(퇴계동)",,강원특별자치도 춘천시청,033-250-4043,2025-07-14
제주안방갈비석사점,일반가맹점,한식,강원특별자치도,춘천시,4181000,강원특별자치도 춘천시 후석로45번길 32 1층(석사동),,강원특별자치도 춘천시청,033-250-4043,2025-07-14
제주옥탑 춘천스무숲점,일반가맹점,한식,강원특별자치도,춘천시,4181000,강원특별자치도 춘천시 스무숲1길 38-13 1층,033-244-0888,강원특별자치도 춘천시청,033-250-4043,2025-07-14
제주은희네해장국퇴계점,일반가맹점,한식,강원특별자치도,춘천시,4181000,강원특별자치도 춘천시 춘천로 32 .,033-244-8228,강원특별자치도 춘천시청,033-250-4043,2025-07-14
제주일품순두부,일반가맹점,한식,강원특별자치도,춘천시,4181000,"강원특별자치도춘천시 안마산로 110, 지하1층 (퇴계동)",033-244-6610,강원특별자치도 춘천시청,033-250-4043,2025-07-14
제주일품순두부만천점,일반가맹점,한식,강원특별자치도,춘천시,4181000,강원특별자치도 춘천시 동면 만천로 55 .,033-241-6610,강원특별자치도 춘천시청,033-250-4043,2025-07-14
제주참돈,일반가맹점,한식,강원특별자치도,춘천시,4181000,강원특별자치도춘천시 후석로 252 (후평동),033-257-7778,강원특별자치도 춘천시청,033-250-4043,2025-07-14
제주탐라짬뽕,일반가맹점,중식,강원특별자치도,춘천시,4181000,강원특별자치도 춘천시 윗무린개길 26 1층,033-817-2328,강원특별자치도 춘천시청,033-250-4043,2025-07-14
조개마을,일반가맹점,일반대중음식,강원특별자치도,춘천시,4181000,강원특별자치도 춘천시 동내면 거두택지길 10 1층,033-262-7800,강원특별자치도 춘천시청,033-250-4043,2025-07-14
조개본능,일반가맹점,한식,강원특별자치도,춘천시,4181000,강원특별자치도춘천시 애막골길7번길 23 (석사동),033-264-7959,강원특별자치도 춘천시청,033-250-4043,2025-07-14
조부자매운순대가,일반가맹점,한식,강원특별자치도,춘천시,4181000,강원특별자치도춘천시 소양정길 16-24 (소양로1가),033-253-3471,강원특별자치도 춘천시청,033-250-4043,2025-07-14
조부자매운순대가,일반가맹점,한식,강원특별자치도,춘천시,4181000,강원특별자치도 춘천시 공원3길 23 1층,033-254-0430,강원특별자치도 춘천시청,033-250-4043,2025-07-14
조부자매운순대가(만천점),일반가맹점,한식,강원특별자치도,춘천시,4181000,강원특별자치도춘천시 동면 만천로143번길 50,033-255-9280,강원특별자치도 춘천시청,033-250-4043,2025-07-14
조부자매운순대가(명동점),일반가맹점,한식,강원특별자치도,춘천시,4181000,강원특별자치도 춘천시 시청길12번길 11 1층 주식회사 진국,033-252-1655,강원특별자치도 춘천시청,033-250-4043,2025-07-14
조부자매운순대가(명동점),일반가맹점,한식,강원특별자치도,춘천시,4181000,강원특별자치도춘천시 시청길12번길 11 (조양동),033-252-1655,강원특별자치도 춘천시청,033-250-4043,2025-07-14
조부자매운순대가CGV점,일반가맹점,한식,강원특별자치도,춘천시,4181000,"강원특별자치도 춘천시 퇴계농공로 9 , 104호 (석사동, 넥서스프라자)",033-254-8701,강원특별자치도 춘천시청,033-250-4043,2025-07-14
조부자매운순대가거두점,일반가맹점,한식,강원특별자치도,춘천시,4181000,강원특별자치도 춘천시 동내면 거두택지길4번길 5 1층,,강원특별자치도 춘천시청,033-250-4043,2025-07-14
조부자매운순대가애막골점,일반가맹점,한식,강원특별자치도,춘천시,4181000,강원특별자치도 춘천시 애막골길11번길 31 1층,033-255-0603,강원특별자치도 춘천시청,033-250-4043,2025-07-14
조부자매운순대가장학점,일반가맹점,일반대중음식,강원특별자치도,춘천시,4181000,강원특별자치도춘천시 춘천로 414 (후평동),033-244-8600,강원특별자치도 춘천시청,033-250-4043,2025-07-14
조부자매운순대가퇴계점,일반가맹점,한식,강원특별자치도,춘천시,4181000,강원특별자치도춘천시 퇴계동 11토지 6B3L,033-256-9993,강원특별자치도 춘천시청,033-250-4043,2025-07-14
조부자매운순대가후평점,일반가맹점,한식,강원특별자치도,춘천시,4181000,"강원특별자치도춘천시 보안길 54, 1층 (후평동)",033-241-8030,강원특별자치도 춘천시청,033-250-4043,2025-07-14
조부자순대가,일반가맹점,한식,강원특별자치도,춘천시,4181000,강원특별자치도 춘천시 남산면 강촌로 107 1층,033-262-5750,강원특별자치도 춘천시청,033-250-4043,2025-07-14
조부자순대가 춘천점,일반가맹점,일반대중음식,강원특별자치도,춘천시,4181000,강원특별자치도 춘천시 솟발1길 4-75 1층,033-262-5653,강원특별자치도 춘천시청,033-250-4043,2025-07-14
조부자순대국(강대점),일반가맹점,한식,강원특별자치도,춘천시,4181000,강원특별자치도춘천시 서부대성로227번길 4 (효자동),033-244-3560,강원특별자치도 춘천시청,033-250-4043,2025-07-14
조선곱창,일반가맹점,일반대중음식,강원특별자치도,춘천시,4181000,강원특별자치도 춘천시 우두1길 21 103호,070-8691-0811,강원특별자치도 춘천시청,033-250-4043,2025-07-14
조선땡초우동 춘천점,일반가맹점,한식,강원특별자치도,춘천시,4181000,강원특별자치도 춘천시 중앙로 지하48 다 13,,강원특별자치도 춘천시청,033-250-4043,2025-07-14
조약돌숯불닭갈비,일반가맹점,한식,강원특별자치도,춘천시,4181000,강원특별자치도춘천시 낙원길 43-1 (낙원동),033-264-0858,강원특별자치도 춘천시청,033-250-4043,2025-07-14
조양가,일반가맹점,일반대중음식,강원특별자치도,춘천시,4181000,강원특별자치도 춘천시 시청길10번길 15-1 2층,,강원특별자치도 춘천시청,033-250-4043,2025-07-14
조은숯불구이,일반가맹점,한식,강원특별자치도,춘천시,4181000,강원특별자치도 춘천시 남산면 한치로 110 1층,033-262-1273,강원특별자치도 춘천시청,033-250-4043,2025-07-14
"조춘식동태탕, 찜 회냉면",일반가맹점,한식,강원특별자치도,춘천시,4181000,"강원특별자치도춘천시 보안길 58, 1층 (후평동)",033-256-5252,강원특별자치도 춘천시청,033-250-4043,2025-07-14
족발야시장,일반가맹점,한식,강원특별자치도,춘천시,4181000,"강원특별자치도 춘천시 김유정로 1897 ,2층(퇴계동)",033-263-4969,강원특별자치도 춘천시청,033-250-4043,2025-07-14
족발야시장 (후평점),일반가맹점,한식,강원특별자치도,춘천시,4181000,"강원특별자치도 춘천시 보안길 77 ,1층 101호(후평동)",033-910-4991,강원특별자치도 춘천시청,033-250-4043,2025-07-14
족발야시장 우두점,일반가맹점,일반대중음식,강원특별자치도,춘천시,4181000,"강원특별자치도 춘천시 우두6길 19 ,A동 1층(우두동)",033-256-4969,강원특별자치도 춘천시청,033-250-4043,2025-07-14
족발야시장 춘천온의점,일반가맹점,한식,강원특별자치도,춘천시,4181000,"강원특별자치도 춘천시 스포츠타운길 535 ,상가동 1층 101~105호(온의동,금호1차아파트)",033-242-4969,강원특별자치도 춘천시청,033-250-4043,2025-07-14
족해장국,일반가맹점,한식,강원특별자치도,춘천시,4181000,"강원특별자치도춘천시 삭주로193번길 7, 1층 (후평동)",033-243-5955,강원특별자치도 춘천시청,033-250-4043,2025-07-14
존버당,일반가맹점,패스트푸드,강원특별자치도,춘천시,4181000,"강원특별자치도춘천시 삭주로70번길 4, 1층 (교동)",,강원특별자치도 춘천시청,033-250-4043,2025-07-14
종가숯불닭갈비,일반가맹점,일반대중음식,강원특별자치도,춘천시,4181000,강원특별자치도 춘천시 충혼길8번길 2 1층,033-256-3777,강원특별자치도 춘천시청,033-250-4043,2025-07-14
종가염소요리,일반가맹점,한식,강원특별자치도,춘천시,4181000,"강원특별자치도춘천시 퇴계동 11지구 45블럭2,3롯트",033-242-3500,강원특별자치도 춘천시청,033-250-4043,2025-07-14
종가집숯불구이,일반가맹점,한식,강원특별자치도,춘천시,4181000,강원특별자치도 춘천시 공원4길 21 1층,033-256-3777,강원특별자치도 춘천시청,033-250-4043,2025-07-14
종로식당,일반가맹점,한식,강원특별자치도,춘천시,4181000,"강원특별자치도춘천시 아침길 3, 지하 (조양동)",033-251-1751,강원특별자치도 춘천시청,033-250-4043,2025-07-14
종점생고기,일반가맹점,한식,강원특별자치도,춘천시,4181000,"강원특별자치도 춘천시 공단로 70 층층(후평동, 1)",070-8671-4004,강원특별자치도 춘천시청,033-250-4043,2025-07-14
종점해장국,일반가맹점,한식,강원특별자치도,춘천시,4181000,강원특별자치도 춘천시 중앙로 176 1층,033-242-9338,강원특별자치도 춘천시청,033-250-4043,2025-07-14
좋은초밥,일반가맹점,일식,강원특별자치도,춘천시,4181000,"강원특별자치도춘천시 후만로 3, 우측상가호 1층 (효자동)",,강원특별자치도 춘천시청,033-250-4043,2025-07-14
좋은친구들,일반가맹점,한식,강원특별자치도,춘천시,4181000,강원특별자치도 춘천시 삭주로 118 1층,033-256-2324,강원특별자치도 춘천시청,033-250-4043,2025-07-14
좋은친구들,일반가맹점,한식,강원특별자치도,춘천시,4181000,강원특별자치도 춘천시 서부대성로239번길 69-2 1층,,강원특별자치도 춘천시청,033-250-4043,2025-07-14
좋은흑염소,일반가맹점,한식,강원특별자치도,춘천시,4181000,강원특별자치도춘천시 남춘천길 5 (퇴계동),033-255-5579,강원특별자치도 춘천시청,033-250-4043,2025-07-14
좌방산닭갈비토종닭,일반가맹점,한식,강원특별자치도,춘천시,4181000,강원특별자치도춘천시 남면 한덕발산길 1226,033-263-5517,강원특별자치도 춘천시청,033-250-4043,2025-07-14
주공DC마트,주부식가맹점,식품잡화,강원특별자치도,춘천시,4181000,"강원특별자치도춘천시 동내면 거두택지길 90, 상가 103",033-256-2350,강원특별자치도 춘천시청,033-250-4043,2025-07-14
주니스피자,일반가맹점,패스트푸드,강원특별자치도,춘천시,4181000,강원특별자치도 춘천시 지석로 11 1층,033-263-5388,강원특별자치도 춘천시청,033-250-4043,2025-07-14
주래등석사점,일반가맹점,중식,강원특별자치도,춘천시,4181000,강원특별자치도춘천시 벌말길 96 (석사동),033-263-6338,강원특별자치도 춘천시청,033-250-4043,2025-07-14
주먹생고기,일반가맹점,한식,강원특별자치도,춘천시,4181000,강원특별자치도 춘천시 공지로 452-8 (근화동),033-241-2555,강원특별자치도 춘천시청,033-250-4043,2025-07-14
주문진게먹고회먹고,일반가맹점,일반대중음식,강원특별자치도,춘천시,4181000,강원특별자치도춘천시 스무숲길 30 (석사동),033-261-2252,강원특별자치도 춘천시청,033-250-4043,2025-07-14
주문진바다생선구이,일반가맹점,한식,강원특별자치도,춘천시,4181000,강원특별자치도춘천시 동내면 거두택지길 61 - 1 (3층),033-263-9289,강원특별자치도 춘천시청,033-250-4043,2025-07-14
주문진왕해물찜,일반가맹점,한식,강원특별자치도,춘천시,4181000,강원특별자치도 춘천시 동내면 거두택지길 65-5 1층,033-261-1216,강원특별자치도 춘천시청,033-250-4043,2025-07-14
주상갈비,일반가맹점,한식,강원특별자치도,춘천시,4181000,강원특별자치도춘천시 동내면 거두리 931-1 1층,033-253-9266,강원특별자치도 춘천시청,033-250-4043,2025-07-14
주식회사 고봉삼계탕춘천,일반가맹점,한식,강원특별자치도,춘천시,4181000,"강원특별자치도 춘천시 춘천로 12 , 2층(퇴계동)",,강원특별자치도 춘천시청,033-250-4043,2025-07-14
주식회사 기륜각,일반가맹점,중식,강원특별자치도,춘천시,4181000,강원특별자치도 춘천시 서부대성로239번길 29 (효자동),033-254-1694,강원특별자치도 춘천시청,033-250-4043,2025-07-14
주식회사 도니니1894(춘천엠백화점),일반가맹점,일반대중음식,강원특별자치도,춘천시,4181000,강원특별자치도 춘천시 금강로 68-9 지하1층,031-1588-4662,강원특별자치도 춘천시청,033-250-4043,2025-07-14
주식회사 도울(소양점),편의점,편의점,강원특별자치도,춘천시,4181000,강원특별자치도춘천시 후석로 575 (소양로1가),033-244-1155,강원특별자치도 춘천시청,033-250-4043,2025-07-14
주식회사 마적산닭갈비,일반가맹점,일반대중음식,강원특별자치도,춘천시,4181000,강원특별자치도 춘천시 미나리길 7-3 1층(퇴계동),033-251-9233,강원특별자치도 춘천시청,033-250-4043,2025-07-14
주식회사 명가막국수,일반가맹점,한식,강원특별자치도,춘천시,4181000,강원특별자치도 춘천시 신북읍 상천3길 8 1층,033-241-8443,강원특별자치도 춘천시청,033-250-4043,2025-07-14
주식회사 싱싱코퍼레이션,일반가맹점,제과점,강원특별자치도,춘천시,4181000,강원특별자치도 춘천시 춘주로 54 1층,033-244-8857,강원특별자치도 춘천시청,033-250-4043,2025-07-14
주식회사 싱싱코퍼레이션,일반가맹점,일반대중음식,강원특별자치도,춘천시,4181000,강원특별자치도 춘천시 우두1길 100 춘천우두이지더원시그니처 116동 1층 105호,033-244-8857,강원특별자치도 춘천시청,033-250-4043,2025-07-14
주식회사 아일랜드,일반가맹점,양식,강원특별자치도,춘천시,4181000,강원특별자치도 춘천시 사우로 163 1층,,강원특별자치도 춘천시청,033-250-4043,2025-07-14
주식회사 아일랜드 온의점,일반가맹점,양식,강원특별자치도,춘천시,4181000,강원특별자치도 춘천시 방송길 77 제1층 1309호,033-1356-4681,강원특별자치도 춘천시청,033-250-4043,2025-07-14
주식회사 어반다이닝랩(탑플레이스 다이닝),일반가맹점,양식,강원특별자치도,춘천시,4181000,"강원특별자치도춘천시 동면 순환대로 1154-115, 2층",033-251-3555,강원특별자치도 춘천시청,033-250-4043,2025-07-14
주식회사 에스엠에프에스,일반가맹점,한식,강원특별자치도,춘천시,4181000,강원특별자치도 춘천시 동내면 순환대로 990 .,033-262-0228,강원특별자치도 춘천시청,033-250-4043,2025-07-14
주식회사 원코퍼레이션 별식당강원대점,일반가맹점,일식,강원특별자치도,춘천시,4181000,강원특별자치도 춘천시 서부대성로 241 지하1층,033-257-3338,강원특별자치도 춘천시청,033-250-4043,2025-07-14
주식회사 원코퍼레이션 스시원춘천석사점,일반가맹점,일식,강원특별자치도,춘천시,4181000,"강원특별자치도 춘천시 퇴계농공로 22 1층 103호(석사동, 프라임타워)",033-263-5922,강원특별자치도 춘천시청,033-250-4043,2025-07-14
주식회사 이디오피아집(벳),일반가맹점,일반대중음식,강원특별자치도,춘천시,4181000,"강원특별자치도춘천시 이디오피아길 7, 1층 3층 (근화동)",033-252-6972,강원특별자치도 춘천시청,033-250-4043,2025-07-14
주식회사 제이엠티푸드,일반가맹점,한식,강원특별자치도,춘천시,4181000,강원특별자치도 춘천시 우두길 71-52 (사농동),,강원특별자치도 춘천시청,033-250-4043,2025-07-14
주식회사 주오식품,일반가맹점,일반대중음식,강원특별자치도,춘천시,4181000,강원특별자치도 춘천시 영서로2756번길 1 1층,033-252-7255,강원특별자치도 춘천시청,033-250-4043,2025-07-14
주식회사 지씨에스,일반가맹점,일반대중음식,강원특별자치도,춘천시,4181000,"강원특별자치도춘천시 남산면 북한강변길 688, 1층",033-260-2432,강원특별자치도 춘천시청,033-250-4043,2025-07-14
주식회사 참나무숯불닭갈비막국수,일반가맹점,한식,강원특별자치도,춘천시,4181000,강원특별자치도 춘천시 신북읍 신샘밭로 715 1층,033-8795-2382,강원특별자치도 춘천시청,033-250-4043,2025-07-14
주식회사 춘천장어마을,일반가맹점,한식,강원특별자치도,춘천시,4181000,강원특별자치도 춘천시 신북읍 사랑말길 145 1층,033-244-8213,강원특별자치도 춘천시청,033-250-4043,2025-07-14
주식회사 킹푸드,일반가맹점,양식,강원특별자치도,춘천시,4181000,강원특별자치도 춘천시 동면 순환대로 1156-20 .,,강원특별자치도 춘천시청,033-250-4043,2025-07-14
주식회사 통나무집숯불닭갈비,일반가맹점,한식,강원특별자치도,춘천시,4181000,"강원특별자치도 춘천시 신북읍 신샘밭로 655 1,2층",070-4820-3383,강원특별자치도 춘천시청,033-250-4043,2025-07-14
주식회사 통나무집철판닭갈비,일반가맹점,한식,강원특별자치도,춘천시,4181000,강원특별자치도 춘천시 신북읍 신샘밭로 663 1층,070-4820-3383,강원특별자치도 춘천시청,033-250-4043,2025-07-14
주식회사 풍년,일반가맹점,한식,강원특별자치도,춘천시,4181000,강원특별자치도 춘천시 중앙로107번길 15-6 1층,033-244-5060,강원특별자치도 춘천시청,033-250-4043,2025-07-14
주식회사비케이알버거킹,일반가맹점,패스트푸드,강원특별자치도,춘천시,4181000,"서울 종로구 삼봉로 71, 2층 (수송동, G타워)",02-6341-8255,강원특별자치도 춘천시청,033-250-4043,2025-07-14
주식회사에이치비푸드,일반가맹점,일반대중음식,강원특별자치도,춘천시,4181000,강원특별자치도 춘천시 백령로138번길 33 2층(효자동),033-242-7989,강원특별자치도 춘천시청,033-250-4043,2025-07-14
주식회사한우기업,일반가맹점,한식,강원특별자치도,춘천시,4181000,강원특별자치도춘천시 강원대학길 1 (효자동),033-242-6682,강원특별자치도 춘천시청,033-250-4043,2025-07-14
주안이네 왕만두 칠전점,일반가맹점,한식,강원특별자치도,춘천시,4181000,"강원특별자치도춘천시 칠전서길 5-4, 1층 (칠전동)",033-264-2582,강원특별자치도 춘천시청,033-250-4043,2025-07-14
주안이네왕만두,일반가맹점,한식,강원특별자치도,춘천시,4181000,강원특별자치도춘천시 중앙로124번길 7-6 (소양로4가),033-242-5298,강원특별자치도 춘천시청,033-250-4043,2025-07-14
주영이네,일반가맹점,한식,강원특별자치도,춘천시,4181000,강원특별자치도 춘천시 효자로 147 1층,,강원특별자치도 춘천시청,033-250-4043,2025-07-14
주원,일반가맹점,한식,강원특별자치도,춘천시,4181000,강원특별자치도 춘천시 춘천로204번길 54-1 지하,033-251-3100,강원특별자치도 춘천시청,033-250-4043,2025-07-14
주짬뽕,일반가맹점,중식,강원특별자치도,춘천시,4181000,강원특별자치도 춘천시 동내면 동내로 102-6 1층,033-261-1410,강원특별자치도 춘천시청,033-250-4043,2025-07-14
죽림닭강정,일반가맹점,일반대중음식,강원특별자치도,춘천시,4181000,강원특별자치도 춘천시 중앙로77번길 31 1층,,강원특별자치도 춘천시청,033-250-4043,2025-07-14
죽이야기,일반가맹점,한식,강원특별자치도,춘천시,4181000,"강원특별자치도춘천시 영서로2279번길 3, 102호 (온의동)",033-242-6288,강원특별자치도 춘천시청,033-250-4043,2025-07-14
죽이야기(춘천교대점),일반가맹점,한식,강원특별자치도,춘천시,4181000,"강원특별자치도춘천시 공지로 111  (석사동,신우아파트상가107호)",033-264-6233,강원특별자치도 춘천시청,033-250-4043,2025-07-14
준섭이네닭갈비,일반가맹점,한식,강원특별자치도,춘천시,4181000,강원특별자치도춘천시 신동면 금병의숙길 14,033-261-7998,강원특별자치도 춘천시청,033-250-4043,2025-07-14
준호네오리&닭숯불구이,일반가맹점,한식,강원특별자치도,춘천시,4181000,강원특별자치도춘천시 퇴계로146번길 8-8 (퇴계동),033-264-0668,강원특별자치도 춘천시청,033-250-4043,2025-07-14
준희얼큰이족탕,일반가맹점,한식,강원특별자치도,춘천시,4181000,강원특별자치도 춘천시 후석로 284 1층,,강원특별자치도 춘천시청,033-250-4043,2025-07-14
중국성,일반가맹점,중식,강원특별자치도,춘천시,4181000,강원특별자치도 춘천시 영서로 2301 1층 온의동,033-257-9777,강원특별자치도 춘천시청,033-250-4043,2025-07-14
중국요리만무방,일반가맹점,중식,강원특별자치도,춘천시,4181000,강원특별자치도춘천시 신동면 금병의숙길 9-7,033-261-6577,강원특별자치도 춘천시청,033-250-4043,2025-07-14
중국집,일반가맹점,중식,강원특별자치도,춘천시,4181000,강원특별자치도춘천시 동내면 외솔길19번길 56-17,033-264-5313,강원특별자치도 춘천시청,033-250-4043,2025-07-14
중앙분식,일반가맹점,일반대중음식,강원특별자치도,춘천시,4181000,강원특별자치도 춘천시 중앙로 108-1 1층,033-252-7303,강원특별자치도 춘천시청,033-250-4043,2025-07-14
중앙식당,일반가맹점,한식,강원특별자치도,춘천시,4181000,강원특별자치도 춘천시 명동길29번길 8-20 1층,,강원특별자치도 춘천시청,033-250-4043,2025-07-14
중앙식당,일반가맹점,한식,강원특별자치도,춘천시,4181000,"강원특별자치도춘천시 명동길 44, (중앙로3가)",033-241-4343,강원특별자치도 춘천시청,033-250-4043,2025-07-14
중원,일반가맹점,중식,강원특별자치도,춘천시,4181000,강원특별자치도춘천시 동내면 외솔길 49-5,033-264-5575,강원특별자치도 춘천시청,033-250-4043,2025-07-14
중원식당,일반가맹점,한식,강원특별자치도,춘천시,4181000,"강원특별자치도춘천시 동부시장길 8, 동부시장 (운교동)",033-257-0788,강원특별자치도 춘천시청,033-250-4043,2025-07-14
중화루,일반가맹점,중식,강원특별자치도,춘천시,4181000,"강원특별자치도춘천시 둥지길 5-17, 2층 3층 (효자동)",033-254-2591,강원특별자치도 춘천시청,033-250-4043,2025-07-14
중화반점,일반가맹점,중식,강원특별자치도,춘천시,4181000,"강원특별자치도춘천시 춘천로 202, 1층 (효자동)",033-252-6668,강원특별자치도 춘천시청,033-250-4043,2025-07-14
중화요리 궁,일반가맹점,중식,강원특별자치도,춘천시,4181000,강원특별자치도춘천시 충열로 70-1 (우두동),033-254-4988,강원특별자치도 춘천시청,033-250-4043,2025-07-14
중화요리죽향,일반가맹점,중식,강원특별자치도,춘천시,4181000,강원특별자치도춘천시 효제길 55 (효자동),033-253-9031,강원특별자치도 춘천시청,033-250-4043,2025-07-14
중화촌,일반가맹점,중식,강원특별자치도,춘천시,4181000,강원특별자치도 춘천시 신북읍 상천3길 32 1층,033-254-7877,강원특별자치도 춘천시청,033-250-4043,2025-07-14
쥐눈이콩나물밥1호점(춘천시니어클럽),일반가맹점,한식,강원특별자치도,춘천시,4181000,"강원특별자치도춘천시 중앙로 33 , 지하상가 다열80호 (중앙로1가)",033-256-3005,강원특별자치도 춘천시청,033-250-4043,2025-07-14
쥐눈이콩나물밥2호점(춘천시니어클럽),일반가맹점,한식,강원특별자치도,춘천시,4181000,강원특별자치도 춘천시 충혼길34번길 11 1층 (온의동),033-911-6120,강원특별자치도 춘천시청,033-250-4043,2025-07-14
쥐눈이콩나물밥3호점 (춘천시니어클럽),일반가맹점,일반대중음식,강원특별자치도,춘천시,4181000,강원특별자치도 춘천시 효자로 46-1 1층 (효자동),033-241-5167,강원특별자치도 춘천시청,033-250-4043,2025-07-14
즐거운밥상봄여울,일반가맹점,한식,강원특별자치도,춘천시,4181000,강원특별자치도 춘천시 동면 금촌로 394 1층,033-020-1111,강원특별자치도 춘천시청,033-250-4043,2025-07-14
즐거운하루 숯불생고기,일반가맹점,한식,강원특별자치도,춘천시,4181000,강원특별자치도 춘천시 세실로 100-32 1층,033-261-6655,강원특별자치도 춘천시청,033-250-4043,2025-07-14
지리산 청정흑돼지,일반가맹점,한식,강원특별자치도,춘천시,4181000,강원특별자치도 춘천시 승지골길13번길 7-1 .,033-264-9944,강원특별자치도 춘천시청,033-250-4043,2025-07-14
지리산토종흑돼지,일반가맹점,한식,강원특별자치도,춘천시,4181000,강원특별자치도춘천시 스무숲1길 8-5 (석사동),033-261-9291,강원특별자치도 춘천시청,033-250-4043,2025-07-14
지아네멸치칼국수,일반가맹점,한식,강원특별자치도,춘천시,4181000,강원특별자치도 춘천시 춘천로185번길 6-3 1층3호,033-257-3457,강원특별자치도 춘천시청,033-250-4043,2025-07-14
지암가든,일반가맹점,한식,강원특별자치도,춘천시,4181000,강원특별자치도춘천시 사북면 화악지암길 600-3,033-244-1412,강원특별자치도 춘천시청,033-250-4043,2025-07-14
지암막국수,일반가맹점,한식,강원특별자치도,춘천시,4181000,"강원특별자치도 춘천시 사북면 화악지암길 602 , 1층",033-244-0807,강원특별자치도 춘천시청,033-250-4043,2025-07-14
지에스 푸드 시스템스( GS FOOD SYSTEMS ),일반가맹점,한식,강원특별자치도,춘천시,4181000,강원특별자치도 춘천시 신동면 김유정로 1417 B동 103호(유정프라자),033-261-5233,강원특별자치도 춘천시청,033-250-4043,2025-07-14
지에스(GS)25 거두안길점,편의점,편의점,강원특별자치도,춘천시,4181000,강원특별자치도 춘천시 동내면 거두택지길14번길 6 1층,,강원특별자치도 춘천시청,033-250-4043,2025-07-14
지에스(GS)25 동춘천,편의점,편의점,강원특별자치도,춘천시,4181000,강원특별자치도 춘천시 성심로 69 2층(효자동),,강원특별자치도 춘천시청,033-250-4043,2025-07-14
지에스(GS)25 봄내박물관점,편의점,편의점,강원특별자치도,춘천시,4181000,강원특별자치도 춘천시 우석로 46 1층,,강원특별자치도 춘천시청,033-250-4043,2025-07-14
지에스(GS)25 춘천교대점,편의점,편의점,강원특별자치도,춘천시,4181000,강원특별자치도 춘천시 공지로 124 1층,,강원특별자치도 춘천시청,033-250-4043,2025-07-14
지에스(GS)25 춘천낭만점,편의점,편의점,강원특별자치도,춘천시,4181000,강원특별자치도 춘천시 동내면 순환대로 664 1층,033-262-7202,강원특별자치도 춘천시청,033-250-4043,2025-07-14
지에스(GS)25 춘천뉴공지천점,편의점,편의점,강원특별자치도,춘천시,4181000,강원특별자치도 춘천시 옛경춘로 839 1층,,강원특별자치도 춘천시청,033-250-4043,2025-07-14
지에스(GS)25 춘천대양,편의점,편의점,강원특별자치도,춘천시,4181000,강원특별자치도 춘천시 남춘천새길 41 1층,,강원특별자치도 춘천시청,033-250-4043,2025-07-14
지에스(GS)25 춘천동부점,편의점,편의점,강원특별자치도,춘천시,4181000,"강원특별자치도 춘천시 충열로 32 상가동 1층 103, 104호(우두동)",,강원특별자치도 춘천시청,033-250-4043,2025-07-14
지에스(GS)25 춘천만천사거리점,편의점,편의점,강원특별자치도,춘천시,4181000,강원특별자치도 춘천시 동면 순환대로 1065 1층,,강원특별자치도 춘천시청,033-250-4043,2025-07-14
지에스(GS)25 춘천송암,편의점,편의점,강원특별자치도,춘천시,4181000,강원특별자치도 춘천시 스포츠타운길 91 1층,,강원특별자치도 춘천시청,033-250-4043,2025-07-14
지에스(GS)25 춘천신일,편의점,편의점,강원특별자치도,춘천시,4181000,강원특별자치도 춘천시 공지로 145-3 1층(석사동),,강원특별자치도 춘천시청,033-250-4043,2025-07-14
지에스(GS)25 춘천우석로,편의점,편의점,강원특별자치도,춘천시,4181000,강원특별자치도 춘천시 우석로 77 (석사동),,강원특별자치도 춘천시청,033-250-4043,2025-07-14
지에스(GS)25 춘천점,편의점,편의점,강원특별자치도,춘천시,4181000,"강원특별자치도 춘천시 퇴계로 243 1층(석사동, GIGA빌딩)",,강원특별자치도 춘천시청,033-250-4043,2025-07-14
지에스(GS)25 춘천추곡점,편의점,편의점,강원특별자치도,춘천시,4181000,강원특별자치도 춘천시 북산면 춘양로 1457 1층,,강원특별자치도 춘천시청,033-250-4043,2025-07-14
지에스(GS)25 춘천퇴계로,편의점,편의점,강원특별자치도,춘천시,4181000,강원특별자치도 춘천시 퇴계로 205 1층101호,,강원특별자치도 춘천시청,033-250-4043,2025-07-14
지에스(GS)25 춘천프리미엄,편의점,편의점,강원특별자치도,춘천시,4181000,강원특별자치도 춘천시 동내면 거두택지길 41-94 나동 1층,,강원특별자치도 춘천시청,033-250-4043,2025-07-14
지에스(GS)25 춘천하이테크점,편의점,편의점,강원특별자치도,춘천시,4181000,강원특별자치도 춘천시 후석로420번길 7 B117호,,강원특별자치도 춘천시청,033-250-4043,2025-07-14
지에스(GS)25 춘천호반,편의점,편의점,강원특별자치도,춘천시,4181000,강원특별자치도 춘천시 동내면 거두택지길 80 상가동 105호,,강원특별자치도 춘천시청,033-250-4043,2025-07-14
지에스(GS)25 춘천후평한신점,편의점,편의점,강원특별자치도,춘천시,4181000,강원특별자치도 춘천시 부평길 7 상가동 1층,,강원특별자치도 춘천시청,033-250-4043,2025-07-14
지에스(GS)25춘천구봉산,편의점,편의점,강원특별자치도,춘천시,4181000,강원특별자치도 춘천시 동면 순환대로 1154-113 2층,,강원특별자치도 춘천시청,033-250-4043,2025-07-14
지에스25 (GS25)춘천명동점,편의점,편의점,강원특별자치도,춘천시,4181000,강원특별자치도 춘천시 아침길 14 1층,,강원특별자치도 춘천시청,033-250-4043,2025-07-14
지에스25 남춘천역점,편의점,편의점,강원특별자치도,춘천시,4181000,"강원특별자치도춘천시 영서로 2261, 1층 (퇴계동)",,강원특별자치도 춘천시청,033-250-4043,2025-07-14
지에스25 춘천 석사점,편의점,편의점,강원특별자치도,춘천시,4181000,강원특별자치도 춘천시 후석로 59 1층,,강원특별자치도 춘천시청,033-250-4043,2025-07-14
지에스25 춘천극동점,편의점,편의점,강원특별자치도,춘천시,4181000,"강원특별자치도 춘천시 후석로 459 상가동 101-103호(후평동, 극동늘푸른아파트)",,강원특별자치도 춘천시청,033-250-4043,2025-07-14
지에스25 춘천애니점,편의점,편의점,강원특별자치도,춘천시,4181000,강원특별자치도 춘천시 서면 박사로 842 1층,,강원특별자치도 춘천시청,033-250-4043,2025-07-14
지에스25 춘천학곡점,편의점,편의점,강원특별자치도,춘천시,4181000,강원특별자치도 춘천시 동내면 영서로 1771 306-18,,강원특별자치도 춘천시청,033-250-4043,2025-07-14
지에스25 후평본점,편의점,편의점,강원특별자치도,춘천시,4181000,강원특별자치도 춘천시 후만로98번길 12 1층,,강원특별자치도 춘천시청,033-250-4043,2025-07-14
지에스25(GS25) 춘천CGV점,편의점,편의점,강원특별자치도,춘천시,4181000,강원특별자치도 춘천시 지석로 80 1층 132호,,강원특별자치도 춘천시청,033-250-4043,2025-07-14
지에스25(GS25) 춘천남춘로점,편의점,편의점,강원특별자치도,춘천시,4181000,강원특별자치도 춘천시 남춘로51번길 43 1층,,강원특별자치도 춘천시청,033-250-4043,2025-07-14
지에스25(GS25) 춘천캐슬점,편의점,편의점,강원특별자치도,춘천시,4181000,강원특별자치도 춘천시 방송길 70 상가동 115호,,강원특별자치도 춘천시청,033-250-4043,2025-07-14
지에스25(GS25) 춘천후레쉬점,편의점,편의점,강원특별자치도,춘천시,4181000,강원특별자치도 춘천시 서부대성로 186 1층,,강원특별자치도 춘천시청,033-250-4043,2025-07-14
지에스25(GS25)춘천애플점,편의점,편의점,강원특별자치도,춘천시,4181000,강원특별자치도 춘천시 공지로 69-10 상가동 101호,,강원특별자치도 춘천시청,033-250-4043,2025-07-14
지에스25(GS25)춘천파크자이점,편의점,편의점,강원특별자치도,춘천시,4181000,강원특별자치도 춘천시 옛경춘로 777 1층,,강원특별자치도 춘천시청,033-250-4043,2025-07-14
지에스25(GS25)후평점,편의점,편의점,강원특별자치도,춘천시,4181000,강원특별자치도 춘천시 보안길 65 107호(후평동),,강원특별자치도 춘천시청,033-250-4043,2025-07-14
지정환임실치즈피자,일반가맹점,일반대중음식,강원특별자치도,춘천시,4181000,강원특별자치도춘천시 퇴계로 245 (석사동),033-262-7840,강원특별자치도 춘천시청,033-250-4043,2025-07-14
지정환임실치즈피자(후평점),일반가맹점,양식,강원특별자치도,춘천시,4181000,강원특별자치도춘천시 후평3동 836-15번지 3동 1층,033-254-1113,강원특별자치도 춘천시청,033-250-4043,2025-07-14
지중해,일반가맹점,중식,강원특별자치도,춘천시,4181000,강원특별자치도 춘천시 동면 가산로 93 1층,033-244-7778,강원특별자치도 춘천시청,033-250-4043,2025-07-14
지중해,일반가맹점,한식,강원특별자치도,춘천시,4181000,강원특별자치도 춘천시 동면 가산로 93 .,033-244-7778,강원특별자치도 춘천시청,033-250-4043,2025-07-14
지척,일반가맹점,일반대중음식,강원특별자치도,춘천시,4181000,강원특별자치도 춘천시 영서로2756번길 9 1층,,강원특별자치도 춘천시청,033-250-4043,2025-07-14
지코바 퇴계1호점,일반가맹점,일반대중음식,강원특별자치도,춘천시,4181000,강원특별자치도 춘천시 안마산로 114 1층 106호,033-244-7125,강원특별자치도 춘천시청,033-250-4043,2025-07-14
지코바근화점,일반가맹점,일반대중음식,강원특별자치도,춘천시,4181000,"강원특별자치도 춘천시 근화길15번길 22 상가동1층103호(근화동,신성미소지움아파트)",,강원특별자치도 춘천시청,033-250-4043,2025-07-14
지코바후평1호점,일반가맹점,일반대중음식,강원특별자치도,춘천시,4181000,강원특별자치도 춘천시 동면 춘천로 451 1층 104호,033-244-5668,강원특별자치도 춘천시청,033-250-4043,2025-07-14
직화삼겹직구삼춘천1호점,일반가맹점,한식,강원특별자치도,춘천시,4181000,강원특별자치도 춘천시 영서로2291번길 4-4 .,033-253-9233,강원특별자치도 춘천시청,033-250-4043,2025-07-14
진(眞)짬뽕 진(眞)자장,일반가맹점,중식,강원특별자치도,춘천시,4181000,강원특별자치도춘천시 공지로 246 (효자동),033-261-1749,강원특별자치도 춘천시청,033-250-4043,2025-07-14
진가네왕족발,일반가맹점,일반대중음식,강원특별자치도,춘천시,4181000,강원특별자치도 춘천시 춘천로138번길 29-1 1층,033-257-4122,강원특별자치도 춘천시청,033-250-4043,2025-07-14
진미감자탕순대국,일반가맹점,한식,강원특별자치도,춘천시,4181000,"강원특별자치도춘천시 칠전서길 46-19, 1층 (칠전동)",033-264-5726,강원특별자치도 춘천시청,033-250-4043,2025-07-14
진미닭갈비본점,일반가맹점,한식,강원특별자치도,춘천시,4181000,강원특별자치도춘천시 백령로 51 (효자동),033-243-2888,강원특별자치도 춘천시청,033-250-4043,2025-07-14
진미루,일반가맹점,중식,강원특별자치도,춘천시,4181000,강원특별자치도춘천시 동내면 영서로 1781,033-264-8082,강원특별자치도 춘천시청,033-250-4043,2025-07-14
진미식당,일반가맹점,한식,강원특별자치도,춘천시,4181000,"강원특별자치도춘천시 서부대성로44번길 22-1, 1층 (요선동)",033-244-4114,강원특별자치도 춘천시청,033-250-4043,2025-07-14
진미중식당,일반가맹점,중식,강원특별자치도,춘천시,4181000,강원특별자치도춘천시 사북면 영서로 4805,033-253-6101,강원특별자치도 춘천시청,033-250-4043,2025-07-14
진보닭갈비막국수,일반가맹점,한식,강원특별자치도,춘천시,4181000,강원특별자치도춘천시 충혼길8번길 2 (퇴계동),033-241-7123,강원특별자치도 춘천시청,033-250-4043,2025-07-14
진본식당,일반가맹점,한식,강원특별자치도,춘천시,4181000,"강원특별자치도춘천시 백령로75번길 7, 상가동 101호 (효자동, 신아아파트)",033-251-1999,강원특별자치도 춘천시청,033-250-4043,2025-07-14
진부령동태찜,일반가맹점,한식,강원특별자치도,춘천시,4181000,강원특별자치도춘천시 보안길 90 (후평동),033-256-1667,강원특별자치도 춘천시청,033-250-4043,2025-07-14
진사골,일반가맹점,한식,강원특별자치도,춘천시,4181000,"강원특별자치도 춘천시 동내면 춘천순환로 106-6 , 1층",033-262-7779,강원특별자치도 춘천시청,033-250-4043,2025-07-14
진선미돌솥비빔밥,일반가맹점,한식,강원특별자치도,춘천시,4181000,강원특별자치도 춘천시 방송길 77 상가 2119호(춘천 센트럴타워 푸르지오),033-257-6485,강원특별자치도 춘천시청,033-250-4043,2025-07-14
진선미생삽겹살,일반가맹점,한식,강원특별자치도,춘천시,4181000,강원특별자치도 춘천시 스포츠타운길 529-3 1층,033-252-6485,강원특별자치도 춘천시청,033-250-4043,2025-07-14
진솔미과점,일반가맹점,제과점,강원특별자치도,춘천시,4181000,강원특별자치도 춘천시 봉의산길22번길 25 1층,,강원특별자치도 춘천시청,033-250-4043,2025-07-14
진수성찬,일반가맹점,한식,강원특별자치도,춘천시,4181000,강원특별자치도 춘천시 후석로45번길 7 석사동,033-253-9218,강원특별자치도 춘천시청,033-250-4043,2025-07-14
진스키친,일반가맹점,양식,강원특별자치도,춘천시,4181000,강원특별자치도 춘천시 삭주로 55-1 1층,033-263-6666,강원특별자치도 춘천시청,033-250-4043,2025-07-14
진시황제,일반가맹점,중식,강원특별자치도,춘천시,4181000,강원특별자치도춘천시 후석로 326 207호  엠타워빌딩 (후평동),033-241-8808,강원특별자치도 춘천시청,033-250-4043,2025-07-14
진아의집,일반가맹점,한식,강원특별자치도,춘천시,4181000,"강원특별자치도 춘천시 금강로 20 ,1층",033-254-8995,강원특별자치도 춘천시청,033-250-4043,2025-07-14
진이식당,일반가맹점,일반대중음식,강원특별자치도,춘천시,4181000,"강원특별자치도춘천시 온의동 40-3춘천풍물시장12동93,94호",033-242-4773,강원특별자치도 춘천시청,033-250-4043,2025-07-14
진족,일반가맹점,한식,강원특별자치도,춘천시,4181000,"강원특별자치도춘천시 동내면 춘천순환로72번길 43, 1층",033-264-8858,강원특별자치도 춘천시청,033-250-4043,2025-07-14
진주만두,일반가맹점,한식,강원특별자치도,춘천시,4181000,강원특별자치도춘천시 운교동 167-7번지 5/4,033-253-7472,강원특별자치도 춘천시청,033-250-4043,2025-07-14
진주밥상,일반가맹점,한식,강원특별자치도,춘천시,4181000,"강원특별자치도춘천시 삭주로80번길 4, 1층 (교동)",033-244-2225,강원특별자치도 춘천시청,033-250-4043,2025-07-14
진한사골돼지국밥,일반가맹점,한식,강원특별자치도,춘천시,4181000,"강원특별자치도 춘천시 부평길 16 ,1층(후평동)",033-243-2916,강원특별자치도 춘천시청,033-250-4043,2025-07-14
진향식당,일반가맹점,한식,강원특별자치도,춘천시,4181000,"강원특별자치도춘천시 약사고개길 13, 제일종합시장 (죽림동)",033-252-1291,강원특별자치도 춘천시청,033-250-4043,2025-07-14
집다리골 감자탕,일반가맹점,한식,강원특별자치도,춘천시,4181000,강원특별자치도춘천시 사북면 화악지암길 441,033-244-2010,강원특별자치도 춘천시청,033-250-4043,2025-07-14
집밥,일반가맹점,한식,강원특별자치도,춘천시,4181000,강원특별자치도춘천시 서부대성로 223-2 (효자동),033-253-1358,강원특별자치도 춘천시청,033-250-4043,2025-07-14
집밥의여왕,일반가맹점,한식,강원특별자치도,춘천시,4181000,강원특별자치도 춘천시 충열로16번길 21-5 1층,,강원특별자치도 춘천시청,033-250-4043,2025-07-14
집밥처럼,일반가맹점,한식,강원특별자치도,춘천시,4181000,강원특별자치도춘천시 스포츠타운길 439 (삼천동),033-264-2253,강원특별자치도 춘천시청,033-250-4043,2025-07-14
집패대,일반가맹점,한식,강원특별자치도,춘천시,4181000,강원특별자치도 춘천시 시청길12번길 6-1 1층,,강원특별자치도 춘천시청,033-250-4043,2025-07-14
짜장1번지,일반가맹점,중식,강원특별자치도,춘천시,4181000,강원특별자치도춘천시 춘천로 402 (후평동),033-252-6354,강원특별자치도 춘천시청,033-250-4043,2025-07-14
짜짜루,일반가맹점,중식,강원특별자치도,춘천시,4181000,강원특별자치도 춘천시 후석로 413 1층,033-255-8211,강원특별자치도 춘천시청,033-250-4043,2025-07-14
짬뽕전문점(일환식당),일반가맹점,중식,강원특별자치도,춘천시,4181000,"강원특별자치도춘천시 영서로2269번길 3, 1층 (퇴계동)",033-254-2706,강원특별자치도 춘천시청,033-250-4043,2025-07-14
짱구네,일반가맹점,한식,강원특별자치도,춘천시,4181000,강원특별자치도 춘천시 후석로228번길 47 상가동 1층 104호 (후평동),033-242-1027,강원특별자치도 춘천시청,033-250-4043,2025-07-14
짱구네숯불닭발,일반가맹점,한식,강원특별자치도,춘천시,4181000,강원특별자치도 춘천시 소양로 184 1층(소양로1가),033-244-9154,강원특별자치도 춘천시청,033-250-4043,2025-07-14
짱만두,일반가맹점,한식,강원특별자치도,춘천시,4181000,강원특별자치도춘천시 퇴계로 140-1 (퇴계동),033-254-7675,강원특별자치도 춘천시청,033-250-4043,2025-07-14
짱손만두,일반가맹점,한식,강원특별자치도,춘천시,4181000,강원특별자치도춘천시 후석로455번길 55-3 (후평동),033-255-8244,강원특별자치도 춘천시청,033-250-4043,2025-07-14
짱어장어,일반가맹점,한식,강원특별자치도,춘천시,4181000,강원특별자치도 춘천시 솟발1길 4-47 1층,033-261-0592,강원특별자치도 춘천시청,033-250-4043,2025-07-14
짱이네분식,일반가맹점,한식,강원특별자치도,춘천시,4181000,강원특별자치도 춘천시 우두1길 70 118동 101호,,강원특별자치도 춘천시청,033-250-4043,2025-07-14
짱이닭최고닭,일반가맹점,한식,강원특별자치도,춘천시,4181000,"강원특별자치도춘천시 춘주로91번길 13, 1층 2호 (온의동)",033-020-1111,강원특별자치도 춘천시청,033-250-4043,2025-07-14
짱인,일반가맹점,일반대중음식,강원특별자치도,춘천시,4181000,강원특별자치도 춘천시 백령로 121-1 효자동,033-255-9975,강원특별자치도 춘천시청,033-250-4043,2025-07-14
쩝쩝박사,일반가맹점,일반대중음식,강원특별자치도,춘천시,4181000,강원특별자치도 춘천시 백령로 4 101호(효자동),,강원특별자치도 춘천시청,033-250-4043,2025-07-14
쫄면구역,일반가맹점,한식,강원특별자치도,춘천시,4181000,강원특별자치도 춘천시 서부대성로 144 나동1층(운교동),033-251-7752,강원특별자치도 춘천시청,033-250-4043,2025-07-14
쭈꾸미638,일반가맹점,한식,강원특별자치도,춘천시,4181000,강원특별자치도 춘천시 동내면 순환대로 636 2동 1층,033-263-0413,강원특별자치도 춘천시청,033-250-4043,2025-07-14
쭈꾸미도사,일반가맹점,한식,강원특별자치도,춘천시,4181000,강원특별자치도 춘천시 애막골길11번길 25-1 1층 석사동,033-261-9279,강원특별자치도 춘천시청,033-250-4043,2025-07-14
쭈꾸미한판,일반가맹점,한식,강원특별자치도,춘천시,4181000,"강원특별자치도춘천시 보안길 59, 103호 (후평동)",,강원특별자치도 춘천시청,033-250-4043,2025-07-14
쭈꾸박스,일반가맹점,한식,강원특별자치도,춘천시,4181000,강원특별자치도 춘천시 지석로 11 2층,033-243-6969,강원특별자치도 춘천시청,033-250-4043,2025-07-14
쭈노치킨,일반가맹점,일반대중음식,강원특별자치도,춘천시,4181000,강원특별자치도 춘천시 행촌로32번길 5-2 1층,033-255-8767,강원특별자치도 춘천시청,033-250-4043,2025-07-14
쭈노치킨 석사점,일반가맹점,일반대중음식,강원특별자치도,춘천시,4181000,"강원특별자치도춘천시 새롬공원길5번길 13-1, 1층 (석사동)",033-253-9245,강원특별자치도 춘천시청,033-250-4043,2025-07-14
쭌이네생모듬구이,일반가맹점,한식,강원특별자치도,춘천시,4181000,강원특별자치도춘천시 우석로79번길 16-10 (석사동),033-263-9662,강원특별자치도 춘천시청,033-250-4043,2025-07-14
찌니네식빵,일반가맹점,제과점,강원특별자치도,춘천시,4181000,강원특별자치도 춘천시 사우로 68 1층,,강원특별자치도 춘천시청,033-250-4043,2025-07-14
찌웅이네 숯불두마리치킨(춘천점),일반가맹점,일반대중음식,강원특별자치도,춘천시,4181000,"강원특별자치도 춘천시 공지로218번길 26 ,상가동 1층 103호",,강원특별자치도 춘천시청,033-250-4043,2025-07-14
찍찍이네,일반가맹점,한식,강원특별자치도,춘천시,4181000,"강원특별자치도춘천시 우석로79번길 12-10, 1층 (석사동)",033-263-2727,강원특별자치도 춘천시청,033-250-4043,2025-07-14
찐대박김치찜,일반가맹점,한식,강원특별자치도,춘천시,4181000,강원특별자치도 춘천시 춘주로147번길 22-4 1층,033-241-2722,강원특별자치도 춘천시청,033-250-4043,2025-07-14
찐이네 삼겹살,일반가맹점,한식,강원특별자치도,춘천시,4181000,강원특별자치도 춘천시 삭주로 198 1동 1층(후평동),033-255-9897,강원특별자치도 춘천시청,033-250-4043,2025-07-14
찜이랑 탕이랑,일반가맹점,한식,강원특별자치도,춘천시,4181000,강원특별자치도춘천시 스무숲4길 22-1 (석사동),033-261-3323,강원특별자치도 춘천시청,033-250-4043,2025-07-14
차이나객잔,일반가맹점,중식,강원특별자치도,춘천시,4181000,강원특별자치도 춘천시 칠전서길 38-10 1층,033-264-2958,강원특별자치도 춘천시청,033-250-4043,2025-07-14
차이나게이트,일반가맹점,중식,강원특별자치도,춘천시,4181000,강원특별자치도춘천시 애막골길7번길 30-1 (석사동),033-254-8834,강원특별자치도 춘천시청,033-250-4043,2025-07-14
차이나게이트2호점,일반가맹점,중식,강원특별자치도,춘천시,4181000,강원특별자치도 춘천시 성심로 4 1층 교동,033-911-5655,강원특별자치도 춘천시청,033-250-4043,2025-07-14
차이웍,일반가맹점,중식,강원특별자치도,춘천시,4181000,강원특별자치도 춘천시 동면 만천로143번길 54 103호,033-256-8800,강원특별자치도 춘천시청,033-250-4043,2025-07-14
차재현의순대박사퇴계점,일반가맹점,일반대중음식,강원특별자치도,춘천시,4181000,강원특별자치도 춘천시 남춘로26번길 17 퇴계동,033-264-0313,강원특별자치도 춘천시청,033-250-4043,2025-07-14
착한 식당,일반가맹점,한식,강원특별자치도,춘천시,4181000,"강원특별자치도춘천시 춘천로 348, 1층 (후평동)",033-241-9994,강원특별자치도 춘천시청,033-250-4043,2025-07-14
착한감자탕,일반가맹점,한식,강원특별자치도,춘천시,4181000,강원특별자치도 춘천시 백령로 188 1층,033-256-7100,강원특별자치도 춘천시청,033-250-4043,2025-07-14
착한곱한우곱창춘천1호점,일반가맹점,한식,강원특별자치도,춘천시,4181000,강원특별자치도 춘천시 백령로 214 1층 (후평동),033-263-6814,강원특별자치도 춘천시청,033-250-4043,2025-07-14
착한곱한우곱창춘천2호석사점,일반가맹점,한식,강원특별자치도,춘천시,4181000,강원특별자치도 춘천시 춘천순환로 28 1층(석사동),033-263-8872,강원특별자치도 춘천시청,033-250-4043,2025-07-14
착한낙지 춘천점,일반가맹점,한식,강원특별자치도,춘천시,4181000,강원특별자치도 춘천시 스포츠타운길 524 (온의동),033-252-5393,강원특별자치도 춘천시청,033-250-4043,2025-07-14
착한밥상,일반가맹점,한식,강원특별자치도,춘천시,4181000,"강원특별자치도춘천시 퇴계공단길 24, 1층 (퇴계동)",033-261-0178,강원특별자치도 춘천시청,033-250-4043,2025-07-14
착한복돼지,일반가맹점,일반대중음식,강원특별자치도,춘천시,4181000,강원특별자치도 춘천시 애막골길7번길 15-1 (석사동),033-262-7701,강원특별자치도 춘천시청,033-250-4043,2025-07-14
착한중식야식,일반가맹점,중식,강원특별자치도,춘천시,4181000,"강원특별자치도 춘천시 소양고개길 29 1층 102호(요선동,한신휴플러스아파트상가)",,강원특별자치도 춘천시청,033-250-4043,2025-07-14
착한팥쥐네,일반가맹점,일반대중음식,강원특별자치도,춘천시,4181000,강원특별자치도 춘천시 서부대성로 126 1층,,강원특별자치도 춘천시청,033-250-4043,2025-07-14
찬들,일반가맹점,일반대중음식,강원특별자치도,춘천시,4181000,강원특별자치도춘천시 금강로 83 (운교동),033-255-5343,강원특별자치도 춘천시청,033-250-4043,2025-07-14
찬샘가라매기닭갈비,일반가맹점,한식,강원특별자치도,춘천시,4181000,강원특별자치도춘천시 충열로16번길 24 (우두동),033-242-2053,강원특별자치도 춘천시청,033-250-4043,2025-07-14
찬이네뼈해장국,일반가맹점,한식,강원특별자치도,춘천시,4181000,강원특별자치도 춘천시 스포츠타운길 320 1층,033-252-6545,강원특별자치도 춘천시청,033-250-4043,2025-07-14
찬이네통큰왕만두,일반가맹점,일반대중음식,강원특별자치도,춘천시,4181000,강원특별자치도춘천시 춘천로 164-1 (운교동),033-255-0601,강원특별자치도 춘천시청,033-250-4043,2025-07-14
참나무 숯불닭갈비 막국수 분점,일반가맹점,한식,강원특별자치도,춘천시,4181000,강원특별자치도 춘천시 신북읍 신샘밭로 687 .,033-241-5241,강원특별자치도 춘천시청,033-250-4043,2025-07-14
참나무숯불닭갈비막국수,일반가맹점,한식,강원특별자치도,춘천시,4181000,강원특별자치도춘천시 신북읍 신샘밭로 715,033-242-0388,강원특별자치도 춘천시청,033-250-4043,2025-07-14
참맛,일반가맹점,한식,강원특별자치도,춘천시,4181000,강원특별자치도춘천시 충열로16번길 4-1 (우두동),033-256-8876,강원특별자치도 춘천시청,033-250-4043,2025-07-14
참맛부흥닭갈비,일반가맹점,한식,강원특별자치도,춘천시,4181000,강원특별자치도춘천시 백령로138번길 13 (효자동),033-253-0482,강원특별자치도 춘천시청,033-250-4043,2025-07-14
참미닭갈비,일반가맹점,한식,강원특별자치도,춘천시,4181000,"강원특별자치도춘천시 충열로16번길 21-17, 1층 (우두동)",033-253-4966,강원특별자치도 춘천시청,033-250-4043,2025-07-14
참살이,일반가맹점,일반대중음식,강원특별자치도,춘천시,4181000,강원특별자치도 춘천시 서면 박사로 882 1층,,강원특별자치도 춘천시청,033-250-4043,2025-07-14
참살이불쭈꾸미,일반가맹점,한식,강원특별자치도,춘천시,4181000,강원특별자치도 춘천시 동면 만천로 28 1층,033-254-7989,강원특별자치도 춘천시청,033-250-4043,2025-07-14
참숯대구막창,일반가맹점,일반대중음식,강원특별자치도,춘천시,4181000,강원특별자치도 춘천시 벌말길 69 1층,033-911-7953,강원특별자치도 춘천시청,033-250-4043,2025-07-14
참조은보리밥,일반가맹점,한식,강원특별자치도,춘천시,4181000,강원특별자치도 춘천시 효제길 13-1 1층 101호,033-251-8281,강원특별자치도 춘천시청,033-250-4043,2025-07-14
참조은소,일반가맹점,한식,강원특별자치도,춘천시,4181000,강원특별자치도 춘천시 남춘천길 12 1층,,강원특별자치도 춘천시청,033-250-4043,2025-07-14
참좋은자리,일반가맹점,한식,강원특별자치도,춘천시,4181000,강원특별자치도춘천시 후석로393번길 34 (후평동),033-253-7729,강원특별자치도 춘천시청,033-250-4043,2025-07-14
참한고깃집,일반가맹점,한식,강원특별자치도,춘천시,4181000,강원특별자치도 춘천시 후석로46번길 24-1 1층,033-264-2655,강원특별자치도 춘천시청,033-250-4043,2025-07-14
창랑,일반가맹점,한식,강원특별자치도,춘천시,4181000,강원특별자치도춘천시 동내면 거두택지길 30,033-256-8817,강원특별자치도 춘천시청,033-250-4043,2025-07-14
창촌반점,일반가맹점,중식,강원특별자치도,춘천시,4181000,강원특별자치도춘천시 남산면 한치로 86,033-261-4640,강원특별자치도 춘천시청,033-250-4043,2025-07-14
채가네순대국,일반가맹점,한식,강원특별자치도,춘천시,4181000,"강원특별자치도춘천시 도화길 3-1, 1층 (효자동)",033-252-1185,강원특별자치도 춘천시청,033-250-4043,2025-07-14
채선당 석사점,일반가맹점,한식,강원특별자치도,춘천시,4181000,강원특별자치도 춘천시 동내면 거두택지길 93-16 .,033-264-1566,강원특별자치도 춘천시청,033-250-4043,2025-07-14
채선당행복가마솥밥 롯데마트춘천점,일반가맹점,한식,강원특별자치도,춘천시,4181000,강원특별자치도 춘천시 방송길 84 롯데마트 2층,,강원특별자치도 춘천시청,033-250-4043,2025-07-14
채오가짬뽕,일반가맹점,일반대중음식,강원특별자치도,춘천시,4181000,강원특별자치도 춘천시 동내면 춘천순환로 132 ..,033-262-0405,강원특별자치도 춘천시청,033-250-4043,2025-07-14
챌린지제빵소,일반가맹점,제과점,강원특별자치도,춘천시,4181000,강원특별자치도 춘천시 동내면 춘천순환로94번길 31 지하1층,,강원특별자치도 춘천시청,033-250-4043,2025-07-14
챠이강짬뽕,일반가맹점,중식,강원특별자치도,춘천시,4181000,"강원특별자치도춘천시 안마산로 214 , 상가동 12,14,31,32호 (퇴계동, 퇴계금호타운아파트)",033-261-8935,강원특별자치도 춘천시청,033-250-4043,2025-07-14
처가집양념치킨 강대점,일반가맹점,일반대중음식,강원특별자치도,춘천시,4181000,강원특별자치도 춘천시 서부대성로 182-1 1층,033-251-7782,강원특별자치도 춘천시청,033-250-4043,2025-07-14
처가집양념통닭부안점,일반가맹점,일반대중음식,강원특별자치도,춘천시,4181000,강원특별자치도춘천시 보안길 42 (후평동),033-251-1677,강원특별자치도 춘천시청,033-250-4043,2025-07-14
처갓집양념치킨춘천서면점&한상가득박사로점,일반가맹점,한식,강원특별자치도,춘천시,4181000,강원특별자치도 춘천시 서면 박사로 929 2층,,강원특별자치도 춘천시청,033-250-4043,2025-07-14
처갓집양념치킨춘천소양점,일반가맹점,일반대중음식,강원특별자치도,춘천시,4181000,강원특별자치도 춘천시 소양로 186 1층(소양로1가),033-255-8881,강원특별자치도 춘천시청,033-250-4043,2025-07-14
처갓집양념치킨퇴계점,일반가맹점,일반대중음식,강원특별자치도,춘천시,4181000,강원특별자치도 춘천시 행촌로32번길 16 .,033-256-5149,강원특별자치도 춘천시청,033-250-4043,2025-07-14
처갓집양념통닭남부점,일반가맹점,일반대중음식,강원특별자치도,춘천시,4181000,강원특별자치도춘천시 효명길 3 (효자동),033-254-3503,강원특별자치도 춘천시청,033-250-4043,2025-07-14
처갓집양념통닭동내기사식당,일반가맹점,일반대중음식,강원특별자치도,춘천시,4181000,"강원특별자치도춘천시 동내면 영서로 1793, 1층",033-262-8270,강원특별자치도 춘천시청,033-250-4043,2025-07-14
처갓집양념통닭석사점,일반가맹점,일반대중음식,강원특별자치도,춘천시,4181000,"강원특별자치도춘천시 후석로45번길 13, 1층 (석사동)",033-262-6592,강원특별자치도 춘천시청,033-250-4043,2025-07-14
천미향,일반가맹점,중식,강원특별자치도,춘천시,4181000,강원특별자치도춘천시 동부시장길 11 (운교동),033-242-3724,강원특별자치도 춘천시청,033-250-4043,2025-07-14
천미향,일반가맹점,중식,강원특별자치도,춘천시,4181000,강원특별자치도 춘천시 사우로 113-15 1층,033-286-9811,강원특별자치도 춘천시청,033-250-4043,2025-07-14
천사곱창,일반가맹점,한식,강원특별자치도,춘천시,4181000,강원특별자치도 춘천시 후석로344번길 5 1층,033-255-9990,강원특별자치도 춘천시청,033-250-4043,2025-07-14
천상,일반가맹점,일반대중음식,강원특별자치도,춘천시,4181000,강원특별자치도 춘천시 영서로 2265 지하1층,033-256-2200,강원특별자치도 춘천시청,033-250-4043,2025-07-14
천상지미돈,일반가맹점,한식,강원특별자치도,춘천시,4181000,강원특별자치도 춘천시 동내면 춘천순환로116번길 7 지하1층,033-261-8889,강원특별자치도 춘천시청,033-250-4043,2025-07-14
천진동만두전골,일반가맹점,한식,강원특별자치도,춘천시,4181000,강원특별자치도 춘천시 영서로2756번길 14-1 1층1층,033-257-5059,강원특별자치도 춘천시청,033-250-4043,2025-07-14
천진동석사점,일반가맹점,한식,강원특별자치도,춘천시,4181000,강원특별자치도 춘천시 벌말길 81 1층,033-243-2323,강원특별자치도 춘천시청,033-250-4043,2025-07-14
천하일미닭갈비,일반가맹점,한식,강원특별자치도,춘천시,4181000,강원특별자치도춘천시 영서로2279번길 25 (온의동),033-253-2538,강원특별자치도 춘천시청,033-250-4043,2025-07-14
천하일미퇴계점,일반가맹점,한식,강원특별자치도,춘천시,4181000,강원특별자치도춘천시 행촌로32번길 5-3 (퇴계동),033-251-9933,강원특별자치도 춘천시청,033-250-4043,2025-07-14
천하제일뼈짬뽕,일반가맹점,중식,강원특별자치도,춘천시,4181000,강원특별자치도 춘천시 동면 소양강로 266 1층,033-252-0116,강원특별자치도 춘천시청,033-250-4043,2025-07-14
천하짬뽕,일반가맹점,중식,강원특별자치도,춘천시,4181000,강원특별자치도 춘천시 솟발1길 4-71 1층,033-263-8007,강원특별자치도 춘천시청,033-250-4043,2025-07-14
천하치킨,일반가맹점,일반대중음식,강원특별자치도,춘천시,4181000,강원특별자치도 춘천시 서부대성로43번길 12 1층128호,,강원특별자치도 춘천시청,033-250-4043,2025-07-14
천하풍천민물장어,일반가맹점,한식,강원특별자치도,춘천시,4181000,강원특별자치도춘천시 퇴계로77번길 7-16 (퇴계동),033-243-0027,강원특별자치도 춘천시청,033-250-4043,2025-07-14
철길부산집애막골점,일반가맹점,한식,강원특별자치도,춘천시,4181000,강원특별자치도 춘천시 애막골길7번길 20-1 1층(석사동),,강원특별자치도 춘천시청,033-250-4043,2025-07-14
첨첨,일반가맹점,일반대중음식,강원특별자치도,춘천시,4181000,강원특별자치도 춘천시 옛경춘로 830 (삼천동),,강원특별자치도 춘천시청,033-250-4043,2025-07-14
청강 어탕손수제비,일반가맹점,한식,강원특별자치도,춘천시,4181000,"강원특별자치도춘천시 신북읍 신샘밭로 712 (외1필지(64-5,64-12))",033-243-5789,강원특별자치도 춘천시청,033-250-4043,2025-07-14
청강어탕손수제비시청점,일반가맹점,한식,강원특별자치도,춘천시,4181000,"강원특별자치도춘천시 옥천길 41, 1층 (옥천동)",,강원특별자치도 춘천시청,033-250-4043,2025-07-14
청계곱창,일반가맹점,한식,강원특별자치도,춘천시,4181000,강원특별자치도 춘천시 행촌로32번길 5-10 1층,033-255-9395,강원특별자치도 춘천시청,033-250-4043,2025-07-14
청년다방 춘천온의점,일반가맹점,한식,강원특별자치도,춘천시,4181000,강원특별자치도 춘천시 춘천로17번길 21 1층 106호(온의동),033-253-5579,강원특별자치도 춘천시청,033-250-4043,2025-07-14
청년다방춘천CGV점,일반가맹점,일반대중음식,강원특별자치도,춘천시,4181000,강원특별자치도 춘천시 퇴계농공로 9 넥서스프라자 107호,033-262-5579,강원특별자치도 춘천시청,033-250-4043,2025-07-14
청년미트,일반가맹점,한식,강원특별자치도,춘천시,4181000,강원특별자치도 춘천시 백령로 215 상가1동 3호,,강원특별자치도 춘천시청,033-250-4043,2025-07-14
청년반점춘천석사점,일반가맹점,일반대중음식,강원특별자치도,춘천시,4181000,강원특별자치도 춘천시 새롬공원길9번길 10-14 .,033-264-8283,강원특별자치도 춘천시청,033-250-4043,2025-07-14
청년분식,일반가맹점,한식,강원특별자치도,춘천시,4181000,강원특별자치도 춘천시 우두1길 47 1층 102호,033-254-5111,강원특별자치도 춘천시청,033-250-4043,2025-07-14
청년분식 춘천점,일반가맹점,한식,강원특별자치도,춘천시,4181000,강원특별자치도 춘천시 후석로46번길 16 1층,070-7576-0332,강원특별자치도 춘천시청,033-250-4043,2025-07-14
청년팝업레스토랑미생,일반가맹점,양식,강원특별자치도,춘천시,4181000,강원특별자치도 춘천시 우석로 8 1층(석사동),070-8862-2719,강원특별자치도 춘천시청,033-250-4043,2025-07-14
청년피자 춘천퇴계점,일반가맹점,패스트푸드,강원특별자치도,춘천시,4181000,강원특별자치도 춘천시 퇴계로 140-1 1층,033-264-8484,강원특별자치도 춘천시청,033-250-4043,2025-07-14
청년피자춘천후평점,일반가맹점,패스트푸드,강원특별자치도,춘천시,4181000,강원특별자치도 춘천시 춘천로282번길 1 1층,033-257-6209,강원특별자치도 춘천시청,033-250-4043,2025-07-14
청담골고깃집,일반가맹점,한식,강원특별자치도,춘천시,4181000,강원특별자치도춘천시 충혼길8번길 11 (퇴계동),033-251-7744,강원특별자치도 춘천시청,033-250-4043,2025-07-14
청담물갈비 춘천퇴계점,일반가맹점,한식,강원특별자치도,춘천시,4181000,강원특별자치도 춘천시 남춘로 26 1층(퇴계동),033-262-8878,강원특별자치도 춘천시청,033-250-4043,2025-07-14
청명복집,일반가맹점,한식,강원특별자치도,춘천시,4181000,강원특별자치도춘천시 동면 도토골길 36-11,033-242-5460,강원특별자치도 춘천시청,033-250-4043,2025-07-14
청미래닭갈비,일반가맹점,한식,강원특별자치도,춘천시,4181000,강원특별자치도춘천시 백령로138번길 53 (효자동),033-244-9488,강원특별자치도 춘천시청,033-250-4043,2025-07-14
청소년도서관매점(춘천지역자활센터),주부식가맹점,할인점/슈퍼마켓,강원특별자치도,춘천시,4181000,"강원특별자치도춘천시 옛경춘로 830-24, 지하1층 (삼천동)",033-253-4575,강원특별자치도 춘천시청,033-250-4043,2025-07-14
청솔닭갈비,일반가맹점,한식,강원특별자치도,춘천시,4181000,강원특별자치도 춘천시 안마산로 17 .,033-243-5538,강원특별자치도 춘천시청,033-250-4043,2025-07-14
청솔밥상,일반가맹점,한식,강원특별자치도,춘천시,4181000,강원특별자치도 춘천시 만천로205번길 5 1층,,강원특별자치도 춘천시청,033-250-4043,2025-07-14
청솔한우,일반가맹점,한식,강원특별자치도,춘천시,4181000,"강원특별자치도춘천시 애막골길3번길 20-1, 1층 (석사동)",033-263-3535,강원특별자치도 춘천시청,033-250-4043,2025-07-14
청송막국수,일반가맹점,한식,강원특별자치도,춘천시,4181000,강원특별자치도춘천시 벌말길 68 (석사동),033-261-6788,강원특별자치도 춘천시청,033-250-4043,2025-07-14
청와삼대춘전점,일반가맹점,한식,강원특별자치도,춘천시,4181000,강원특별자치도춘천시 동면 춘천로 553,033-256-7932,강원특별자치도 춘천시청,033-250-4043,2025-07-14
청월,일반가맹점,중식,강원특별자치도,춘천시,4181000,강원특별자치도 춘천시 우두1길 17 2층 204호,,강원특별자치도 춘천시청,033-250-4043,2025-07-14
청재,일반가맹점,한식,강원특별자치도,춘천시,4181000,강원특별자치도춘천시 서면 박사로 927,033-255-2867,강원특별자치도 춘천시청,033-250-4043,2025-07-14
청정골,일반가맹점,한식,강원특별자치도,춘천시,4181000,강원특별자치도춘천시 우묵길78번길 20 (퇴계동),033-252-9288,강원특별자치도 춘천시청,033-250-4043,2025-07-14
청진동 감자탕,일반가맹점,한식,강원특별자치도,춘천시,4181000,강원특별자치도 춘천시 가연길5번길 41-6 (근화동),033-244-8788,강원특별자치도 춘천시청,033-250-4043,2025-07-14
청진동양평해장국한우국밥,일반가맹점,한식,강원특별자치도,춘천시,4181000,강원특별자치도춘천시 후석로 52 (석사동),033-264-7780,강원특별자치도 춘천시청,033-250-4043,2025-07-14
청춘관,일반가맹점,한식,강원특별자치도,춘천시,4181000,강원특별자치도 춘천시 벌말길 74 (석사동),,강원특별자치도 춘천시청,033-250-4043,2025-07-14
청춘꼬마김밥 강남점,일반가맹점,한식,강원특별자치도,춘천시,4181000,강원특별자치도 춘천시 영서로 2347-1 1층 우측,033-244-2688,강원특별자치도 춘천시청,033-250-4043,2025-07-14
청춘꼬마김밥 신사우점,일반가맹점,일반대중음식,강원특별자치도,춘천시,4181000,강원특별자치도 춘천시 우두1길 101 1층 108호,033-252-9486,강원특별자치도 춘천시청,033-250-4043,2025-07-14
청춘꼬마김밥앤떡볶이본점,일반가맹점,한식,강원특별자치도,춘천시,4181000,"강원특별자치도춘천시 퇴계농공로 12, 1052호 (석사동)",033-264-2640,강원특별자치도 춘천시청,033-250-4043,2025-07-14
청춘꼬마김밥앤떡볶이우두점,일반가맹점,한식,강원특별자치도,춘천시,4181000,강원특별자치도 춘천시 영서로2771번길 5 1층 (우두동),033-252-2640,강원특별자치도 춘천시청,033-250-4043,2025-07-14
청춘꼬마김밥앤떡볶이퇴계점,일반가맹점,한식,강원특별자치도,춘천시,4181000,강원특별자치도 춘천시 안마산로 115 A3-105호(퇴계동),033-251-2640,강원특별자치도 춘천시청,033-250-4043,2025-07-14
청춘꼬마김밥앤떡볶이후평점,일반가맹점,한식,강원특별자치도,춘천시,4181000,강원특별자치도 춘천시 후석로326번길 5 1층 102호(후평동),033-262-2640,강원특별자치도 춘천시청,033-250-4043,2025-07-14
청춘활어퇴계점,일반가맹점,일식,강원특별자치도,춘천시,4181000,"강원특별자치도춘천시 안마산로 217, 상가동 111호 (퇴계동, 한주아파트)",033-263-6077,강원특별자치도 춘천시청,033-250-4043,2025-07-14
청파동강대점,일반가맹점,한식,강원특별자치도,춘천시,4181000,강원특별자치도 춘천시 백령로138번길 35 지하1층,,강원특별자치도 춘천시청,033-250-4043,2025-07-14
청평골우리집,일반가맹점,한식,강원특별자치도,춘천시,4181000,"강원특별자치도춘천시 북산면 오봉산길 630, 상가세번째",033-255-3614,강원특별자치도 춘천시청,033-250-4043,2025-07-14
청평미가,일반가맹점,한식,강원특별자치도,춘천시,4181000,"강원특별자치도춘천시 석사길5번길 34, 1층 (석사동)",033-263-2939,강원특별자치도 춘천시청,033-250-4043,2025-07-14
청평산장,일반가맹점,한식,강원특별자치도,춘천시,4181000,강원특별자치도 춘천시 북산면 오봉산길 661 1층,033-244-0580,강원특별자치도 춘천시청,033-250-4043,2025-07-14
청평해장국,일반가맹점,한식,강원특별자치도,춘천시,4181000,강원특별자치도춘천시 영서로2753번길 4 (우두동),033-251-8949,강원특별자치도 춘천시청,033-250-4043,2025-07-14
청해루,일반가맹점,중식,강원특별자치도,춘천시,4181000,"강원특별자치도춘천시 동내면 거두택지길4번길 35, 1층",033-264-5288,강원특별자치도 춘천시청,033-250-4043,2025-07-14
청해생선전문점,일반가맹점,한식,강원특별자치도,춘천시,4181000,강원특별자치도춘천시 동면 만천로 147-1,033-251-4244,강원특별자치도 춘천시청,033-250-4043,2025-07-14
청향오리,일반가맹점,한식,강원특별자치도,춘천시,4181000,강원특별자치도 춘천시 신북읍 영서로 3746-7 3746-7,,강원특별자치도 춘천시청,033-250-4043,2025-07-14
초가뭉텅찌개,일반가맹점,한식,강원특별자치도,춘천시,4181000,강원특별자치도춘천시 신북읍 율문길 107-1,033-241-0078,강원특별자치도 춘천시청,033-250-4043,2025-07-14
초가해물찜,일반가맹점,한식,강원특별자치도,춘천시,4181000,강원특별자치도춘천시 동면 감정667,033-241-6381,강원특별자치도 춘천시청,033-250-4043,2025-07-14
초계명가,일반가맹점,한식,강원특별자치도,춘천시,4181000,강원특별자치도 춘천시 영서로2151번길 12 1층,033-253-7474,강원특별자치도 춘천시청,033-250-4043,2025-07-14
초마미엔,일반가맹점,중식,강원특별자치도,춘천시,4181000,"강원특별자치도 춘천시 후석로46번길 5 , 1층(석사동)",,강원특별자치도 춘천시청,033-250-4043,2025-07-14
초밥어때,일반가맹점,일식,강원특별자치도,춘천시,4181000,강원특별자치도 춘천시 부안길6번길 34 1층 좌측호,,강원특별자치도 춘천시청,033-250-4043,2025-07-14
초빈닭갈비,일반가맹점,한식,강원특별자치도,춘천시,4181000,"강원특별자치도춘천시 애막골길11번길 24, 1층 (석사동)",033-262-4999,강원특별자치도 춘천시청,033-250-4043,2025-07-14
초설,일반가맹점,한식,강원특별자치도,춘천시,4181000,강원특별자치도 춘천시 우묵길52번길 11 1층(퇴계동),,강원특별자치도 춘천시청,033-250-4043,2025-07-14
초설식당,일반가맹점,한식,강원특별자치도,춘천시,4181000,강원특별자치도춘천시 사북면 고성리 310-2번지,033-243-9754,강원특별자치도 춘천시청,033-250-4043,2025-07-14
초심,일반가맹점,한식,강원특별자치도,춘천시,4181000,강원특별자치도춘천시 퇴계동 43블럭9롯트1층,033-262-6636,강원특별자치도 춘천시청,033-250-4043,2025-07-14
초안마루,일반가맹점,한식,강원특별자치도,춘천시,4181000,강원특별자치도춘천시 애막골길11번길 19 (석사동),033-263-6006,강원특별자치도 춘천시청,033-250-4043,2025-07-14
초원가,일반가맹점,일반대중음식,강원특별자치도,춘천시,4181000,강원특별자치도 춘천시 보안길 71 2층,033-251-8892,강원특별자치도 춘천시청,033-250-4043,2025-07-14
초원가 남춘천역점,일반가맹점,중식,강원특별자치도,춘천시,4181000,강원특별자치도 춘천시 효자로 9 2층,,강원특별자치도 춘천시청,033-250-4043,2025-07-14
촌닭곰탕,일반가맹점,한식,강원특별자치도,춘천시,4181000,"강원특별자치도춘천시 동내면 영서로 1776, 1층 101",033-261-9631,강원특별자치도 춘천시청,033-250-4043,2025-07-14
촌닭두마리,일반가맹점,일반대중음식,강원특별자치도,춘천시,4181000,강원특별자치도 춘천시 춘천로204번길 52 (효자동),,강원특별자치도 춘천시청,033-250-4043,2025-07-14
촌닭집,일반가맹점,한식,강원특별자치도,춘천시,4181000,강원특별자치도 춘천시 동면 춘천순환로 840 1층,033-255-5292,강원특별자치도 춘천시청,033-250-4043,2025-07-14
촌닭집 석사점,일반가맹점,한식,강원특별자치도,춘천시,4181000,강원특별자치도춘천시 새롬공원길 22-1 (석사동),033-263-6727,강원특별자치도 춘천시청,033-250-4043,2025-07-14
촌집닭갈비,일반가맹점,한식,강원특별자치도,춘천시,4181000,강원특별자치도춘천시 남산면 강촌로 68,033-262-7260,강원특별자치도 춘천시청,033-250-4043,2025-07-14
촌집족발,일반가맹점,한식,강원특별자치도,춘천시,4181000,강원특별자치도춘천시 후평1동 715-15번지 1동,033-257-7774,강원특별자치도 춘천시청,033-250-4043,2025-07-14
최가네왕족발,일반가맹점,한식,강원특별자치도,춘천시,4181000,"강원특별자치도춘천시 춘천로 282, 1층 (후평동)",033-244-7971,강원특별자치도 춘천시청,033-250-4043,2025-07-14
최가네진순두부,일반가맹점,한식,강원특별자치도,춘천시,4181000,강원특별자치도 춘천시 남산면 강촌로 327 .,033-262-2400,강원특별자치도 춘천시청,033-250-4043,2025-07-14
최가네해장국,일반가맹점,일반대중음식,강원특별자치도,춘천시,4181000,강원특별자치도 춘천시 지내고탄로 22 1층,033-253-9236,강원특별자치도 춘천시청,033-250-4043,2025-07-14
최고당돈가스,일반가맹점,일반대중음식,강원특별자치도,춘천시,4181000,강원특별자치도 춘천시 후석로 326 205호,,강원특별자치도 춘천시청,033-250-4043,2025-07-14
최고의밥상,일반가맹점,한식,강원특별자치도,춘천시,4181000,"강원특별자치도춘천시 금강로13번길 22, 1층 (소양로3가)",033-255-0856,강원특별자치도 춘천시청,033-250-4043,2025-07-14
최고집순대국왕감자탕,일반가맹점,한식,강원특별자치도,춘천시,4181000,"강원특별자치도춘천시 춘천로 188, 1층 (효자동)",033-256-9000,강원특별자치도 춘천시청,033-250-4043,2025-07-14
추가네 국밥 忠,일반가맹점,한식,강원특별자치도,춘천시,4181000,강원특별자치도 춘천시 동면 춘천로 455 1층 101호,,강원특별자치도 춘천시청,033-250-4043,2025-07-14
추곡막국수,일반가맹점,한식,강원특별자치도,춘천시,4181000,강원특별자치도춘천시 남면 충효로 582,033-263-3311,강원특별자치도 춘천시청,033-250-4043,2025-07-14
추억의 보리밥,일반가맹점,한식,강원특별자치도,춘천시,4181000,강원특별자치도 춘천시 동내면 거두길 179-1 .,033-263-3630,강원특별자치도 춘천시청,033-250-4043,2025-07-14
추억의꼬마김밥,일반가맹점,한식,강원특별자치도,춘천시,4181000,강원특별자치도 춘천시 금강로 67 1층,,강원특별자치도 춘천시청,033-250-4043,2025-07-14
축제닭갈비,일반가맹점,한식,강원특별자치도,춘천시,4181000,강원특별자치도춘천시 동내면 외솔길19번길 49,033-242-0876,강원특별자치도 춘천시청,033-250-4043,2025-07-14
춘계면옥,일반가맹점,한식,강원특별자치도,춘천시,4181000,강원특별자치도 춘천시 충열로16번길 16 1층,033-242-1982,강원특별자치도 춘천시청,033-250-4043,2025-07-14
춘몽본점,일반가맹점,한식,강원특별자치도,춘천시,4181000,강원특별자치도 춘천시 우묵들길 28 (퇴계동),033-252-9298,강원특별자치도 춘천시청,033-250-4043,2025-07-14
춘석이네,일반가맹점,한식,강원특별자치도,춘천시,4181000,강원특별자치도춘천시 방송길7번길 12-1 (중앙로3가),033-257-8859,강원특별자치도 춘천시청,033-250-4043,2025-07-14
춘양후평점,일반가맹점,일반대중음식,강원특별자치도,춘천시,4181000,강원특별자치도춘천시 보안길 51 (후평동),033-242-9111,강원특별자치도 춘천시청,033-250-4043,2025-07-14
춘월집,일반가맹점,한식,강원특별자치도,춘천시,4181000,강원특별자치도 춘천시 방송길 36 근화동,070-4790-3382,강원특별자치도 춘천시청,033-250-4043,2025-07-14
춘자,일반가맹점,한식,강원특별자치도,춘천시,4181000,강원특별자치도 춘천시 백령로138번길 40 1층,033-255-5838,강원특별자치도 춘천시청,033-250-4043,2025-07-14
춘자네닭갈비,일반가맹점,한식,강원특별자치도,춘천시,4181000,강원특별자치도춘천시 남산면 서백길 27-3,033-263-1088,강원특별자치도 춘천시청,033-250-4043,2025-07-14
춘천 금산닭갈비,일반가맹점,일반대중음식,강원특별자치도,춘천시,4181000,강원특별자치도 춘천시 서면 박사로 928 1층,033-243-3206,강원특별자치도 춘천시청,033-250-4043,2025-07-14
춘천 스카이워크 닭갈비막국수,일반가맹점,한식,강원특별자치도,춘천시,4181000,"강원특별자치도춘천시 영서로 2668-20, 1층 (소양로1가)",033-256-0998,강원특별자치도 춘천시청,033-250-4043,2025-07-14
춘천 연금술사,일반가맹점,한식,강원특별자치도,춘천시,4181000,강원특별자치도춘천시 동면 공단로 95-1,033-258-5677,강원특별자치도 춘천시청,033-250-4043,2025-07-14
춘천19분식,일반가맹점,한식,강원특별자치도,춘천시,4181000,강원특별자치도 춘천시 백령로 19 1층,070-7319-1919,강원특별자치도 춘천시청,033-250-4043,2025-07-14
춘천1번지닭갈비막국수,일반가맹점,한식,강원특별자치도,춘천시,4181000,"강원특별자치도춘천시 신동면 김유정로 1397, 2층",033-251-9494,강원특별자치도 춘천시청,033-250-4043,2025-07-14
춘천f&b,일반가맹점,한식,강원특별자치도,춘천시,4181000,강원특별자치도 춘천시 충혼길18번길 9 (온의동),,강원특별자치도 춘천시청,033-250-4043,2025-07-14
춘천f&b,일반가맹점,한식,강원특별자치도,춘천시,4181000,강원특별자치도 춘천시 충혼길18번길 9 1층,,강원특별자치도 춘천시청,033-250-4043,2025-07-14
춘천강동농업협동조합,주부식가맹점,농협(마트),강원특별자치도,춘천시,4181000,강원특별자치도춘천시 동면 가산로 72,033-242-7730,강원특별자치도 춘천시청,033-250-4043,2025-07-14
춘천강동농협장학지점,주부식가맹점,농협(마트),강원특별자치도,춘천시,4181000,강원특별자치도춘천시 동면 춘천로 439,033-252-3950,강원특별자치도 춘천시청,033-250-4043,2025-07-14
춘천고깃집,일반가맹점,한식,강원특별자치도,춘천시,4181000,강원특별자치도춘천시 동면 금베이길 26-11,033-263-5117,강원특별자치도 춘천시청,033-250-4043,2025-07-14
춘천고깃집퇴계점,일반가맹점,한식,강원특별자치도,춘천시,4181000,강원특별자치도 춘천시 솟발1길 28 (퇴계동),033-262-0078,강원특별자치도 춘천시청,033-250-4043,2025-07-14
춘천길낙지,일반가맹점,한식,강원특별자치도,춘천시,4181000,강원특별자치도 춘천시 우묵길 52 (퇴계동),033-234-1111,강원특별자치도 춘천시청,033-250-4043,2025-07-14
춘천김밥,일반가맹점,한식,강원특별자치도,춘천시,4181000,강원특별자치도 춘천시 금강로 36-1 1층,070-7500-0870,강원특별자치도 춘천시청,033-250-4043,2025-07-14
춘천김밥나라,일반가맹점,한식,강원특별자치도,춘천시,4181000,강원특별자치도춘천시 춘천로 292 (후평동),033-257-0524,강원특별자치도 춘천시청,033-250-4043,2025-07-14
춘천낙원닭갈비,일반가맹점,한식,강원특별자치도,춘천시,4181000,강원특별자치도춘천시 낙원길 34 (중앙로2가),033-256-0422,강원특별자치도 춘천시청,033-250-4043,2025-07-14
춘천날아라닭갈비,일반가맹점,한식,강원특별자치도,춘천시,4181000,강원특별자치도 춘천시 동내면 외솔길19번길 80-40 1층,033-262-2002,강원특별자치도 춘천시청,033-250-4043,2025-07-14
춘천냉삼회관,일반가맹점,한식,강원특별자치도,춘천시,4181000,강원특별자치도 춘천시 행촌로32번길 4 1층(퇴계동),,강원특별자치도 춘천시청,033-250-4043,2025-07-14
춘천농민한우신북점,일반가맹점,한식,강원특별자치도,춘천시,4181000,강원특별자치도 춘천시 신북읍 신샘밭로 360 .,033-262-9240,강원특별자치도 춘천시청,033-250-4043,2025-07-14
춘천농민한우우두점,일반가맹점,한식,강원특별자치도,춘천시,4181000,강원특별자치도 춘천시 충열로 90 .,033-256-9289,강원특별자치도 춘천시청,033-250-4043,2025-07-14
춘천닭갈비김밥,일반가맹점,한식,강원특별자치도,춘천시,4181000,강원특별자치도 춘천시 옛경춘로 803 1동 1층,,강원특별자치도 춘천시청,033-250-4043,2025-07-14
춘천닭갈비전문점,일반가맹점,한식,강원특별자치도,춘천시,4181000,강원특별자치도춘천시 후만로 81 (후평동),033-251-0363,강원특별자치도 춘천시청,033-250-4043,2025-07-14
춘천댐촌닭집 거두점,일반가맹점,한식,강원특별자치도,춘천시,4181000,강원특별자치도 춘천시 동내면 거두택지길 93-7 1층,033-263-6727,강원특별자치도 춘천시청,033-250-4043,2025-07-14
춘천댐촌닭집퇴계남매점,일반가맹점,한식,강원특별자치도,춘천시,4181000,강원특별자치도춘천시 퇴계동 680-2번지 1층 (퇴계11지구36블럭1-2롯트),033-242-1060,강원특별자치도 춘천시청,033-250-4043,2025-07-14
춘천돈까스,일반가맹점,일반대중음식,강원특별자치도,춘천시,4181000,"강원특별자치도 춘천시 춘천로 306-5 1층 101호,102호(후평동)",,강원특별자치도 춘천시청,033-250-4043,2025-07-14
춘천뒷고기,일반가맹점,한식,강원특별자치도,춘천시,4181000,강원특별자치도춘천시 우묵길 52 (퇴계동),033-251-0430,강원특별자치도 춘천시청,033-250-4043,2025-07-14
춘천로81,일반가맹점,일반대중음식,강원특별자치도,춘천시,4181000,강원특별자치도 춘천시 춘천로81번길 13-1 1층,033-242-2202,강원특별자치도 춘천시청,033-250-4043,2025-07-14
춘천막국수협의회,일반가맹점,한식,강원특별자치도,춘천시,4181000,강원특별자치도춘천시 동내면 순환대로 656,033-261-3618,강원특별자치도 춘천시청,033-250-4043,2025-07-14
춘천막국수협의회영농조합법인,일반가맹점,한식,강원특별자치도,춘천시,4181000,"강원특별자치도춘천시 신북읍 신북로 264, 춘천막국수체험박물관",033-244-8869,강원특별자치도 춘천시청,033-250-4043,2025-07-14
춘천만족족발,일반가맹점,한식,강원특별자치도,춘천시,4181000,강원특별자치도 춘천시 영서로 2305 1층,033-243-3131,강원특별자치도 춘천시청,033-250-4043,2025-07-14
춘천만족족발,일반가맹점,일반대중음식,강원특별자치도,춘천시,4181000,강원특별자치도 춘천시 영서로 2305 (온의동),033-243-3131,강원특별자치도 춘천시청,033-250-4043,2025-07-14
춘천맛집 종로1973,일반가맹점,한식,강원특별자치도,춘천시,4181000,"강원특별자치도춘천시 동내면 춘천순환로72번길 33-14, 1층",033-264-9286,강원특별자치도 춘천시청,033-250-4043,2025-07-14
춘천맛집심야화로,일반가맹점,한식,강원특별자치도,춘천시,4181000,강원특별자치도 춘천시 보안길 59 후평동,,강원특별자치도 춘천시청,033-250-4043,2025-07-14
춘천명가호반닭갈비본점,일반가맹점,한식,강원특별자치도,춘천시,4181000,강원특별자치도춘천시 동내면 춘천순환로72번길 34-8,033-263-3999,강원특별자치도 춘천시청,033-250-4043,2025-07-14
춘천명동닭갈비,일반가맹점,한식,강원특별자치도,춘천시,4181000,강원특별자치도춘천시 남산면 강촌로 97,033-261-5174,강원특별자치도 춘천시청,033-250-4043,2025-07-14
춘천명물닭갈비,일반가맹점,한식,강원특별자치도,춘천시,4181000,강원특별자치도춘천시 옛경춘로 807-1 (삼천동),033-255-2069,강원특별자치도 춘천시청,033-250-4043,2025-07-14
춘천명물닭갈비막국수신관,일반가맹점,한식,강원특별자치도,춘천시,4181000,"강원특별자치도춘천시 옛경춘로 807, 외1필지 (삼천동)",033-257-3069,강원특별자치도 춘천시청,033-250-4043,2025-07-14
춘천명종닭갈비&교동면옥,일반가맹점,일반대중음식,강원특별자치도,춘천시,4181000,"강원특별자치도춘천시 동면 도일길 56, 1층 2층",033-241-0599,강원특별자치도 춘천시청,033-250-4043,2025-07-14
춘천문화방송 (주),편의점,편의점,강원특별자치도,춘천시,4181000,강원특별자치도 춘천시 수변공원길 54 .,,강원특별자치도 춘천시청,033-250-4043,2025-07-14
춘천미소닭갈비,일반가맹점,한식,강원특별자치도,춘천시,4181000,강원특별자치도 춘천시 남산면 햇골길 20 .,033-264-8892,강원특별자치도 춘천시청,033-250-4043,2025-07-14
춘천민물횟집,일반가맹점,한식,강원특별자치도,춘천시,4181000,강원특별자치도춘천시 효자로 42 (효자동),033-252-3383,강원특별자치도 춘천시청,033-250-4043,2025-07-14
춘천민속닭갈비,일반가맹점,한식,강원특별자치도,춘천시,4181000,강원특별자치도춘천시 후석로393번길 29 (후평동),033-253-6534,강원특별자치도 춘천시청,033-250-4043,2025-07-14
춘천백일칼국수,일반가맹점,한식,강원특별자치도,춘천시,4181000,강원특별자치도춘천시 남춘로5번길 17 (퇴계동),033-243-0120,강원특별자치도 춘천시청,033-250-4043,2025-07-14
춘천버거,일반가맹점,패스트푸드,강원특별자치도,춘천시,4181000,강원특별자치도 춘천시 옛경춘로 839 1-2층,033-251-0603,강원특별자치도 춘천시청,033-250-4043,2025-07-14
춘천별미닭갈비,일반가맹점,한식,강원특별자치도,춘천시,4181000,강원특별자치도춘천시 삭주로108번길 5 (후평동),033-255-0591,강원특별자치도 춘천시청,033-250-4043,2025-07-14
춘천본가닭갈비,일반가맹점,한식,강원특별자치도,춘천시,4181000,"강원특별자치도춘천시 금강로62번길 13, 2층 (조양동)",033-255-1998,강원특별자치도 춘천시청,033-250-4043,2025-07-14
춘천본가숯불닭갈비,일반가맹점,한식,강원특별자치도,춘천시,4181000,"강원특별자치도춘천시 금강로62번길 13, 1층 (조양동)",033-255-1998,강원특별자치도 춘천시청,033-250-4043,2025-07-14
춘천사랑닭갈비낙원점,일반가맹점,한식,강원특별자치도,춘천시,4181000,강원특별자치도춘천시 낙원길 47-1 (낙원동),033-255-9211,강원특별자치도 춘천시청,033-250-4043,2025-07-14
춘천산더덕,일반가맹점,한식,강원특별자치도,춘천시,4181000,강원특별자치도춘천시 낙원동 17-3,033-241-3826,강원특별자치도 춘천시청,033-250-4043,2025-07-14
춘천상회,일반가맹점,한식,강원특별자치도,춘천시,4181000,강원특별자치도 춘천시 백령로 200 상가동 201호,033-242-8892,강원특별자치도 춘천시청,033-250-4043,2025-07-14
춘천서면닭갈비,일반가맹점,한식,강원특별자치도,춘천시,4181000,"강원특별자치도춘천시 서면 박사로 887, 1층",033-253-3067,강원특별자치도 춘천시청,033-250-4043,2025-07-14
춘천소담막국수,일반가맹점,양식,강원특별자치도,춘천시,4181000,강원특별자치도춘천시 남산면 경춘로 138,033-264-9669,강원특별자치도 춘천시청,033-250-4043,2025-07-14
춘천소바,일반가맹점,한식,강원특별자치도,춘천시,4181000,강원특별자치도 춘천시 퇴계로 24 1층(퇴계동),033-241-6100,강원특별자치도 춘천시청,033-250-4043,2025-07-14
춘천소바,일반가맹점,한식,강원특별자치도,춘천시,4181000,강원특별자치도 춘천시 사우로 170-1 1층(우두동),033-253-6100,강원특별자치도 춘천시청,033-250-4043,2025-07-14
춘천송어,일반가맹점,한식,강원특별자치도,춘천시,4181000,강원특별자치도 춘천시 샘물단지길 15 (사농동),033-253-4741,강원특별자치도 춘천시청,033-250-4043,2025-07-14
춘천숯불닭갈비,일반가맹점,한식,강원특별자치도,춘천시,4181000,강원특별자치도춘천시 낙원길 26 (중앙로2가),033-253-9229,강원특별자치도 춘천시청,033-250-4043,2025-07-14
춘천시니어클럽(맛드림도시락),일반가맹점,식품류제조업,강원특별자치도,춘천시,4181000,"강원특별자치도춘천시 후석로393번길 40-1, 1층 (후평동)",033-256-3005,강원특별자치도 춘천시청,033-250-4043,2025-07-14
춘천양념화로구이,일반가맹점,한식,강원특별자치도,춘천시,4181000,강원특별자치도춘천시 춘천로 337 (후평동),033-264-6692,강원특별자치도 춘천시청,033-250-4043,2025-07-14
춘천언덕숯불닭갈비,일반가맹점,한식,강원특별자치도,춘천시,4181000,강원특별자치도 춘천시 낙원길 46-1 1층(중앙로2가),033-257-7611,강원특별자치도 춘천시청,033-250-4043,2025-07-14
춘천옥수한방코다리,일반가맹점,한식,강원특별자치도,춘천시,4181000,강원특별자치도 춘천시 공지로347번길 8 1층,033-242-9895,강원특별자치도 춘천시청,033-250-4043,2025-07-14
춘천옹심이,일반가맹점,한식,강원특별자치도,춘천시,4181000,강원특별자치도춘천시 당간지주길 69 1층 (근화동),033-241-7883,강원특별자치도 춘천시청,033-250-4043,2025-07-14
춘천옹심이칼국수,일반가맹점,한식,강원특별자치도,춘천시,4181000,"강원특별자치도 춘천시 승지골길 3-10 , 1층",033-257-5577,강원특별자치도 춘천시청,033-250-4043,2025-07-14
춘천와플대학 우두캠퍼스,일반가맹점,일반대중음식,강원특별자치도,춘천시,4181000,강원특별자치도 춘천시 영서로 2769 1층,070-7755-9026,강원특별자치도 춘천시청,033-250-4043,2025-07-14
춘천왕갈비,일반가맹점,한식,강원특별자치도,춘천시,4181000,"강원특별자치도춘천시 김유정로 1875, 1층 (퇴계동)",033-264-9511,강원특별자치도 춘천시청,033-250-4043,2025-07-14
춘천왕감자탕,일반가맹점,한식,강원특별자치도,춘천시,4181000,강원특별자치도춘천시 충열로16번길 27 (우두동),033-241-3273,강원특별자치도 춘천시청,033-250-4043,2025-07-14
춘천왕감자탕,일반가맹점,한식,강원특별자치도,춘천시,4181000,강원특별자치도 춘천시 보안길 3 1층(후평동),033-244-9959,강원특별자치도 춘천시청,033-250-4043,2025-07-14
춘천왕감자탕,일반가맹점,한식,강원특별자치도,춘천시,4181000,"강원특별자치도춘천시 동내면 춘천순환로72번길 40, 1층",033-263-3273,강원특별자치도 춘천시청,033-250-4043,2025-07-14
춘천왕감자탕(퇴계점),일반가맹점,한식,강원특별자치도,춘천시,4181000,강원특별자치도춘천시 승지골길13번길 21 퇴계동,033-241-2779,강원특별자치도 춘천시청,033-250-4043,2025-07-14
춘천왕닭갈비숯불철판,일반가맹점,한식,강원특별자치도,춘천시,4181000,강원특별자치도 춘천시 충혼길5번길 2 1층,033-252-1594,강원특별자치도 춘천시청,033-250-4043,2025-07-14
춘천왕만두 (중앙점),일반가맹점,한식,강원특별자치도,춘천시,4181000,강원특별자치도 춘천시 중앙로 62-1 1층 (중앙로2가),033-253-0277,강원특별자치도 춘천시청,033-250-4043,2025-07-14
춘천왕족발,일반가맹점,한식,강원특별자치도,춘천시,4181000,강원특별자치도 춘천시 남춘로36번길 56 1층,033-263-9982,강원특별자치도 춘천시청,033-250-4043,2025-07-14
춘천우미닭갈비,일반가맹점,한식,강원특별자치도,춘천시,4181000,강원특별자치도춘천시 시청길10번길 15 (조양동),033-257-4705,강원특별자치도 춘천시청,033-250-4043,2025-07-14
춘천워커즈협동조합,주부식가맹점,식품잡화,강원특별자치도,춘천시,4181000,강원특별자치도 춘천시 국사봉길 12 ..,033-263-6294,강원특별자치도 춘천시청,033-250-4043,2025-07-14
춘천원예농업협동조합 하나로마트,주부식가맹점,농협(마트),강원특별자치도,춘천시,4181000,강원특별자치도 춘천시 우두로 62 1층(사농동),033-243-6101,강원특별자치도 춘천시청,033-250-4043,2025-07-14
춘천원예농업협동조합 하나로마트,주부식가맹점,농협(기타),강원특별자치도,춘천시,4181000,강원특별자치도 춘천시 우두로 62 1층,033-243-6100,강원특별자치도 춘천시청,033-250-4043,2025-07-14
춘천원조1호닭갈비막국수,일반가맹점,한식,강원특별자치도,춘천시,4181000,강원특별자치도춘천시 공지로 603-6 (근화동),033-244-5592,강원특별자치도 춘천시청,033-250-4043,2025-07-14
춘천원조숯불닭갈비,일반가맹점,한식,강원특별자치도,춘천시,4181000,강원특별자치도춘천시 퇴계동 697-3번지 12블록 2-2로트,033-261-7704,강원특별자치도 춘천시청,033-250-4043,2025-07-14
춘천유명닭갈비,일반가맹점,한식,강원특별자치도,춘천시,4181000,강원특별자치도춘천시 애막골길11번길 24 (석사동),033-264-0077,강원특별자치도 춘천시청,033-250-4043,2025-07-14
춘천의달,일반가맹점,한식,강원특별자치도,춘천시,4181000,강원특별자치도 춘천시 서부대성로48번길 5 1층,033-244-8859,강원특별자치도 춘천시청,033-250-4043,2025-07-14
춘천이동갈비,일반가맹점,한식,강원특별자치도,춘천시,4181000,강원특별자치도춘천시 춘주로201번길 8 (퇴계동),033-243-0100,강원특별자치도 춘천시청,033-250-4043,2025-07-14
춘천장,일반가맹점,한식,강원특별자치도,춘천시,4181000,강원특별자치도 춘천시 스무숲1길 40 1층(석사동),,강원특별자치도 춘천시청,033-250-4043,2025-07-14
춘천장,일반가맹점,한식,강원특별자치도,춘천시,4181000,"강원특별자치도춘천시 우묵길78번길 18, 1층 (퇴계동)",033-256-6069,강원특별자치도 춘천시청,033-250-4043,2025-07-14
춘천장어춘천민물장어춘천장어촌,일반가맹점,한식,강원특별자치도,춘천시,4181000,"강원특별자치도춘천시 신동면 김유정로 945, 1층",,강원특별자치도 춘천시청,033-250-4043,2025-07-14
춘천전통산자,일반가맹점,제과점,강원특별자치도,춘천시,4181000,강원특별자치도춘천시 우두동 661-1,033-241-9479,강원특별자치도 춘천시청,033-250-4043,2025-07-14
춘천정통닭갈비,일반가맹점,한식,강원특별자치도,춘천시,4181000,강원특별자치도 춘천시 남면 충효로 815 1층,,강원특별자치도 춘천시청,033-250-4043,2025-07-14
춘천제일닭갈비,일반가맹점,한식,강원특별자치도,춘천시,4181000,강원특별자치도춘천시 새롬공원길 21-1 (석사동),033-263-9399,강원특별자치도 춘천시청,033-250-4043,2025-07-14
춘천조개창고,일반가맹점,일반대중음식,강원특별자치도,춘천시,4181000,강원특별자치도 춘천시 동면 금촌로 388 1층,,강원특별자치도 춘천시청,033-250-4043,2025-07-14
춘천준이네닭갈비,일반가맹점,한식,강원특별자치도,춘천시,4181000,강원특별자치도 춘천시 스포츠타운길 404 1층(삼천동),033-255-5552,강원특별자치도 춘천시청,033-250-4043,2025-07-14
춘천짬뽕가게,일반가맹점,중식,강원특별자치도,춘천시,4181000,강원특별자치도 춘천시 스무숲1길 8-4 1층,033-261-2800,강원특별자치도 춘천시청,033-250-4043,2025-07-14
춘천초밥,일반가맹점,일식,강원특별자치도,춘천시,4181000,강원특별자치도 춘천시 김유정로 1852-23 1층,033-262-7776,강원특별자치도 춘천시청,033-250-4043,2025-07-14
춘천칠전닭갈비,일반가맹점,한식,강원특별자치도,춘천시,4181000,강원특별자치도춘천시 경춘로 2045 (칠전동),033-263-3288,강원특별자치도 춘천시청,033-250-4043,2025-07-14
"춘천컵치킨앤핫도그,렉스네푸드팩토리(렉스푸드)",일반가맹점,한식,강원특별자치도,춘천시,4181000,"강원특별자치도춘천시 동내면 금촌로 40, 1층",033-242-1527,강원특별자치도 춘천시청,033-250-4043,2025-07-14
춘천코다리,일반가맹점,한식,강원특별자치도,춘천시,4181000,강원특별자치도춘천시 영서로 3048 (사농동),,강원특별자치도 춘천시청,033-250-4043,2025-07-14
춘천한우,일반가맹점,한식,강원특별자치도,춘천시,4181000,강원특별자치도춘천시 동면 춘천순환로 720,033-257-0205,강원특별자치도 춘천시청,033-250-4043,2025-07-14
춘천함가네닭갈비,일반가맹점,한식,강원특별자치도,춘천시,4181000,강원특별자치도 춘천시 영서로 2347 춘천함가네닭갈비,033-242-6355,강원특별자치도 춘천시청,033-250-4043,2025-07-14
춘천호,일반가맹점,한식,강원특별자치도,춘천시,4181000,강원특별자치도춘천시 사북면 춘화로 350-14,033-243-4904,강원특별자치도 춘천시청,033-250-4043,2025-07-14
춘천횟집,일반가맹점,한식,강원특별자치도,춘천시,4181000,강원특별자치도춘천시 서면 삿갓봉길 23-1,033-244-2348,강원특별자치도 춘천시청,033-250-4043,2025-07-14
춘천후평파리바게뜨,일반가맹점,제과점,강원특별자치도,춘천시,4181000,강원특별자치도춘천시 후석로 291-1 (후평동),033-2558-8203,강원특별자치도 춘천시청,033-250-4043,2025-07-14
춘하추동,일반가맹점,한식,강원특별자치도,춘천시,4181000,"강원특별자치도춘천시 북산면 오봉산길 630, 매표소쪽2번째상가 1층",033-243-6227,강원특별자치도 춘천시청,033-250-4043,2025-07-14
춘향,일반가맹점,중식,강원특별자치도,춘천시,4181000,"강원특별자치도춘천시 서부대성로239번길 7, 1층 (효자동)",033-254-2234,강원특별자치도 춘천시청,033-250-4043,2025-07-14
충남삼계탕,일반가맹점,한식,강원특별자치도,춘천시,4181000,강원특별자치도춘천시 서부대성로43번길 8 충남삼계탕 (요선동),033-254-1051,강원특별자치도 춘천시청,033-250-4043,2025-07-14
충남삼계탕박물관점,일반가맹점,한식,강원특별자치도,춘천시,4181000,강원특별자치도춘천시 우석로 44-1 (석사동),033-262-0330,강원특별자치도 춘천시청,033-250-4043,2025-07-14
충남식당,일반가맹점,한식,강원특별자치도,춘천시,4181000,강원특별자치도 춘천시 공지로242번길 8-2 .,033-262-3421,강원특별자치도 춘천시청,033-250-4043,2025-07-14
충무김밥나라,일반가맹점,한식,강원특별자치도,춘천시,4181000,강원특별자치도춘천시 터미널길 16 (온의동),033-256-7752,강원특별자치도 춘천시청,033-250-4043,2025-07-14
충무복집,일반가맹점,한식,강원특별자치도,춘천시,4181000,강원특별자치도 춘천시 동면 소양강로 320 .,033-255-8788,강원특별자치도 춘천시청,033-250-4043,2025-07-14
충북집,일반가맹점,한식,강원특별자치도,춘천시,4181000,강원특별자치도 춘천시 명동길29번길 5-5 1층,033-255-7629,강원특별자치도 춘천시청,033-250-4043,2025-07-14
츄러스아저씨,일반가맹점,식품잡화,강원특별자치도,춘천시,4181000,"강원특별자치도춘천시 금강로 68-12, 별관 1층 (조양동)",,강원특별자치도 춘천시청,033-250-4043,2025-07-14
치엔롱,일반가맹점,중식,강원특별자치도,춘천시,4181000,강원특별자치도춘천시 중앙로68번길 12 (낙원동),033-256-0219,강원특별자치도 춘천시청,033-250-4043,2025-07-14
"치요남치킨강촌점, 몽키스키보드",일반가맹점,한식,강원특별자치도,춘천시,4181000,강원특별자치도춘천시 남산면 북한강변길 876,033-261-8587,강원특별자치도 춘천시청,033-250-4043,2025-07-14
치즈랑피자,일반가맹점,패스트푸드,강원특별자치도,춘천시,4181000,강원특별자치도 춘천시 새롬공원길5번길 23-1 1층,033-0910-8830,강원특별자치도 춘천시청,033-250-4043,2025-07-14
치즈밀크(CHEESE MILK),일반가맹점,일반대중음식,강원특별자치도,춘천시,4181000,강원특별자치도 춘천시 동면 춘천순환로 613 1층,070-7954-7347,강원특별자치도 춘천시청,033-250-4043,2025-07-14
치카맘,일반가맹점,일반대중음식,강원특별자치도,춘천시,4181000,강원특별자치도 춘천시 스무숲3길 4 1층 (석사동),,강원특별자치도 춘천시청,033-250-4043,2025-07-14
치킨놀이터,일반가맹점,일반대중음식,강원특별자치도,춘천시,4181000,강원특별자치도춘천시 동내면 306-34,033-261-2548,강원특별자치도 춘천시청,033-250-4043,2025-07-14
치킨더홈 (후평점),일반가맹점,한식,강원특별자치도,춘천시,4181000,강원특별자치도춘천시 후석로250번길 21-1 (후평동),033-242-9574,강원특별자치도 춘천시청,033-250-4043,2025-07-14
치킨마에스트로,일반가맹점,일반대중음식,강원특별자치도,춘천시,4181000,강원특별자치도 춘천시 춘천로 264 1층,033-255-9557,강원특별자치도 춘천시청,033-250-4043,2025-07-14
치킨밥,일반가맹점,일반대중음식,강원특별자치도,춘천시,4181000,"강원특별자치도춘천시 안마산로 223, 1층 (퇴계동)",033-262-8843,강원특별자치도 춘천시청,033-250-4043,2025-07-14
치킨엔,일반가맹점,일반대중음식,강원특별자치도,춘천시,4181000,강원특별자치도 춘천시 스무숲1길 77 1층,033-261-4174,강원특별자치도 춘천시청,033-250-4043,2025-07-14
치킨퐁거두점,일반가맹점,한식,강원특별자치도,춘천시,4181000,"강원특별자치도춘천시 동내면 거두택지길 7, 상가 나동 101호 (초록지붕아파트)",033-261-8820,강원특별자치도 춘천시청,033-250-4043,2025-07-14
치킨퐁석사다온점,일반가맹점,일반대중음식,강원특별자치도,춘천시,4181000,강원특별자치도춘천시 석사동 818-15번지 105-3,033-263-4114,강원특별자치도 춘천시청,033-250-4043,2025-07-14
치킨플러스 춘천후평점,일반가맹점,일반대중음식,강원특별자치도,춘천시,4181000,강원특별자치도춘천시 세실로317번길 2 (후평동),033-263-5289,강원특별자치도 춘천시청,033-250-4043,2025-07-14
치킨플러스창촌점,일반가맹점,일반대중음식,강원특별자치도,춘천시,4181000,강원특별자치도춘천시 남산면 한치로 114,033-261-5992,강원특별자치도 춘천시청,033-250-4043,2025-07-14
치킨형님,일반가맹점,일반대중음식,강원특별자치도,춘천시,4181000,강원특별자치도춘천시 후석로186번길 30-3 (석사동),033-911-9595,강원특별자치도 춘천시청,033-250-4043,2025-07-14
친구네,일반가맹점,일반대중음식,강원특별자치도,춘천시,4181000,"강원특별자치도춘천시 동부시장길 8, 동부시장상가 49호 50호 (운교동, 동부시장현대아파트)",033-251-8854,강원특별자치도 춘천시청,033-250-4043,2025-07-14
친구집,일반가맹점,일반대중음식,강원특별자치도,춘천시,4181000,강원특별자치도 춘천시 후석로393번길 28 1층(후평동),033-255-1282,강원특별자치도 춘천시청,033-250-4043,2025-07-14
친친,일반가맹점,중식,강원특별자치도,춘천시,4181000,강원특별자치도춘천시 명동길 8 (중앙로2가),033-257-8397,강원특별자치도 춘천시청,033-250-4043,2025-07-14
칠삼삼(733),일반가맹점,일반대중음식,강원특별자치도,춘천시,4181000,"강원특별자치도 춘천시 신북읍 신샘밭로 733 , 상가동 1층 101호",,강원특별자치도 춘천시청,033-250-4043,2025-07-14
칠오닭갈비춘천점,일반가맹점,일반대중음식,강원특별자치도,춘천시,4181000,강원특별자치도 춘천시 옛경춘로 253-25 1층,033-261-4767,강원특별자치도 춘천시청,033-250-4043,2025-07-14
칠전메밀꽃막국수,일반가맹점,한식,강원특별자치도,춘천시,4181000,강원특별자치도 춘천시 옛경춘로 471 1층,,강원특별자치도 춘천시청,033-250-4043,2025-07-14
칠전부대찌개,일반가맹점,한식,강원특별자치도,춘천시,4181000,강원특별자치도 춘천시 칠전동길 35 1층,033-263-6627,강원특별자치도 춘천시청,033-250-4043,2025-07-14
칠전빵집,일반가맹점,제과점,강원특별자치도,춘천시,4181000,"강원특별자치도춘천시 칠전서길 28-1, 1층 칠전상가 4,5호 (칠전동)",033-257-7109,강원특별자치도 춘천시청,033-250-4043,2025-07-14
칠전순대국,일반가맹점,한식,강원특별자치도,춘천시,4181000,강원특별자치도 춘천시 칠전서길 42-18 1층,033-254-0057,강원특별자치도 춘천시청,033-250-4043,2025-07-14
칠전옛날통닭,일반가맹점,일반대중음식,강원특별자치도,춘천시,4181000,강원특별자치도 춘천시 칠전서길 9 1층,033-262-9484,강원특별자치도 춘천시청,033-250-4043,2025-07-14
칠전일식,일반가맹점,일식,강원특별자치도,춘천시,4181000,강원특별자치도춘천시 칠전서길 8 (칠전동),033-264-7710,강원특별자치도 춘천시청,033-250-4043,2025-07-14
칠점오 (7.5)닭갈비,일반가맹점,한식,강원특별자치도,춘천시,4181000,강원특별자치도 춘천시 동면 만천로 97 1층,033-251-7175,강원특별자치도 춘천시청,033-250-4043,2025-07-14
카우보이치킨,일반가맹점,일반대중음식,강원특별자치도,춘천시,4181000,강원특별자치도 춘천시 우두1길 43 1층,,강원특별자치도 춘천시청,033-250-4043,2025-07-14
카츠도,일반가맹점,양식,강원특별자치도,춘천시,4181000,"강원특별자치도춘천시 시청길10번길 18, 1층 (조양동)",033-242-3335,강원특별자치도 춘천시청,033-250-4043,2025-07-14
카츠탄탄춘천점,일반가맹점,일반대중음식,강원특별자치도,춘천시,4181000,강원특별자치도 춘천시 안마산로 110 2동B1층102호,033-818-1185,강원특별자치도 춘천시청,033-250-4043,2025-07-14
카쿠레가 춘천점,일반가맹점,일식,강원특별자치도,춘천시,4181000,"강원특별자치도 춘천시 시청길10번길 4 1,2층",,강원특별자치도 춘천시청,033-250-4043,2025-07-14
카페 두잇(Cafe Do it),일반가맹점,일반대중음식,강원특별자치도,춘천시,4181000,강원특별자치도 춘천시 소양로 122-2 1층,033-257-7880,강원특별자치도 춘천시청,033-250-4043,2025-07-14
카페400,일반가맹점,일반대중음식,강원특별자치도,춘천시,4181000,강원특별자치도 춘천시 후석로 400 .,,강원특별자치도 춘천시청,033-250-4043,2025-07-14
카페도씨,일반가맹점,일반대중음식,강원특별자치도,춘천시,4181000,강원특별자치도 춘천시 신동면 김유정로 1772 1동 2층,,강원특별자치도 춘천시청,033-250-4043,2025-07-14
카페로사,일반가맹점,일반대중음식,강원특별자치도,춘천시,4181000,강원특별자치도 춘천시 동내면 동내로 87 1층 102호,,강원특별자치도 춘천시청,033-250-4043,2025-07-14
카페봄내,일반가맹점,일반대중음식,강원특별자치도,춘천시,4181000,"강원특별자치도 춘천시 약사고개길 21 (죽림동, 카톨릭신협)",,강원특별자치도 춘천시청,033-250-4043,2025-07-14
카페상생(춘천지역자활센터),일반가맹점,일반대중음식,강원특별자치도,춘천시,4181000,강원특별자치도 춘천시 시청길12번길 5 (조양동),,강원특별자치도 춘천시청,033-250-4043,2025-07-14
카페소소한,일반가맹점,양식,강원특별자치도,춘천시,4181000,강원특별자치도 춘천시 북산면 오봉산길 642 1층,,강원특별자치도 춘천시청,033-250-4043,2025-07-14
카페스물둘,일반가맹점,일반대중음식,강원특별자치도,춘천시,4181000,강원특별자치도 춘천시 중앙로77번길 39-2 303호,,강원특별자치도 춘천시청,033-250-4043,2025-07-14
캐슬바,일반가맹점,일반대중음식,강원특별자치도,춘천시,4181000,강원특별자치도 춘천시 스무숲1길 36-9 1층,,강원특별자치도 춘천시청,033-250-4043,2025-07-14
커피밀,일반가맹점,일반대중음식,강원특별자치도,춘천시,4181000,"강원특별자치도춘천시 백령로 146, 2층 (효자동)",070-750-0870,강원특별자치도 춘천시청,033-250-4043,2025-07-14
커피쿡춘천후평점,일반가맹점,일반대중음식,강원특별자치도,춘천시,4181000,강원특별자치도 춘천시 후석로 295 1층 102호,,강원특별자치도 춘천시청,033-250-4043,2025-07-14
커피홀 의암스카이워크점,일반가맹점,일반대중음식,강원특별자치도,춘천시,4181000,"강원특별자치도 춘천시 옛경춘로 253-22 1,2층",033-262-9966,강원특별자치도 춘천시청,033-250-4043,2025-07-14
컵앤캔,일반가맹점,일반대중음식,강원특별자치도,춘천시,4181000,강원특별자치도 춘천시 공지로 162-1 1층(석사동),,강원특별자치도 춘천시청,033-250-4043,2025-07-14
케밥하우스,일반가맹점,일반대중음식,강원특별자치도,춘천시,4181000,강원특별자치도 춘천시 서부대성로 212-1 1층 (효자동),033-255-0773,강원특별자치도 춘천시청,033-250-4043,2025-07-14
케이 글램핑 바베큐 하우스,일반가맹점,일반대중음식,강원특별자치도,춘천시,4181000,강원특별자치도 춘천시 동내면 동내로 375-7 케이 글램핑 바베큐 하우스,033-261-5560,강원특별자치도 춘천시청,033-250-4043,2025-07-14
케이제이피자스테이션,일반가맹점,한식,강원특별자치도,춘천시,4181000,강원특별자치도춘천시 영서로2753번길 14 (우두동),,강원특별자치도 춘천시청,033-250-4043,2025-07-14
케이크베이크(cake bake),일반가맹점,일반대중음식,강원특별자치도,춘천시,4181000,강원특별자치도 춘천시 춘천로 232 1층(효자동),,강원특별자치도 춘천시청,033-250-4043,2025-07-14
케이푸드,일반가맹점,한식,강원특별자치도,춘천시,4181000,"강원특별자치도춘천시 효석로67번길 25, 1층 104호 (석사동, 근로복지아파트)",033-261-1120,강원특별자치도 춘천시청,033-250-4043,2025-07-14
코끼리김밥,일반가맹점,한식,강원특별자치도,춘천시,4181000,"강원특별자치도 춘천시 후석로46번길 23 ,1층(석사동)",033-253-8249,강원특별자치도 춘천시청,033-250-4043,2025-07-14
코끼리백령골,일반가맹점,한식,강원특별자치도,춘천시,4181000,"강원특별자치도춘천시 서부대성로 214-1,(효자동)",033-252-6961,강원특별자치도 춘천시청,033-250-4043,2025-07-14
코너스톤 주식회사,일반가맹점,일반대중음식,강원특별자치도,춘천시,4181000,강원특별자치도 춘천시 전원길 46 1층,070-8785-7130,강원특별자치도 춘천시청,033-250-4043,2025-07-14
코리아세븐춘천석사중앙점,편의점,편의점,강원특별자치도,춘천시,4181000,"강원특별자치도춘천시 우석로79번길 9, 101호 (석사동)",02-3284-8162,강원특별자치도 춘천시청,033-250-4043,2025-07-14
콘스델리 춘천시청점,일반가맹점,한식,강원특별자치도,춘천시,4181000,강원특별자치도 춘천시 옥천길 3 1층,,강원특별자치도 춘천시청,033-250-4043,2025-07-14
콩사랑마을,일반가맹점,한식,강원특별자치도,춘천시,4181000,강원특별자치도춘천시 우묵들길 35-14 (퇴계동),033-255-2180,강원특별자치도 춘천시청,033-250-4043,2025-07-14
콩사랑마을,일반가맹점,한식,강원특별자치도,춘천시,4181000,강원특별자치도춘천시 동내면 거두택지길 65-7,033-261-0406,강원특별자치도 춘천시청,033-250-4043,2025-07-14
콩새알,일반가맹점,한식,강원특별자치도,춘천시,4181000,강원특별자치도 춘천시 전원길 28 1층,033-255-3199,강원특별자치도 춘천시청,033-250-4043,2025-07-14
콩이와쌀자루,일반가맹점,일반대중음식,강원특별자치도,춘천시,4181000,강원특별자치도 춘천시 동면 춘천로449번길 12-2 1층,033-264-6380,강원특별자치도 춘천시청,033-250-4043,2025-07-14
콩쥐네 식탁,일반가맹점,한식,강원특별자치도,춘천시,4181000,강원특별자치도 춘천시 새롬공원길 27 1층(석사동),,강원특별자치도 춘천시청,033-250-4043,2025-07-14
콩쥐네순두부,일반가맹점,한식,강원특별자치도,춘천시,4181000,강원특별자치도 춘천시 성심로47번길 59-4 1동,063-252-5924,강원특별자치도 춘천시청,033-250-4043,2025-07-14
쿠우쿠우 춘천점,일반가맹점,일식,강원특별자치도,춘천시,4181000,강원특별자치도춘천시 퇴계동 1017 지하1층,033-269-7004,강원특별자치도 춘천시청,033-250-4043,2025-07-14
쿠우쿠우춘천점,일반가맹점,일식,강원특별자치도,춘천시,4181000,강원특별자치도 춘천시 지석로 80 지하1층,033-269-7004,강원특별자치도 춘천시청,033-250-4043,2025-07-14
퀴즈노스 춘천 엔타점,일반가맹점,일반대중음식,강원특별자치도,춘천시,4181000,"강원특별자치도 춘천시 후석로 120 , 2층 206호",,강원특별자치도 춘천시청,033-250-4043,2025-07-14
퀴즈노스춘천한림대점,일반가맹점,일반대중음식,강원특별자치도,춘천시,4181000,강원특별자치도 춘천시 삭주로 71 1층,033-242-7787,강원특별자치도 춘천시청,033-250-4043,2025-07-14
퀸즈브래킷,일반가맹점,일반대중음식,강원특별자치도,춘천시,4181000,"강원특별자치도춘천시 동면 춘천로449번길 12-1, 1층",033-255-0723,강원특별자치도 춘천시청,033-250-4043,2025-07-14
큐브트리,일반가맹점,한식,강원특별자치도,춘천시,4181000,강원특별자치도 춘천시 금강로 76-1 2층,033-252-5840,강원특별자치도 춘천시청,033-250-4043,2025-07-14
크렘,일반가맹점,일반대중음식,강원특별자치도,춘천시,4181000,강원특별자치도 춘천시 중앙로67번길 4 2층(중앙로2가),,강원특별자치도 춘천시청,033-250-4043,2025-07-14
크로풀빵,일반가맹점,일반대중음식,강원특별자치도,춘천시,4181000,강원특별자치도 춘천시 소양고개길 45 1층,,강원특별자치도 춘천시청,033-250-4043,2025-07-14
크루아 라다,일반가맹점,일반대중음식,강원특별자치도,춘천시,4181000,강원특별자치도 춘천시 서부대성로44번길 25 1층,033-253-6339,강원특별자치도 춘천시청,033-250-4043,2025-07-14
크리스피크림도넛 춘천석사점,일반가맹점,제과점,강원특별자치도,춘천시,4181000,"강원특별자치도 춘천시 퇴계농공로 11 103호 (석사동, 스타플러스빌딩)",033-261-7799,강원특별자치도 춘천시청,033-250-4043,2025-07-14
크리스피크림도넛춘천명동점,일반가맹점,제과점,강원특별자치도,춘천시,4181000,"강원특별자치도춘천시 중앙로67번길 18, 브라운상가 1-1101 (죽림동)",033-252-6677,강원특별자치도 춘천시청,033-250-4043,2025-07-14
큰골집,일반가맹점,한식,강원특별자치도,춘천시,4181000,강원특별자치도춘천시 후만로 11 (효자동),033-253-0595,강원특별자치도 춘천시청,033-250-4043,2025-07-14
큰길낙지볶음,일반가맹점,한식,강원특별자치도,춘천시,4181000,"강원특별자치도춘천시 후석로420번길 7, 2층 A201호 (후평동)",033-225-9294,강원특별자치도 춘천시청,033-250-4043,2025-07-14
큰댁돌솥밥,일반가맹점,한식,강원특별자치도,춘천시,4181000,"강원특별자치도춘천시 삭주로206번길 3, 1층 (후평동)",033-257-7147,강원특별자치도 춘천시청,033-250-4043,2025-07-14
큰마당막국수,일반가맹점,한식,강원특별자치도,춘천시,4181000,강원특별자치도 춘천시 옛경춘로 800 1층,033-244-2775,강원특별자치도 춘천시청,033-250-4043,2025-07-14
큰맘할매순대국춘천퇴계점,일반가맹점,한식,강원특별자치도,춘천시,4181000,"강원특별자치도 춘천시 퇴계로93번길 10-8 ,1층",033-263-2014,강원특별자치도 춘천시청,033-250-4043,2025-07-14
큰샛터 막국수,일반가맹점,한식,강원특별자치도,춘천시,4181000,강원특별자치도 춘천시 동내면 영서로 1745-14 .,033-262-4733,강원특별자치도 춘천시청,033-250-4043,2025-07-14
큰손,일반가맹점,한식,강원특별자치도,춘천시,4181000,강원특별자치도 춘천시 승지골길13번길 13 1층,033-261-6223,강원특별자치도 춘천시청,033-250-4043,2025-07-14
큰손뼈해장국,일반가맹점,한식,강원특별자치도,춘천시,4181000,강원특별자치도 춘천시 후석로 65 1층,,강원특별자치도 춘천시청,033-250-4043,2025-07-14
큰손숯불구이,일반가맹점,한식,강원특별자치도,춘천시,4181000,강원특별자치도 춘천시 우묵길78번길 20 (퇴계동),033-257-3866,강원특별자치도 춘천시청,033-250-4043,2025-07-14
큰손양대창곱창구이,일반가맹점,한식,강원특별자치도,춘천시,4181000,"강원특별자치도춘천시 스무숲1길 74, 1층 (석사동)",033-262-3369,강원특별자치도 춘천시청,033-250-4043,2025-07-14
큰이모소막창,일반가맹점,한식,강원특별자치도,춘천시,4181000,강원특별자치도춘천시 춘천로 273 (후평동),033-255-0616,강원특별자치도 춘천시청,033-250-4043,2025-07-14
큰지붕 닭갈비,일반가맹점,한식,강원특별자치도,춘천시,4181000,강원특별자치도 춘천시 신북읍 신샘밭로 652 1층,033-256-9292,강원특별자치도 춘천시청,033-250-4043,2025-07-14
큰집막국수,일반가맹점,한식,강원특별자치도,춘천시,4181000,강원특별자치도춘천시 영서로 2275 (퇴계동),033-241-4266,강원특별자치도 춘천시청,033-250-4043,2025-07-14
큰집장대박,일반가맹점,한식,강원특별자치도,춘천시,4181000,강원특별자치도 춘천시 춘천로410번길 19 1층,033-251-8877,강원특별자치도 춘천시청,033-250-4043,2025-07-14
큰집장대박,일반가맹점,한식,강원특별자치도,춘천시,4181000,강원특별자치도춘천시 효자로124번길 11 (효자동),033-251-8877,강원특별자치도 춘천시청,033-250-4043,2025-07-14
큰집한우,일반가맹점,한식,강원특별자치도,춘천시,4181000,강원특별자치도춘천시 서부대성로 129 (운교동),033-241-3944,강원특별자치도 춘천시청,033-250-4043,2025-07-14
키아이,일반가맹점,일식,강원특별자치도,춘천시,4181000,강원특별자치도 춘천시 중앙로67번길 18 5동 5108호,033-252-7882,강원특별자치도 춘천시청,033-250-4043,2025-07-14
키친벨,일반가맹점,일반대중음식,강원특별자치도,춘천시,4181000,강원특별자치도 춘천시 부안길6번길 34 1층,,강원특별자치도 춘천시청,033-250-4043,2025-07-14
킹왕짱쪽갈비,일반가맹점,한식,강원특별자치도,춘천시,4181000,강원특별자치도 춘천시 동내면 거두택지길4번길 11-16 1층,033-262-6574,강원특별자치도 춘천시청,033-250-4043,2025-07-14
킹치찜,일반가맹점,한식,강원특별자치도,춘천시,4181000,강원특별자치도 춘천시 행촌로32번길 5-24 1층 101호,,강원특별자치도 춘천시청,033-250-4043,2025-07-14
타꼬야끼,일반가맹점,일반대중음식,강원특별자치도,춘천시,4181000,"강원특별자치도춘천시 공지로 432-1, 1층 (근화동)",033-244-9679,강원특별자치도 춘천시청,033-250-4043,2025-07-14
타베요,일반가맹점,양식,강원특별자치도,춘천시,4181000,강원특별자치도 춘천시 영서로2279번길 25 1층,033-255-7790,강원특별자치도 춘천시청,033-250-4043,2025-07-14
타츠미스시,일반가맹점,일식,강원특별자치도,춘천시,4181000,강원특별자치도 춘천시 퇴계로 249 크리스탈빌딩 104-1호,033-261-5007,강원특별자치도 춘천시청,033-250-4043,2025-07-14
타코봄춘천후평점,일반가맹점,일반대중음식,강원특별자치도,춘천시,4181000,"강원특별자치도춘천시 춘천로 316, 상가 2동 1층 102호 (후평동, 춘천더샵아파트)",070-8691-1449,강원특별자치도 춘천시청,033-250-4043,2025-07-14
타코비춘천점,일반가맹점,일반대중음식,강원특별자치도,춘천시,4181000,강원특별자치도 춘천시 중앙로 71 (중앙로2가),,강원특별자치도 춘천시청,033-250-4043,2025-07-14
타코앤꼬치,일반가맹점,일반대중음식,강원특별자치도,춘천시,4181000,강원특별자치도 춘천시 후만로 3 1층,070-7358-9299,강원특별자치도 춘천시청,033-250-4043,2025-07-14
타코잉닭,일반가맹점,일반대중음식,강원특별자치도,춘천시,4181000,"강원특별자치도춘천시 후석로258번길 28, 1층 (후평동)",033-251-8282,강원특별자치도 춘천시청,033-250-4043,2025-07-14
타코짱,일반가맹점,일반대중음식,강원특별자치도,춘천시,4181000,강원특별자치도 춘천시 영서로 2352-44 12동86호,033-244-9679,강원특별자치도 춘천시청,033-250-4043,2025-07-14
타코페퍼,일반가맹점,패스트푸드,강원특별자치도,춘천시,4181000,강원특별자치도 춘천시 우석로 27 1층 102호,033-263-3344,강원특별자치도 춘천시청,033-250-4043,2025-07-14
탄탄면공방춘천점,일반가맹점,일반대중음식,강원특별자치도,춘천시,4181000,강원특별자치도 춘천시 백령로138번길 49 1층,033-242-5007,강원특별자치도 춘천시청,033-250-4043,2025-07-14
탐라일도씨,일반가맹점,한식,강원특별자치도,춘천시,4181000,강원특별자치도 춘천시 춘주로 6-5 1층(온의동),,강원특별자치도 춘천시청,033-250-4043,2025-07-14
탐앤탐스레스토랑,일반가맹점,일반대중음식,강원특별자치도,춘천시,4181000,강원특별자치도 춘천시 동면 소양강로 718 2층,033-252-3576,강원특별자치도 춘천시청,033-250-4043,2025-07-14
탑골가든,일반가맹점,한식,강원특별자치도,춘천시,4181000,강원특별자치도 춘천시 남산면 김유정로 427-12 .,033-263-5291,강원특별자치도 춘천시청,033-250-4043,2025-07-14
탕화쿵푸,일반가맹점,중식,강원특별자치도,춘천시,4181000,강원특별자치도 춘천시 명동길 20 2층,033-747-8874,강원특별자치도 춘천시청,033-250-4043,2025-07-14
탕화쿵푸 마라탕(강원대점),일반가맹점,일반대중음식,강원특별자치도,춘천시,4181000,강원특별자치도 춘천시 백령로138번길 49 2층,,강원특별자치도 춘천시청,033-250-4043,2025-07-14
태국시푸켓동,일반가맹점,일반대중음식,강원특별자치도,춘천시,4181000,강원특별자치도 춘천시 성심로 39 1층(효자동),033-910-9012,강원특별자치도 춘천시청,033-250-4043,2025-07-14
태리로제 춘천강원대점,일반가맹점,일반대중음식,강원특별자치도,춘천시,4181000,강원특별자치도 춘천시 서부대성로 247 1층 (효자동),033-910-9955,강원특별자치도 춘천시청,033-250-4043,2025-07-14
태리로제떡볶이앤닭강정우두점,일반가맹점,한식,강원특별자치도,춘천시,4181000,강원특별자치도 춘천시 우두1길 77 좌측1층(우두동),,강원특별자치도 춘천시청,033-250-4043,2025-07-14
태림갈비,일반가맹점,한식,강원특별자치도,춘천시,4181000,강원특별자치도 춘천시 신북읍 사랑말길 120 1층,033-242-4285,강원특별자치도 춘천시청,033-250-4043,2025-07-14
태봉골막국수,일반가맹점,한식,강원특별자치도,춘천시,4181000,강원특별자치도춘천시 서면 현암리 543-1,033-244-9596,강원특별자치도 춘천시청,033-250-4043,2025-07-14
태산갈비,일반가맹점,한식,강원특별자치도,춘천시,4181000,강원특별자치도 춘천시 승지골길13번길 7-7 1층,033-262-4932,강원특별자치도 춘천시청,033-250-4043,2025-07-14
태양맛집2호점,일반가맹점,한식,강원특별자치도,춘천시,4181000,강원특별자치도춘천시 중앙로 176 (근화동),033-241-6667,강원특별자치도 춘천시청,033-250-4043,2025-07-14
태양통닭,일반가맹점,한식,강원특별자치도,춘천시,4181000,강원특별자치도춘천시 효제길 25 (효자동),033-257-2607,강원특별자치도 춘천시청,033-250-4043,2025-07-14
태지닭발앤떡볶이,일반가맹점,한식,강원특별자치도,춘천시,4181000,강원특별자치도 춘천시 후석로250번길 23 1층,033-242-2225,강원특별자치도 춘천시청,033-250-4043,2025-07-14
태평소,일반가맹점,한식,강원특별자치도,춘천시,4181000,강원특별자치도춘천시 안마산로 185 (퇴계동),033-261-0953,강원특별자치도 춘천시청,033-250-4043,2025-07-14
태평소 우두점,일반가맹점,한식,강원특별자치도,춘천시,4181000,강원특별자치도 춘천시 마장길 71-8 103호(사농동),033-242-3654,강원특별자치도 춘천시청,033-250-4043,2025-07-14
태평소삼천파크점,일반가맹점,한식,강원특별자치도,춘천시,4181000,강원특별자치도 춘천시 스포츠타운길 453 1층(삼천동),,강원특별자치도 춘천시청,033-250-4043,2025-07-14
태평소스무숲점,일반가맹점,한식,강원특별자치도,춘천시,4181000,강원특별자치도 춘천시 스무숲길 9 1층(석사동),033-263-9903,강원특별자치도 춘천시청,033-250-4043,2025-07-14
탯골자연화로오리,일반가맹점,한식,강원특별자치도,춘천시,4181000,강원특별자치도춘천시 서면 툇골길 182,033-244-5202,강원특별자치도 춘천시청,033-250-4043,2025-07-14
터널불고기,일반가맹점,한식,강원특별자치도,춘천시,4181000,강원특별자치도춘천시 서부대성로 42 (요선동),033-252-1770,강원특별자치도 춘천시청,033-250-4043,2025-07-14
테그42 춘천석사점,일반가맹점,패스트푸드,강원특별자치도,춘천시,4181000,강원특별자치도 춘천시 지석로 75 1층,033-243-4242,강원특별자치도 춘천시청,033-250-4043,2025-07-14
테이스트원,일반가맹점,양식,강원특별자치도,춘천시,4181000,강원특별자치도 춘천시 동내면 거두택지길 93-11 .,033-261-5666,강원특별자치도 춘천시청,033-250-4043,2025-07-14
테이스티,일반가맹점,일반대중음식,강원특별자치도,춘천시,4181000,강원특별자치도 춘천시 동면 만천양지길 90 1층,033-243-4933,강원특별자치도 춘천시청,033-250-4043,2025-07-14
테이스티(Tasty),일반가맹점,일반대중음식,강원특별자치도,춘천시,4181000,강원특별자치도 춘천시 공지로297번길 8 1층(효자동),,강원특별자치도 춘천시청,033-250-4043,2025-07-14
테이스티타임,일반가맹점,일반대중음식,강원특별자치도,춘천시,4181000,"강원특별자치도춘천시 삭주로 94, 상가동 2층 5호 테이스티타임 (후평동, 동보빌리지)",033-818-9330,강원특별자치도 춘천시청,033-250-4043,2025-07-14
토담화로구이,일반가맹점,한식,강원특별자치도,춘천시,4181000,"강원특별자치도춘천시 남춘로36번길 65, 1층 (퇴계동)",033-263-7799,강원특별자치도 춘천시청,033-250-4043,2025-07-14
토리키치춘천퇴계점,일반가맹점,한식,강원특별자치도,춘천시,4181000,"강원특별자치도춘천시 퇴계로 175, 1층 (퇴계동)",033-262-1215,강원특별자치도 춘천시청,033-250-4043,2025-07-14
토마토도시락(한림대점),일반가맹점,한식,강원특별자치도,춘천시,4181000,강원특별자치도춘천시 삭주로 69 (교동),033-242-7407,강원특별자치도 춘천시청,033-250-4043,2025-07-14
토바돈,일반가맹점,한식,강원특별자치도,춘천시,4181000,"강원특별자치도춘천시 공원4길 19-1, 1층 (퇴계동)",033-256-9102,강원특별자치도 춘천시청,033-250-4043,2025-07-14
토속밥상,일반가맹점,한식,강원특별자치도,춘천시,4181000,강원특별자치도 춘천시 남산면 강촌로 365 1층,033-262-7900,강원특별자치도 춘천시청,033-250-4043,2025-07-14
토속순대국,일반가맹점,한식,강원특별자치도,춘천시,4181000,강원특별자치도 춘천시 남산면 한치로 97 1층,033-262-3895,강원특별자치도 춘천시청,033-250-4043,2025-07-14
토속촌,일반가맹점,한식,강원특별자치도,춘천시,4181000,강원특별자치도 춘천시 신북읍 금광길 158 1층,033-248-8222,강원특별자치도 춘천시청,033-250-4043,2025-07-14
토스트뱅크,일반가맹점,일반대중음식,강원특별자치도,춘천시,4181000,강원특별자치도 춘천시 중앙로 32 1층 105호 (요선동),,강원특별자치도 춘천시청,033-250-4043,2025-07-14
토스트잇,일반가맹점,일반대중음식,강원특별자치도,춘천시,4181000,강원특별자치도 춘천시 동면 춘천로449번길 20-1 1층 101호,,강원특별자치도 춘천시청,033-250-4043,2025-07-14
토스피아투탑시티점,일반가맹점,일반대중음식,강원특별자치도,춘천시,4181000,강원특별자치도춘천시 지석로 80  2층 235 투탑시티,033-264-7744,강원특별자치도 춘천시청,033-250-4043,2025-07-14
토우빈대떡,일반가맹점,한식,강원특별자치도,춘천시,4181000,강원특별자치도 춘천시 후석로 361 후평동,033-242-4966,강원특별자치도 춘천시청,033-250-4043,2025-07-14
토종순대국,일반가맹점,한식,강원특별자치도,춘천시,4181000,강원특별자치도 춘천시 우묵길 60 1층,,강원특별자치도 춘천시청,033-250-4043,2025-07-14
토종암돼지구이,일반가맹점,한식,강원특별자치도,춘천시,4181000,강원특별자치도춘천시 우묵길 60 (퇴계동),033-256-6955,강원특별자치도 춘천시청,033-250-4043,2025-07-14
토종한우곱창,일반가맹점,한식,강원특별자치도,춘천시,4181000,강원특별자치도 춘천시 중앙로107번길 13 1층,,강원특별자치도 춘천시청,033-250-4043,2025-07-14
톡톡치킨피자,일반가맹점,일반대중음식,강원특별자치도,춘천시,4181000,강원특별자치도 춘천시 영서로 2922 상가 104호,033-241-2588,강원특별자치도 춘천시청,033-250-4043,2025-07-14
통나무집닭갈비 남춘천점,일반가맹점,한식,강원특별자치도,춘천시,4181000,강원특별자치도 춘천시 남산면 종자리로 21 통나무집닭갈비 남춘천점,070-1394-9339,강원특별자치도 춘천시청,033-250-4043,2025-07-14
통나무집닭갈비 남춘천점,일반가맹점,한식,강원특별자치도,춘천시,4181000,강원특별자치도 춘천시 남산면 종자리로 21 .,070-4820-3383,강원특별자치도 춘천시청,033-250-4043,2025-07-14
통닭나라,일반가맹점,일반대중음식,강원특별자치도,춘천시,4181000,강원특별자치도춘천시 춘주로 94 (온의동),033-252-4452,강원특별자치도 춘천시청,033-250-4043,2025-07-14
통닭참잘하는집,일반가맹점,한식,강원특별자치도,춘천시,4181000,"강원특별자치도 춘천시 춘천로17번길 21 1층 103호(온의동,춘천강남하이엔드)",,강원특별자치도 춘천시청,033-250-4043,2025-07-14
통메밀부침전문점,일반가맹점,한식,강원특별자치도,춘천시,4181000,강원특별자치도춘천시 지석로 74-11 (퇴계동),033-264-1666,강원특별자치도 춘천시청,033-250-4043,2025-07-14
통큰무한삼겹,일반가맹점,한식,강원특별자치도,춘천시,4181000,"강원특별자치도춘천시 스무숲4길 9, 1층 (석사동)",033-264-8525,강원특별자치도 춘천시청,033-250-4043,2025-07-14
통큰장어,일반가맹점,한식,강원특별자치도,춘천시,4181000,강원특별자치도춘천시 퇴계로69번길 12 (퇴계동),033-253-7108,강원특별자치도 춘천시청,033-250-4043,2025-07-14
통통도야지,일반가맹점,한식,강원특별자치도,춘천시,4181000,강원특별자치도 춘천시 안마산로 155 퇴계동 152-5 외 20필지 F동,033-252-8073,강원특별자치도 춘천시청,033-250-4043,2025-07-14
통통순대국,일반가맹점,한식,강원특별자치도,춘천시,4181000,강원특별자치도 춘천시 소양로183번길 18 1층,033-252-9909,강원특별자치도 춘천시청,033-250-4043,2025-07-14
통통아구찜,일반가맹점,한식,강원특별자치도,춘천시,4181000,강원특별자치도 춘천시 후석로 415-1 1층,,강원특별자치도 춘천시청,033-250-4043,2025-07-14
퇴계골,일반가맹점,일반대중음식,강원특별자치도,춘천시,4181000,강원특별자치도춘천시 춘주로195번길 5 (퇴계동),033-241-3359,강원특별자치도 춘천시청,033-250-4043,2025-07-14
퇴계닭갈비,일반가맹점,한식,강원특별자치도,춘천시,4181000,"강원특별자치도 춘천시 남춘로5번길 16 1층, 2층",033-241-2579,강원특별자치도 춘천시청,033-250-4043,2025-07-14
퇴계동풍물생고기,일반가맹점,한식,강원특별자치도,춘천시,4181000,강원특별자치도 춘천시 춘주로187번길 8 .,033-241-9255,강원특별자치도 춘천시청,033-250-4043,2025-07-14
퇴계막국수,일반가맹점,한식,강원특별자치도,춘천시,4181000,강원특별자치도 춘천시 영서로 2231 1층,033-255-3332,강원특별자치도 춘천시청,033-250-4043,2025-07-14
퇴계수산횟집,일반가맹점,일식,강원특별자치도,춘천시,4181000,강원특별자치도춘천시 새롬공원길 18 (석사동),033-264-4544,강원특별자치도 춘천시청,033-250-4043,2025-07-14
퇴계일번지닭갈비퇴계점,일반가맹점,한식,강원특별자치도,춘천시,4181000,강원특별자치도 춘천시 우묵길78번길 18 1층(퇴계동),,강원특별자치도 춘천시청,033-250-4043,2025-07-14
퇴계자연석돌구이,일반가맹점,한식,강원특별자치도,춘천시,4181000,강원특별자치도춘천시 충혼길5번길 1 (퇴계동),033-255-5933,강원특별자치도 춘천시청,033-250-4043,2025-07-14
퇴골가든,일반가맹점,한식,강원특별자치도,춘천시,4181000,강원특별자치도춘천시 서면 툇골길 353,033-243-8959,강원특별자치도 춘천시청,033-250-4043,2025-07-14
퇴골오리숯불구이,일반가맹점,한식,강원특별자치도,춘천시,4181000,강원특별자치도춘천시 동면 만천로 145-1,033-252-5293,강원특별자치도 춘천시청,033-250-4043,2025-07-14
퇴골오리큰딸점,일반가맹점,한식,강원특별자치도,춘천시,4181000,"강원특별자치도춘천시 동면 춘천로 492-14, (동면)",033-253-0506,강원특별자치도 춘천시청,033-250-4043,2025-07-14
툇골바위집,일반가맹점,한식,강원특별자치도,춘천시,4181000,강원특별자치도 춘천시 서면 툇골길 711-12 (2리),033-243-3651,강원특별자치도 춘천시청,033-250-4043,2025-07-14
툇마루,일반가맹점,일반대중음식,강원특별자치도,춘천시,4181000,강원특별자치도춘천시 남산면 갯골길 24-2,033-261-1589,강원특별자치도 춘천시청,033-250-4043,2025-07-14
투존치킨우두점,일반가맹점,일반대중음식,강원특별자치도,춘천시,4181000,강원특별자치도 춘천시 영서로 2793 상가동 105호,033-251-5631,강원특별자치도 춘천시청,033-250-4043,2025-07-14
트램,일반가맹점,일반대중음식,강원특별자치도,춘천시,4181000,"강원특별자치도 춘천시 수변공원길 11 ,101호",,강원특별자치도 춘천시청,033-250-4043,2025-07-14
트링켄74,일반가맹점,일반대중음식,강원특별자치도,춘천시,4181000,강원특별자치도 춘천시 승지골길 53 휴먼타운아파트상가104호,033-253-2621,강원특별자치도 춘천시청,033-250-4043,2025-07-14
특미원,일반가맹점,일반대중음식,강원특별자치도,춘천시,4181000,강원특별자치도 춘천시 백령로 138 1층(효자동),033-241-6888,강원특별자치도 춘천시청,033-250-4043,2025-07-14
특별 하누,일반가맹점,한식,강원특별자치도,춘천시,4181000,강원특별자치도 춘천시 영서로 2153 1층 102호,,강원특별자치도 춘천시청,033-250-4043,2025-07-14
특별미기사식당,일반가맹점,한식,강원특별자치도,춘천시,4181000,"강원특별자치도춘천시 공지로317번길 16, 1층 (효자동)",033-256-6485,강원특별자치도 춘천시청,033-250-4043,2025-07-14
티라미수,일반가맹점,제과점,강원특별자치도,춘천시,4181000,강원특별자치도 춘천시 효자로 74-1 1층,,강원특별자치도 춘천시청,033-250-4043,2025-07-14
티라미수1호점,일반가맹점,일반대중음식,강원특별자치도,춘천시,4181000,"강원특별자치도춘천시 금강로13번길 26, 1층 티라미수 (소양로2가)",033-244-8556,강원특별자치도 춘천시청,033-250-4043,2025-07-14
티바두마리치킨-춘천강대점,일반가맹점,일반대중음식,강원특별자치도,춘천시,4181000,강원특별자치도 춘천시 서부대성로 198 1층,033-256-0926,강원특별자치도 춘천시청,033-250-4043,2025-07-14
파닭에파무쳐(춘천1호점),일반가맹점,일반대중음식,강원특별자치도,춘천시,4181000,강원특별자치도춘천시 성심로 32 (교동),033-254-9280,강원특별자치도 춘천시청,033-250-4043,2025-07-14
파도횟집,일반가맹점,한식,강원특별자치도,춘천시,4181000,강원특별자치도춘천시 서부대성로48번길 13 (요선동),033-251-0912,강원특별자치도 춘천시청,033-250-4043,2025-07-14
파란만잔강원대60주년기념관점,일반가맹점,일반대중음식,강원특별자치도,춘천시,4181000,"강원특별자치도 춘천시 강원대학길 1 2층(효자동,강원대학교실사구시관)",,강원특별자치도 춘천시청,033-250-4043,2025-07-14
파리바게뜨,일반가맹점,일반대중음식,강원특별자치도,춘천시,4181000,강원특별자치도춘천시 동면 만천로 135,033-244-8255,강원특별자치도 춘천시청,033-250-4043,2025-07-14
파리바게뜨 거두점,일반가맹점,제과점,강원특별자치도,춘천시,4181000,"강원특별자치도춘천시 동내면 춘천순환로 58, 110-111호 (메디피아빌딩)",033-264-0482,강원특별자치도 춘천시청,033-250-4043,2025-07-14
파리바게뜨 석사점,일반가맹점,제과점,강원특별자치도,춘천시,4181000,강원특별자치도춘천시 후석로186번길 14 (석사동),033-262-8277,강원특별자치도 춘천시청,033-250-4043,2025-07-14
파리바게뜨 장학점,일반가맹점,제과점,강원특별자치도,춘천시,4181000,강원특별자치도춘천시 동면 춘천로449번길 30,033-253-0082,강원특별자치도 춘천시청,033-250-4043,2025-07-14
파리바게뜨 춘천강북점,일반가맹점,제과점,강원특별자치도,춘천시,4181000,강원특별자치도춘천시 충열로 10-14 (우두동),033-253-8277,강원특별자치도 춘천시청,033-250-4043,2025-07-14
파리바게뜨 춘천명동점,일반가맹점,제과점,강원특별자치도,춘천시,4181000,"강원특별자치도춘천시 금강로 54, 1 ,2,3층중앙로2가 (중앙로2가)",033-243-4520,강원특별자치도 춘천시청,033-250-4043,2025-07-14
파리바게뜨 춘천신성점,일반가맹점,제과점,강원특별자치도,춘천시,4181000,강원특별자치도춘천시 근화동 291-20,033-261-6358,강원특별자치도 춘천시청,033-250-4043,2025-07-14
파리바게뜨 춘천에버빌점,일반가맹점,제과점,강원특별자치도,춘천시,4181000,강원특별자치도춘천시 석사동 880-2 1층,033-263-0081,강원특별자치도 춘천시청,033-250-4043,2025-07-14
파리바게뜨 춘천우두점,일반가맹점,제과점,강원특별자치도,춘천시,4181000,강원특별자치도 춘천시 우두1길 101 110호,033-242-1919,강원특별자치도 춘천시청,033-250-4043,2025-07-14
파리바게뜨 춘천주공랜드마크점,일반가맹점,제과점,강원특별자치도,춘천시,4181000,"강원특별자치도 춘천시 퇴계로 175 ,",033-262-8202,강원특별자치도 춘천시청,033-250-4043,2025-07-14
파리바게뜨 퇴계점,일반가맹점,제과점,강원특별자치도,춘천시,4181000,"강원특별자치도 춘천시 안마산로 199 ,1층 108,109호",033-262-1172,강원특별자치도 춘천시청,033-250-4043,2025-07-14
파리바게뜨(남춘천점),일반가맹점,제과점,강원특별자치도,춘천시,4181000,"강원특별자치도춘천시 행촌로 29, 1층 (퇴계동)",033-257-0082,강원특별자치도 춘천시청,033-250-4043,2025-07-14
파리바게뜨춘천온의점,일반가맹점,제과점,강원특별자치도,춘천시,4181000,강원특별자치도춘천시 온의동 65-10번지 금호아파트상가동 301호 101호,033-241-3875,강원특별자치도 춘천시청,033-250-4043,2025-07-14
파리바게뜨춘천포스코점,일반가맹점,제과점,강원특별자치도,춘천시,4181000,강원특별자치도 춘천시 춘천로296번길 3 (후평동),033-257-8205,강원특별자치도 춘천시청,033-250-4043,2025-07-14
파리바게뜨춘천한숲점,일반가맹점,제과점,강원특별자치도,춘천시,4181000,"강원특별자치도 춘천시 안마산로 115 ,상가 A동 1층 A3-106,107호",033-244-0089,강원특별자치도 춘천시청,033-250-4043,2025-07-14
파리바게뜨후평점,일반가맹점,제과점,강원특별자치도,춘천시,4181000,"강원특별자치도춘천시 후석로 293, 1층 지하계단옆 (후평동)",033-255-8203,강원특별자치도 춘천시청,033-250-4043,2025-07-14
파리바게트 NH농협타운점,일반가맹점,제과점,강원특별자치도,춘천시,4181000,"강원특별자치도 춘천시 후석로 120 ,1층 107호",033-262-8377,강원특별자치도 춘천시청,033-250-4043,2025-07-14
파리바게트 춘천 온의 푸르지오,일반가맹점,제과점,강원특별자치도,춘천시,4181000,"강원특별자치도 춘천시 방송길 77 1204,1205,1223호",033-243-0050,강원특별자치도 춘천시청,033-250-4043,2025-07-14
파리바게트 춘천한림대점,일반가맹점,제과점,강원특별자치도,춘천시,4181000,강원특별자치도춘천시 삭주로 96 (후평동),033-255-4520,강원특별자치도 춘천시청,033-250-4043,2025-07-14
파리바게트 퇴계주공점,일반가맹점,제과점,강원특별자치도,춘천시,4181000,강원특별자치도 춘천시 퇴계로 175 103호(퇴계동),033-262-8202,강원특별자치도 춘천시청,033-250-4043,2025-07-14
파리바게트춘천봄내점,일반가맹점,제과점,강원특별자치도,춘천시,4181000,"강원특별자치도 춘천시 퇴계로 229 ,1층",033-262-2001,강원특별자치도 춘천시청,033-250-4043,2025-07-14
파머스키친,일반가맹점,일반대중음식,강원특별자치도,춘천시,4181000,강원특별자치도 춘천시 신북읍 신샘밭로 380 1층,,강원특별자치도 춘천시청,033-250-4043,2025-07-14
파미르2,일반가맹점,일반대중음식,강원특별자치도,춘천시,4181000,"강원특별자치도 춘천시 동면 순환대로 1154-144 2동 1층,2층",,강원특별자치도 춘천시청,033-250-4043,2025-07-14
파스따남,일반가맹점,일반대중음식,강원특별자치도,춘천시,4181000,강원특별자치도춘천시 우석로4번길 15-1 (석사동),033-261-2221,강원특별자치도 춘천시청,033-250-4043,2025-07-14
파스타입니다 춘천 강대점,일반가맹점,양식,강원특별자치도,춘천시,4181000,"강원특별자치도 춘천시 백령로 123 , A동 지하1층 102호",033-256-8989,강원특별자치도 춘천시청,033-250-4043,2025-07-14
파크김밥 기타둥둥,일반가맹점,한식,강원특별자치도,춘천시,4181000,강원특별자치도 춘천시 소양로 210 1층,033-252-5453,강원특별자치도 춘천시청,033-250-4043,2025-07-14
파파닭(숯불)갈비,일반가맹점,한식,강원특별자치도,춘천시,4181000,강원특별자치도 춘천시 남면 소주고개로 62 1층,,강원특별자치도 춘천시청,033-250-4043,2025-07-14
파파존스 춘천점,일반가맹점,패스트푸드,강원특별자치도,춘천시,4181000,강원특별자치도 춘천시 후석로 342 1층,033-251-8070,강원특별자치도 춘천시청,033-250-4043,2025-07-14
파파존스 춘천점,일반가맹점,패스트푸드,강원특별자치도,춘천시,4181000,강원특별자치도춘천시 후평동 702 1층,033-251-8070,강원특별자치도 춘천시청,033-250-4043,2025-07-14
파파존스피자 남춘천점,일반가맹점,패스트푸드,강원특별자치도,춘천시,4181000,강원특별자치도 춘천시 퇴계로 72 1층,033-242-8070,강원특별자치도 춘천시청,033-250-4043,2025-07-14
팔각정,일반가맹점,일식,강원특별자치도,춘천시,4181000,강원특별자치도춘천시 서면 오월리 산7-3번지 외10필지,033-244-1975,강원특별자치도 춘천시청,033-250-4043,2025-07-14
팔공티 한림대점,일반가맹점,일반대중음식,강원특별자치도,춘천시,4181000,강원특별자치도 춘천시 성심로 4-1 1층 (교동),,강원특별자치도 춘천시청,033-250-4043,2025-07-14
팔도,일반가맹점,한식,강원특별자치도,춘천시,4181000,강원특별자치도 춘천시 후석로326번길 11-8 1층,033-252-1880,강원특별자치도 춘천시청,033-250-4043,2025-07-14
팔도,일반가맹점,한식,강원특별자치도,춘천시,4181000,강원특별자치도 춘천시 후석로393번길 31 1층,,강원특별자치도 춘천시청,033-250-4043,2025-07-14
팔도막국수,일반가맹점,한식,강원특별자치도,춘천시,4181000,강원특별자치도 춘천시 동면 후만로 143 1층,,강원특별자치도 춘천시청,033-250-4043,2025-07-14
팔도숯불구이,일반가맹점,한식,강원특별자치도,춘천시,4181000,강원특별자치도춘천시 춘주로92번길 9-3 (온의동),033-242-5885,강원특별자치도 춘천시청,033-250-4043,2025-07-14
팔도제일닭갈비엔스물넷마카롱,일반가맹점,한식,강원특별자치도,춘천시,4181000,"강원특별자치도춘천시 안마산로 15, 1층 (온의동)",033-255-8501,강원특별자치도 춘천시청,033-250-4043,2025-07-14
팔도추어탕,일반가맹점,한식,강원특별자치도,춘천시,4181000,강원특별자치도 춘천시 서부대성로48번길 5-2 .,033-232-1111,강원특별자치도 춘천시청,033-250-4043,2025-07-14
팔도한방오리,일반가맹점,한식,강원특별자치도,춘천시,4181000,강원특별자치도춘천시 효석로 27 (효자동),033-264-9245,강원특별자치도 춘천시청,033-250-4043,2025-07-14
팔도해장국,일반가맹점,한식,강원특별자치도,춘천시,4181000,강원특별자치도춘천시 영서로2279번길 24 (온의동),033-253-8797,강원특별자치도 춘천시청,033-250-4043,2025-07-14
팔뚝갈비,일반가맹점,한식,강원특별자치도,춘천시,4181000,"강원특별자치도춘천시 동면 공단로 110, 1층 2층",033-244-2088,강원특별자치도 춘천시청,033-250-4043,2025-07-14
팔미리낚시터,일반가맹점,한식,강원특별자치도,춘천시,4181000,강원특별자치도 춘천시 신동면 경춘로 1817 1층,033-261-3570,강원특별자치도 춘천시청,033-250-4043,2025-07-14
팔미보리밥집,일반가맹점,한식,강원특별자치도,춘천시,4181000,강원특별자치도 춘천시 신동면 경춘로 1773 1층,033-261-2442,강원특별자치도 춘천시청,033-250-4043,2025-07-14
팔봉루,일반가맹점,중식,강원특별자치도,춘천시,4181000,강원특별자치도춘천시 남산면 김유정로 196,033-263-2599,강원특별자치도 춘천시청,033-250-4043,2025-07-14
팔봉스넥,일반가맹점,한식,강원특별자치도,춘천시,4181000,강원특별자치도춘천시 교운길 1 (운교동),033-257-5205,강원특별자치도 춘천시청,033-250-4043,2025-07-14
팔팔뚝배기,일반가맹점,한식,강원특별자치도,춘천시,4181000,강원특별자치도 춘천시 공지로 114 1층,033-262-7760,강원특별자치도 춘천시청,033-250-4043,2025-07-14
팔팔수산,일반가맹점,한식,강원특별자치도,춘천시,4181000,"강원특별자치도 춘천시 안마산로 207 1층 4,5호",033-3905-2202,강원특별자치도 춘천시청,033-250-4043,2025-07-14
팔호가보자토종순대국,일반가맹점,한식,강원특별자치도,춘천시,4181000,강원특별자치도 춘천시 금강로121번길 6 1층,033-244-4885,강원특별자치도 춘천시청,033-250-4043,2025-07-14
팔호가보자토종순대국밥,일반가맹점,일반대중음식,강원특별자치도,춘천시,4181000,강원특별자치도 춘천시 서부대성로 137-1 1층(운교동(,033-912-4886,강원특별자치도 춘천시청,033-250-4043,2025-07-14
팔호냉삼집 거두리집,일반가맹점,한식,강원특별자치도,춘천시,4181000,강원특별자치도 춘천시 동내면 거두택지길14번길 7 1층,,강원특별자치도 춘천시청,033-250-4043,2025-07-14
팔호냉삼집 본점,일반가맹점,일반대중음식,강원특별자치도,춘천시,4181000,강원특별자치도 춘천시 효자로150번길 11-4 1층,,강원특별자치도 춘천시청,033-250-4043,2025-07-14
팔호부침,일반가맹점,한식,강원특별자치도,춘천시,4181000,"강원특별자치도춘천시 동부시장길 8, 동부시장 8호 (운교동)",033-253-6235,강원특별자치도 춘천시청,033-250-4043,2025-07-14
팔호스넥,일반가맹점,일반대중음식,강원특별자치도,춘천시,4181000,강원특별자치도춘천시 효자동 641-3번지,033-251-0244,강원특별자치도 춘천시청,033-250-4043,2025-07-14
팝스스모크트레인,일반가맹점,일반대중음식,강원특별자치도,춘천시,4181000,"강원특별자치도 춘천시 사북면 가일길 578-8 ,1층",,강원특별자치도 춘천시청,033-250-4043,2025-07-14
패리카나치킨사우점,일반가맹점,일반대중음식,강원특별자치도,춘천시,4181000,강원특별자치도춘천시 영서로 2818 (사농동),033-251-9794,강원특별자치도 춘천시청,033-250-4043,2025-07-14
패밀리치킨,일반가맹점,일반대중음식,강원특별자치도,춘천시,4181000,강원특별자치도 춘천시 지석로 74-11 상가동 1층 D18호(퇴계동),,강원특별자치도 춘천시청,033-250-4043,2025-07-14
팬더 하우스,일반가맹점,한식,강원특별자치도,춘천시,4181000,강원특별자치도춘천시 명동길 49 (죽림동),033-256-0920,강원특별자치도 춘천시청,033-250-4043,2025-07-14
퍼줌,일반가맹점,한식,강원특별자치도,춘천시,4181000,강원특별자치도춘천시 충혼길20번길 8 (온의동),033-241-4369,강원특별자치도 춘천시청,033-250-4043,2025-07-14
펀비어킹춘천한숲시티점,일반가맹점,일반대중음식,강원특별자치도,춘천시,4181000,"강원특별자치도 춘천시 안마산로 113 B-1동 2층 201~203호(퇴계동,e편한세상 춘천 한숲시티상가)",033-231-1234,강원특별자치도 춘천시청,033-250-4043,2025-07-14
페너,일반가맹점,일반대중음식,강원특별자치도,춘천시,4181000,강원특별자치도 춘천시 춘주로92번길 9-4 1층,,강원특별자치도 춘천시청,033-250-4043,2025-07-14
페리카나,일반가맹점,일반대중음식,강원특별자치도,춘천시,4181000,강원특별자치도 춘천시 지석로 74-11 A-13호,033-262-9298,강원특별자치도 춘천시청,033-250-4043,2025-07-14
페리카나(터미널점),일반가맹점,일반대중음식,강원특별자치도,춘천시,4181000,강원특별자치도춘천시 공지로 458 (근화동),033-253-8490,강원특별자치도 춘천시청,033-250-4043,2025-07-14
페리카나석사점,일반가맹점,일반대중음식,강원특별자치도,춘천시,4181000,강원특별자치도 춘천시 공지로252번길 4 1층,033-254-0941,강원특별자치도 춘천시청,033-250-4043,2025-07-14
페리카나치킨 광장점,일반가맹점,일반대중음식,강원특별자치도,춘천시,4181000,강원특별자치도춘천시 효자2동 653번지,033-253-8578,강원특별자치도 춘천시청,033-250-4043,2025-07-14
페리카나치킨 명동점,일반가맹점,일반대중음식,강원특별자치도,춘천시,4181000,강원특별자치도춘천시 금강로 76 (조양동),033-253-9566,강원특별자치도 춘천시청,033-250-4043,2025-07-14
페리카나치킨 부안체인,일반가맹점,일반대중음식,강원특별자치도,춘천시,4181000,강원특별자치도 춘천시 후석로 261 .,033-256-4825,강원특별자치도 춘천시청,033-250-4043,2025-07-14
페리카나치킨퇴계점,일반가맹점,일반대중음식,강원특별자치도,춘천시,4181000,"강원특별자치도춘천시 행촌로32번길 5-6, 1층 (퇴계동)",033-255-0504,강원특별자치도 춘천시청,033-250-4043,2025-07-14
페리토(perrito),일반가맹점,한식,강원특별자치도,춘천시,4181000,강원특별자치도 춘천시 동내면 금촌로 179 1층,,강원특별자치도 춘천시청,033-250-4043,2025-07-14
페리하우스,일반가맹점,양식,강원특별자치도,춘천시,4181000,강원특별자치도춘천시 영서로2753번길 14 (우두동),033-242-0708,강원특별자치도 춘천시청,033-250-4043,2025-07-14
페스토(pasto),일반가맹점,양식,강원특별자치도,춘천시,4181000,강원특별자치도춘천시 동내면 외솔길19번길 80-54,033-251-6496,강원특별자치도 춘천시청,033-250-4043,2025-07-14
페이크러버스,일반가맹점,일반대중음식,강원특별자치도,춘천시,4181000,"강원특별자치도 춘천시 삭주로 41-1 ,1층",,강원특별자치도 춘천시청,033-250-4043,2025-07-14
페티엉(Petillant),일반가맹점,양식,강원특별자치도,춘천시,4181000,강원특별자치도 춘천시 방송길 94-7 2층(온의동),033-252-8283,강원특별자치도 춘천시청,033-250-4043,2025-07-14
페페버거,일반가맹점,일반대중음식,강원특별자치도,춘천시,4181000,강원특별자치도 춘천시 서부대성로 122 1층,,강원특별자치도 춘천시청,033-250-4043,2025-07-14
펠리체0412,일반가맹점,양식,강원특별자치도,춘천시,4181000,"강원특별자치도춘천시 동내면 외솔길19번길 49-14, 1층",033-262-0412,강원특별자치도 춘천시청,033-250-4043,2025-07-14
편편집 춘천퇴계점,일반가맹점,한식,강원특별자치도,춘천시,4181000,강원특별자치도 춘천시 안마산로 128 1층101호,033-256-9639,강원특별자치도 춘천시청,033-250-4043,2025-07-14
편편집삼천점,일반가맹점,한식,강원특별자치도,춘천시,4181000,"강원특별자치도 춘천시 스포츠타운길 432 2층 204,205호",033-242-3888,강원특별자치도 춘천시청,033-250-4043,2025-07-14
평남횟집,일반가맹점,한식,강원특별자치도,춘천시,4181000,강원특별자치도춘천시 서면 삿갓봉길 24,033-244-2370,강원특별자치도 춘천시청,033-250-4043,2025-07-14
평양냉면,일반가맹점,한식,강원특별자치도,춘천시,4181000,강원특별자치도춘천시 사농동 217-13,033-254-3778,강원특별자치도 춘천시청,033-250-4043,2025-07-14
평창송어,일반가맹점,한식,강원특별자치도,춘천시,4181000,강원특별자치도 춘천시 영서로 2155 (퇴계동),033-261-1160,강원특별자치도 춘천시청,033-250-4043,2025-07-14
평창한우,일반가맹점,한식,강원특별자치도,춘천시,4181000,강원특별자치도 춘천시 동면 춘천순환로 780 1층,033-253-8811,강원특별자치도 춘천시청,033-250-4043,2025-07-14
평천식당,일반가맹점,한식,강원특별자치도,춘천시,4181000,강원특별자치도 춘천시 남산면 서백길 36 1층,,강원특별자치도 춘천시청,033-250-4043,2025-07-14
평화불고기,일반가맹점,한식,강원특별자치도,춘천시,4181000,강원특별자치도춘천시 보안길 50 (후평동),033-255-1271,강원특별자치도 춘천시청,033-250-4043,2025-07-14
포대인대구막창,일반가맹점,한식,강원특별자치도,춘천시,4181000,강원특별자치도춘천시 보안길 21 (후평동),033-241-6859,강원특별자치도 춘천시청,033-250-4043,2025-07-14
포대인대구막창석사점,일반가맹점,한식,강원특별자치도,춘천시,4181000,"강원특별자치도춘천시 백령로 163, 1층 (효자동)",033-262-5682,강원특별자치도 춘천시청,033-250-4043,2025-07-14
포대인대구막창퇴계점,일반가맹점,한식,강원특별자치도,춘천시,4181000,강원특별자치도춘천시 김유정로 1870 (퇴계동),033-262-8792,강원특별자치도 춘천시청,033-250-4043,2025-07-14
포랑춘천점,일반가맹점,양식,강원특별자치도,춘천시,4181000,강원특별자치도 춘천시 서부대성로205번길 8 1층,,강원특별자치도 춘천시청,033-250-4043,2025-07-14
포레스트,일반가맹점,일반대중음식,강원특별자치도,춘천시,4181000,강원특별자치도 춘천시 동내면 거두택지길44번길 25 1층,070-177-2398,강원특별자치도 춘천시청,033-250-4043,2025-07-14
포레스트(Forrest),일반가맹점,일반대중음식,강원특별자치도,춘천시,4181000,강원특별자치도 춘천시 동면 지내길 147-61 .,,강원특별자치도 춘천시청,033-250-4043,2025-07-14
포시즌,일반가맹점,한식,강원특별자치도,춘천시,4181000,강원특별자치도 춘천시 남산면 방하로 469 1층,,강원특별자치도 춘천시청,033-250-4043,2025-07-14
포지티브즈,일반가맹점,일반대중음식,강원특별자치도,춘천시,4181000,강원특별자치도춘천시 서부대성로205번길 10 (효자동),050-2011-1587,강원특별자치도 춘천시청,033-250-4043,2025-07-14
포치드,일반가맹점,일반대중음식,강원특별자치도,춘천시,4181000,강원특별자치도 춘천시 동내면 학곡서길 6 1층,,강원특별자치도 춘천시청,033-250-4043,2025-07-14
포케올데이 춘천점,일반가맹점,일반대중음식,강원특별자치도,춘천시,4181000,강원특별자치도 춘천시 방송길 77 지하층 B123호,033-243-8763,강원특별자치도 춘천시청,033-250-4043,2025-07-14
포항집,일반가맹점,한식,강원특별자치도,춘천시,4181000,강원특별자치도 춘천시 남춘로36번길 52-5 1층(퇴계동),033-263-2630,강원특별자치도 춘천시청,033-250-4043,2025-07-14
폭포집,일반가맹점,한식,강원특별자치도,춘천시,4181000,강원특별자치도춘천시 서면 덕두원3리 118-3,033-261-1448,강원특별자치도 춘천시청,033-250-4043,2025-07-14
폭풍장어,일반가맹점,한식,강원특별자치도,춘천시,4181000,강원특별자치도 춘천시 동내면 순환대로 872 1층,033-262-2624,강원특별자치도 춘천시청,033-250-4043,2025-07-14
푸라닭 춘천석사점,일반가맹점,일반대중음식,강원특별자치도,춘천시,4181000,강원특별자치도 춘천시 우석로67번길 17 1층 우측호(석사동),033-261-9206,강원특별자치도 춘천시청,033-250-4043,2025-07-14
푸라닭 춘천시청점,일반가맹점,일반대중음식,강원특별자치도,춘천시,4181000,강원특별자치도 춘천시 소양고개길 56 1층,033-256-9206,강원특별자치도 춘천시청,033-250-4043,2025-07-14
푸라닭 춘천퇴계점,일반가맹점,일반대중음식,강원특별자치도,춘천시,4181000,강원특별자치도 춘천시 퇴계로145번길 7-13 (퇴계동),033-263-9206,강원특별자치도 춘천시청,033-250-4043,2025-07-14
푸라닭춘천후평점,일반가맹점,일반대중음식,강원특별자치도,춘천시,4181000,강원특별자치도 춘천시 보안길 77 1층 103호(후평동),033-911-9206,강원특별자치도 춘천시청,033-250-4043,2025-07-14
푸른밥상,일반가맹점,한식,강원특별자치도,춘천시,4181000,강원특별자치도 춘천시 동면 가산로 79 1층,033-242-7789,강원특별자치도 춘천시청,033-250-4043,2025-07-14
푸주옥,일반가맹점,일반대중음식,강원특별자치도,춘천시,4181000,강원특별자치도춘천시 퇴계동 11지구3블럭4롯트,033-243-7852,강원특별자치도 춘천시청,033-250-4043,2025-07-14
푸주옥(거두점),일반가맹점,한식,강원특별자치도,춘천시,4181000,강원특별자치도 춘천시 동내면 세실로 34 1층,033-261-3838,강원특별자치도 춘천시청,033-250-4043,2025-07-14
푸줏간,일반가맹점,한식,강원특별자치도,춘천시,4181000,"강원특별자치도춘천시 퇴계로77번길 7-13, 1층 (퇴계동)",033-255-9293,강원특별자치도 춘천시청,033-250-4043,2025-07-14
푼히,일반가맹점,일반대중음식,강원특별자치도,춘천시,4181000,강원특별자치도 춘천시 소양고개길 20 1층,,강원특별자치도 춘천시청,033-250-4043,2025-07-14
풀내음,일반가맹점,한식,강원특별자치도,춘천시,4181000,강원특별자치도춘천시 신북읍 상천3길 36-1,033-241-0049,강원특별자치도 춘천시청,033-250-4043,2025-07-14
풀내음,일반가맹점,한식,강원특별자치도,춘천시,4181000,"강원특별자치도춘천시 영서로 2352-12, 13동102,103호 (온의동)",033-251-2588,강원특별자치도 춘천시청,033-250-4043,2025-07-14
풀무원푸드앤컬처 네이버캠퍼스원,일반가맹점,일반대중음식,강원특별자치도,춘천시,4181000,"강원특별자치도춘천시 동면 순환대로 1154-77, 4층 네이버지식정보캠퍼스연구동",031-784-2970,강원특별자치도 춘천시청,033-250-4043,2025-07-14
풀무원푸드앤컬처 춘천시청,일반가맹점,한식,강원특별자치도,춘천시,4181000,강원특별자치도 춘천시 시청길 11 1층 구내식당,02-3400-7544,강원특별자치도 춘천시청,033-250-4043,2025-07-14
풀잎,일반가맹점,한식,강원특별자치도,춘천시,4181000,강원특별자치도춘천시 삭주로 75 (교동),033-252-6292,강원특별자치도 춘천시청,033-250-4043,2025-07-14
풀장횟집,일반가맹점,한식,강원특별자치도,춘천시,4181000,강원특별자치도춘천시 서면 삿갓봉길 31,033-244-1371,강원특별자치도 춘천시청,033-250-4043,2025-07-14
품은김밥,일반가맹점,한식,강원특별자치도,춘천시,4181000,강원특별자치도 춘천시 후석로 68-1 1층,033-263-2294,강원특별자치도 춘천시청,033-250-4043,2025-07-14
풍경닭갈비,일반가맹점,일반대중음식,강원특별자치도,춘천시,4181000,강원특별자치도춘천시 안마산로 7-1 (온의동),033-255-7891,강원특별자치도 춘천시청,033-250-4043,2025-07-14
풍경밥집,일반가맹점,한식,강원특별자치도,춘천시,4181000,강원특별자치도 춘천시 남산면 강촌로 62 1층,033-262-0824,강원특별자치도 춘천시청,033-250-4043,2025-07-14
풍기,일반가맹점,양식,강원특별자치도,춘천시,4181000,강원특별자치도 춘천시 춘천로 387 .,,강원특별자치도 춘천시청,033-250-4043,2025-07-14
풍년골,일반가맹점,한식,강원특별자치도,춘천시,4181000,강원특별자치도춘천시 안마산로 220 (퇴계동),033-262-7953,강원특별자치도 춘천시청,033-250-4043,2025-07-14
풍년삽겹살,일반가맹점,한식,강원특별자치도,춘천시,4181000,강원특별자치도춘천시 춘천로 341 (후평동),033-255-7775,강원특별자치도 춘천시청,033-250-4043,2025-07-14
풍년소갈비살,일반가맹점,한식,강원특별자치도,춘천시,4181000,강원특별자치도 춘천시 중앙로107번길 15-6 1층,033-244-5060,강원특별자치도 춘천시청,033-250-4043,2025-07-14
풍년식당,일반가맹점,한식,강원특별자치도,춘천시,4181000,강원특별자치도 춘천시 새롬공원길 21-1 1층,,강원특별자치도 춘천시청,033-250-4043,2025-07-14
풍년축산,일반가맹점,정육점,강원특별자치도,춘천시,4181000,강원특별자치도 춘천시 승지골길16번길 16 107호 상가,033-243-6596,강원특별자치도 춘천시청,033-250-4043,2025-07-14
풍류31,일반가맹점,한식,강원특별자치도,춘천시,4181000,강원특별자치도 춘천시 신동면 풍류길 31 1층 2호,,강원특별자치도 춘천시청,033-250-4043,2025-07-14
풍물나들이,일반가맹점,한식,강원특별자치도,춘천시,4181000,"강원특별자치도춘천시 영서로 2352-48, 13동 96호 풍물시장상가 (온의동)",033-254-8050,강원특별자치도 춘천시청,033-250-4043,2025-07-14
풍물먹거리 장터,일반가맹점,한식,강원특별자치도,춘천시,4181000,"강원특별자치도춘천시 영서로 2352-20, 10-57호 풍물시장 (온의동)",033-243-8589,강원특별자치도 춘천시청,033-250-4043,2025-07-14
풍물바베큐,일반가맹점,한식,강원특별자치도,춘천시,4181000,강원특별자치도 춘천시 영서로 2352-38 풍물시장 11동 1층 76호(온의동),033-242-6379,강원특별자치도 춘천시청,033-250-4043,2025-07-14
풍물생고기,일반가맹점,한식,강원특별자치도,춘천시,4181000,"강원특별자치도춘천시 영서로 2352-48, 풍물시장 13동 99호 (온의동)",033-244-5115,강원특별자치도 춘천시청,033-250-4043,2025-07-14
풍물수산,일반가맹점,한식,강원특별자치도,춘천시,4181000,"강원특별자치도춘천시 영서로 2352-32, 10동 68호 67 풍물시장상가 (온의동)",033-262-4114,강원특별자치도 춘천시청,033-250-4043,2025-07-14
풍물쌀빵,일반가맹점,제과점,강원특별자치도,춘천시,4181000,강원특별자치도 춘천시 영서로 2352-24 풍물시장8동1층35~36호,,강원특별자치도 춘천시청,033-250-4043,2025-07-14
풍물영양탕,일반가맹점,한식,강원특별자치도,춘천시,4181000,강원특별자치도춘천시 온의동 29-3번지 춘천풍물상가 13동 105,033-254-0089,강원특별자치도 춘천시청,033-250-4043,2025-07-14
풍물옹심이,일반가맹점,한식,강원특별자치도,춘천시,4181000,강원특별자치도 춘천시 닥나무길9번길 5 1층,033-241-1192,강원특별자치도 춘천시청,033-250-4043,2025-07-14
풍물옹심이 후평점,일반가맹점,한식,강원특별자치도,춘천시,4181000,강원특별자치도춘천시 후석로250번길 1 (후평동),033-253-7433,강원특별자치도 춘천시청,033-250-4043,2025-07-14
풍물참숯닭갈비,일반가맹점,한식,강원특별자치도,춘천시,4181000,강원특별자치도춘천시 온의동 149-5번지 외30필지,033-257-4793,강원특별자치도 춘천시청,033-250-4043,2025-07-14
풍미닭갈비,일반가맹점,한식,강원특별자치도,춘천시,4181000,강원특별자치도춘천시 운교길 7 (운교동),033-251-9482,강원특별자치도 춘천시청,033-250-4043,2025-07-14
풍전가든,일반가맹점,한식,강원특별자치도,춘천시,4181000,강원특별자치도춘천시 사북면 화악지암길 600-67,033-243-1324,강원특별자치도 춘천시청,033-250-4043,2025-07-14
풍차,일반가맹점,일반대중음식,강원특별자치도,춘천시,4181000,강원특별자치도 춘천시 이디오피아길 25 1층 근화동 마로니에보트장,033-244-8500,강원특별자치도 춘천시청,033-250-4043,2025-07-14
풍천민물장어,일반가맹점,일반대중음식,강원특별자치도,춘천시,4181000,강원특별자치도 춘천시 행촌로 52 (퇴계동),033-255-9249,강원특별자치도 춘천시청,033-250-4043,2025-07-14
풍천민물장어,일반가맹점,한식,강원특별자치도,춘천시,4181000,강원특별자치도 춘천시 행촌로 52 .,033-255-9249,강원특별자치도 춘천시청,033-250-4043,2025-07-14
풍천숯불갈비,일반가맹점,한식,강원특별자치도,춘천시,4181000,강원특별자치도춘천시 동내면 거두택지길26번길 26,033-263-4601,강원특별자치도 춘천시청,033-250-4043,2025-07-14
풍천장어,일반가맹점,한식,강원특별자치도,춘천시,4181000,강원특별자치도춘천시 후석로 371 풍천장어 (후평동),033-255-0592,강원특별자치도 춘천시청,033-250-4043,2025-07-14
풍천장어춘천점,일반가맹점,일반대중음식,강원특별자치도,춘천시,4181000,강원특별자치도 춘천시 신동면 김유정로 1622 1층,033-252-0468,강원특별자치도 춘천시청,033-250-4043,2025-07-14
프라미스중화요리,일반가맹점,중식,강원특별자치도,춘천시,4181000,강원특별자치도 춘천시 삭주로 197 1층,033-244-2090,강원특별자치도 춘천시청,033-250-4043,2025-07-14
프랑킨숯불양념구이치킨,일반가맹점,일반대중음식,강원특별자치도,춘천시,4181000,"강원특별자치도춘천시 후석로45번길 23, 1층 (석사동)",033-263-7773,강원특별자치도 춘천시청,033-250-4043,2025-07-14
프랭크버거 우두택지점,일반가맹점,패스트푸드,강원특별자치도,춘천시,4181000,강원특별자치도 춘천시 우두1길 101 1층 113호,033-255-0264,강원특별자치도 춘천시청,033-250-4043,2025-07-14
프랭크버거 춘천강원대점,일반가맹점,패스트푸드,강원특별자치도,춘천시,4181000,강원특별자치도 춘천시 서부대성로 239 1층,033-254-0408,강원특별자치도 춘천시청,033-250-4043,2025-07-14
프랭크버거 춘천석사점,일반가맹점,패스트푸드,강원특별자치도,춘천시,4181000,강원특별자치도 춘천시 퇴계로 221 1층 102호,033-263-0999,강원특별자치도 춘천시청,033-250-4043,2025-07-14
프랭크버거 후평점,일반가맹점,패스트푸드,강원특별자치도,춘천시,4181000,강원특별자치도 춘천시 보안길 66 101호,033-242-3128,강원특별자치도 춘천시청,033-250-4043,2025-07-14
프랭크버거춘천장학점,일반가맹점,패스트푸드,강원특별자치도,춘천시,4181000,"강원특별자치도 춘천시 동면 춘천로 455 , 1층 103호",033-241-8529,강원특별자치도 춘천시청,033-250-4043,2025-07-14
프랭크버거춘천퇴계점,일반가맹점,패스트푸드,강원특별자치도,춘천시,4181000,강원특별자치도 춘천시 안마산로 109-1 1층 102호,033-244-0319,강원특별자치도 춘천시청,033-250-4043,2025-07-14
프랭크치즈버거(춘천우두점),일반가맹점,패스트푸드,강원특별자치도,춘천시,4181000,강원특별자치도 춘천시 충열로 1 1층101호,033-242-6999,강원특별자치도 춘천시청,033-250-4043,2025-07-14
프레드피자 춘천점,일반가맹점,패스트푸드,강원특별자치도,춘천시,4181000,강원특별자치도 춘천시 서부대성로 166 1층 (효자동),033-243-8253,강원특별자치도 춘천시청,033-250-4043,2025-07-14
프레즌트15,일반가맹점,제과점,강원특별자치도,춘천시,4181000,"강원특별자치도 춘천시 퇴계로 133 1층, 103호",033-252-2369,강원특별자치도 춘천시청,033-250-4043,2025-07-14
프루티팜,일반가맹점,일반대중음식,강원특별자치도,춘천시,4181000,강원특별자치도 춘천시 충혼길44번길 8-1 1층(온의동),,강원특별자치도 춘천시청,033-250-4043,2025-07-14
플라베,일반가맹점,제과점,강원특별자치도,춘천시,4181000,강원특별자치도 춘천시 서부대성로48번길 24 1층,,강원특별자치도 춘천시청,033-250-4043,2025-07-14
플랜피(PLAN.P),일반가맹점,양식,강원특별자치도,춘천시,4181000,강원특별자치도 춘천시 우석로79번길 15-8 1층(석사동),,강원특별자치도 춘천시청,033-250-4043,2025-07-14
플랩잭팬트리헤이춘천점,일반가맹점,양식,강원특별자치도,춘천시,4181000,"강원특별자치도 춘천시 남춘로45번길 6 ,1층",033-255-0168,강원특별자치도 춘천시청,033-250-4043,2025-07-14
플러스82춘천점,일반가맹점,일반대중음식,강원특별자치도,춘천시,4181000,"강원특별자치도 춘천시 공지로218번길 6 ,1층 101호(효자동)",,강원특별자치도 춘천시청,033-250-4043,2025-07-14
피그램,일반가맹점,일반대중음식,강원특별자치도,춘천시,4181000,강원특별자치도 춘천시 우석로79번길 20 1층,033-261-8295,강원특별자치도 춘천시청,033-250-4043,2025-07-14
피앤치,일반가맹점,일반대중음식,강원특별자치도,춘천시,4181000,강원특별자치도춘천시 동내면 향군길 4,033-263-8477,강원특별자치도 춘천시청,033-250-4043,2025-07-14
피자꾼 춘천점,일반가맹점,패스트푸드,강원특별자치도,춘천시,4181000,강원특별자치도 춘천시 후석로 269-1 1층,033-251-9222,강원특별자치도 춘천시청,033-250-4043,2025-07-14
피자나라치킨공주 석사점,일반가맹점,일반대중음식,강원특별자치도,춘천시,4181000,강원특별자치도 춘천시 효석로67번길 20 101호,033-263-9297,강원특별자치도 춘천시청,033-250-4043,2025-07-14
피자나라치킨공주 후평점,일반가맹점,일반대중음식,강원특별자치도,춘천시,4181000,강원특별자치도춘천시 춘천로270번길 14-24 (후평동),033-244-9225,강원특별자치도 춘천시청,033-250-4043,2025-07-14
피자나라치킨공주춘천우두점,일반가맹점,패스트푸드,강원특별자치도,춘천시,4181000,강원특별자치도 춘천시 우두5길 36 1층 106호,033-243-0995,강원특별자치도 춘천시청,033-250-4043,2025-07-14
피자닭터 춘천점,일반가맹점,패스트푸드,강원특별자치도,춘천시,4181000,"강원특별자치도 춘천시 백령로 79 ,1층 102호",,강원특별자치도 춘천시청,033-250-4043,2025-07-14
피자래빗,일반가맹점,일반대중음식,강원특별자치도,춘천시,4181000,"강원특별자치도춘천시 서면 박사로 233, 피자래빗",033-243-7219,강원특별자치도 춘천시청,033-250-4043,2025-07-14
피자마루,일반가맹점,일반대중음식,강원특별자치도,춘천시,4181000,강원특별자치도춘천시 춘주로 141 (퇴계동),033-254-9950,강원특별자치도 춘천시청,033-250-4043,2025-07-14
피자샵 춘천점,일반가맹점,일반대중음식,강원특별자치도,춘천시,4181000,강원특별자치도 춘천시 삭주로 44 1층,033-251-7717,강원특별자치도 춘천시청,033-250-4043,2025-07-14
피자스쿨 춘천강북점,일반가맹점,패스트푸드,강원특별자치도,춘천시,4181000,강원특별자치도 춘천시 영서로 2764 1층,033-251-0333,강원특별자치도 춘천시청,033-250-4043,2025-07-14
피자스쿨 춘천우두점,일반가맹점,패스트푸드,강원특별자치도,춘천시,4181000,강원특별자치도 춘천시 우두1길 100 116동 1층 111호(우두동),,강원특별자치도 춘천시청,033-250-4043,2025-07-14
피자스쿨(퇴계금호타운점),일반가맹점,패스트푸드,강원특별자치도,춘천시,4181000,강원특별자치도 춘천시 안마산로 213 퇴계타운114호,033-264-7444,강원특별자치도 춘천시청,033-250-4043,2025-07-14
피자스쿨남춘천점,일반가맹점,패스트푸드,강원특별자치도,춘천시,4181000,"강원특별자치도 춘천시 춘주로 150 현진아파트 상가동 106,107호",033-252-3633,강원특별자치도 춘천시청,033-250-4043,2025-07-14
피자스쿨석사애막골점,일반가맹점,패스트푸드,강원특별자치도,춘천시,4181000,강원특별자치도 춘천시 후석로186번길 16 석삭동,033-261-6066,강원특별자치도 춘천시청,033-250-4043,2025-07-14
피자스쿨춘천장학점,일반가맹점,패스트푸드,강원특별자치도,춘천시,4181000,강원특별자치도 춘천시 동면 춘천로449번길 30-1 1층,033-253-3800,강원특별자치도 춘천시청,033-250-4043,2025-07-14
피자스쿨춘천한림대점,일반가맹점,패스트푸드,강원특별자치도,춘천시,4181000,강원특별자치도 춘천시 삭주로 71 .1,033-255-8008,강원특별자치도 춘천시청,033-250-4043,2025-07-14
피자스쿨춘천후평점,일반가맹점,패스트푸드,강원특별자치도,춘천시,4181000,강원특별자치도춘천시 후석로 299 (후평동),033-253-8998,강원특별자치도 춘천시청,033-250-4043,2025-07-14
피자에땅,일반가맹점,패스트푸드,강원특별자치도,춘천시,4181000,강원특별자치도 춘천시 행촌로 46-1 1층,033-254-0092,강원특별자치도 춘천시청,033-250-4043,2025-07-14
피자에땅(교동점),일반가맹점,패스트푸드,강원특별자치도,춘천시,4181000,강원특별자치도 춘천시 춘천로 239-1 1층,033-253-5353,강원특별자치도 춘천시청,033-250-4043,2025-07-14
피자에땅교동점,일반가맹점,패스트푸드,강원특별자치도,춘천시,4181000,강원특별자치도 춘천시 춘천로 239-1 1층,,강원특별자치도 춘천시청,033-250-4043,2025-07-14
피자쿠치나 춘천퇴계점,일반가맹점,패스트푸드,강원특별자치도,춘천시,4181000,"강원특별자치도 춘천시 안마산로 109-1 , 1층 105호(퇴계동)",033-261-1928,강원특별자치도 춘천시청,033-250-4043,2025-07-14
피자파는집춘천점,일반가맹점,패스트푸드,강원특별자치도,춘천시,4181000,"강원특별자치도 춘천시 춘주로195번길 7 , 1층(퇴계동)",033-255-2859,강원특별자치도 춘천시청,033-250-4043,2025-07-14
피자파는집후평점,일반가맹점,패스트푸드,강원특별자치도,춘천시,4181000,강원특별자치도 춘천시 백령로 180 2층 202호(후평동),033-252-0508,강원특별자치도 춘천시청,033-250-4043,2025-07-14
피자플래넷,일반가맹점,패스트푸드,강원특별자치도,춘천시,4181000,강원특별자치도 춘천시 새롬공원길 8 1층,,강원특별자치도 춘천시청,033-250-4043,2025-07-14
피자피크춘천점,일반가맹점,패스트푸드,강원특별자치도,춘천시,4181000,강원특별자치도 춘천시 춘천로 254 1층,,강원특별자치도 춘천시청,033-250-4043,2025-07-14
피자헛 석사점,일반가맹점,패스트푸드,강원특별자치도,춘천시,4181000,"강원특별자치도 춘천시 우석로 6-1 , 1층",033-255-5712,강원특별자치도 춘천시청,033-250-4043,2025-07-14
피자헛 춘천점,일반가맹점,패스트푸드,강원특별자치도,춘천시,4181000,"강원특별자치도 춘천시 금강로 19 , 1층",033-251-4512,강원특별자치도 춘천시청,033-250-4043,2025-07-14
피카소에스프레소(PICASSO),일반가맹점,일반대중음식,강원특별자치도,춘천시,4181000,강원특별자치도 춘천시 성심로 4 1층 남쪽방향 첫째 점포(교동),,강원특별자치도 춘천시청,033-250-4043,2025-07-14
피콜로,일반가맹점,양식,강원특별자치도,춘천시,4181000,"강원특별자치도 춘천시 스무숲2길 6 ,1층",,강원특별자치도 춘천시청,033-250-4043,2025-07-14
피플스클럽,일반가맹점,한식,강원특별자치도,춘천시,4181000,강원특별자치도 춘천시 우석로67번길 12 1층,033-255-1007,강원특별자치도 춘천시청,033-250-4043,2025-07-14
필라델피아화로숯불갈비,일반가맹점,한식,강원특별자치도,춘천시,4181000,강원특별자치도 춘천시 영서로2753번길 12 2층,033-243-3920,강원특별자치도 춘천시청,033-250-4043,2025-07-14
필라프에 빠지다 교대점,일반가맹점,일반대중음식,강원특별자치도,춘천시,4181000,강원특별자치도 춘천시 공지로 108 102호,033-262-7911,강원특별자치도 춘천시청,033-250-4043,2025-07-14
필라프에빠지다 춘천한림대점,일반가맹점,양식,강원특별자치도,춘천시,4181000,강원특별자치도 춘천시 삭주로 100 1층 103호,02-1544-4223,강원특별자치도 춘천시청,033-250-4043,2025-07-14
필젠,일반가맹점,한식,강원특별자치도,춘천시,4181000,강원특별자치도 춘천시 동내면 외솔길 49 .,033-261-4981,강원특별자치도 춘천시청,033-250-4043,2025-07-14
핑크샌드(Pink sand),일반가맹점,일반대중음식,강원특별자치도,춘천시,4181000,"강원특별자치도 춘천시 지석로 80 1층 138호(퇴계동, 춘천시너스카펠라복합빌딩)",,강원특별자치도 춘천시청,033-250-4043,2025-07-14
하나로마트롯데리아춘천점,일반가맹점,패스트푸드,강원특별자치도,춘천시,4181000,강원특별자치도 춘천시 지석로 11 1층 101호,033-255-5258,강원특별자치도 춘천시청,033-250-4043,2025-07-14
하나로마트사업소(남산농업협동조합),주부식가맹점,농협(마트),강원특별자치도,춘천시,4181000,강원특별자치도춘천시 남산면 한치로 119 하나로마트사업소 남산농업협동조합,033-261-1941,강원특별자치도 춘천시청,033-250-4043,2025-07-14
하나로반점,일반가맹점,중식,강원특별자치도,춘천시,4181000,강원특별자치도춘천시 퇴계동 77-2번지 퇴계타운 2층 17,033-261-1122,강원특별자치도 춘천시청,033-250-4043,2025-07-14
하나축산 정육식당,일반가맹점,한식,강원특별자치도,춘천시,4181000,"강원특별자치도춘천시 우묵길56번길 12, 1층 (퇴계동)",033-257-4534,강원특별자치도 춘천시청,033-250-4043,2025-07-14
하남각,일반가맹점,중식,강원특별자치도,춘천시,4181000,강원특별자치도춘천시 춘주로91번길 10 (온의동),033-256-1674,강원특별자치도 춘천시청,033-250-4043,2025-07-14
하남돼지집 춘천퇴계점,일반가맹점,한식,강원특별자치도,춘천시,4181000,"강원특별자치도 춘천시 김유정로 1893 , 1층(퇴계동)",033-263-7979,강원특별자치도 춘천시청,033-250-4043,2025-07-14
하노이별 (퇴계점),일반가맹점,일반대중음식,강원특별자치도,춘천시,4181000,강원특별자치도 춘천시 퇴계농공로 12 1동 107호,033-264-8303,강원특별자치도 춘천시청,033-250-4043,2025-07-14
하노이포베트남쌀국수,일반가맹점,일반대중음식,강원특별자치도,춘천시,4181000,강원특별자치도 춘천시 백령로 19 1층,033-251-7877,강원특별자치도 춘천시청,033-250-4043,2025-07-14
하누마루,일반가맹점,한식,강원특별자치도,춘천시,4181000,강원특별자치도 춘천시 동내면 영서로 1771 1층,033-262-8892,강원특별자치도 춘천시청,033-250-4043,2025-07-14
하누마루영농조합법인,일반가맹점,한식,강원특별자치도,춘천시,4181000,강원특별자치도춘천시 동산면 조양길 192,033-262-6685,강원특별자치도 춘천시청,033-250-4043,2025-07-14
하루나무,일반가맹점,한식,강원특별자치도,춘천시,4181000,강원특별자치도 춘천시 동면 가산로 53 1층,033-241-4020,강원특별자치도 춘천시청,033-250-4043,2025-07-14
하루에베이커리,일반가맹점,제과점,강원특별자치도,춘천시,4181000,강원특별자치도 춘천시 퇴계로 129-11 102호,,강원특별자치도 춘천시청,033-250-4043,2025-07-14
하루일식,일반가맹점,일식,강원특별자치도,춘천시,4181000,강원특별자치도 춘천시 후석로45번길 12-1 5층,033-261-3131,강원특별자치도 춘천시청,033-250-4043,2025-07-14
하림각,일반가맹점,중식,강원특별자치도,춘천시,4181000,강원특별자치도춘천시 신북읍 신북로 34,033-241-3055,강원특별자치도 춘천시청,033-250-4043,2025-07-14
하림원,일반가맹점,중식,강원특별자치도,춘천시,4181000,강원특별자치도 춘천시 동면 후석로326번길 95 1층,033-242-9980,강원특별자치도 춘천시청,033-250-4043,2025-07-14
하림원,일반가맹점,중식,강원특별자치도,춘천시,4181000,강원특별자치도춘천시 동면 후석로326번길 95,033-242-9980,강원특별자치도 춘천시청,033-250-4043,2025-07-14
하림치킨,일반가맹점,한식,강원특별자치도,춘천시,4181000,강원특별자치도춘천시 서면 도둔리 1379,041-952-0713,강원특별자치도 춘천시청,033-250-4043,2025-07-14
하림통닭,일반가맹점,일반대중음식,강원특별자치도,춘천시,4181000,강원특별자치도춘천시 벌말길 53 (석사동),033-241-3339,강원특별자치도 춘천시청,033-250-4043,2025-07-14
하마기사식당,일반가맹점,한식,강원특별자치도,춘천시,4181000,강원특별자치도 춘천시 동내면 영서로 1767 .,033-261-2247,강원특별자치도 춘천시청,033-250-4043,2025-07-14
하마집,일반가맹점,한식,강원특별자치도,춘천시,4181000,강원특별자치도 춘천시 후석로369번길 2 1층 좌측호,033-257-4233,강원특별자치도 춘천시청,033-250-4043,2025-07-14
하스피럴버거,일반가맹점,패스트푸드,강원특별자치도,춘천시,4181000,강원특별자치도 춘천시 서부대성로44번길 20-2 1층,,강원특별자치도 춘천시청,033-250-4043,2025-07-14
하에르화랑,일반가맹점,일반대중음식,강원특별자치도,춘천시,4181000,강원특별자치도 춘천시 동내면 거두택지길4번길 11-15 1층 하에르화랑,,강원특별자치도 춘천시청,033-250-4043,2025-07-14
하오하오,일반가맹점,중식,강원특별자치도,춘천시,4181000,강원특별자치도춘천시 스무숲1길 8-4 (석사동),033-263-3700,강원특별자치도 춘천시청,033-250-4043,2025-07-14
하와이조개 춘천점,일반가맹점,한식,강원특별자치도,춘천시,4181000,강원특별자치도 춘천시 보안길 19 상가동 1층,033-244-4282,강원특별자치도 춘천시청,033-250-4043,2025-07-14
하이덕,일반가맹점,일반대중음식,강원특별자치도,춘천시,4181000,"강원특별자치도 춘천시 영서로 2352-38 ,11동72호(온의동,풍물시장)",,강원특별자치도 춘천시청,033-250-4043,2025-07-14
하정식당,일반가맹점,한식,강원특별자치도,춘천시,4181000,강원특별자치도 춘천시 소양로120번길 18-1 (소양로3가),033-244-7889,강원특별자치도 춘천시청,033-250-4043,2025-07-14
하주골,일반가맹점,한식,강원특별자치도,춘천시,4181000,강원특별자치도춘천시 동면 만천로 163,033-256-7963,강원특별자치도 춘천시청,033-250-4043,2025-07-14
하하꼼장어앤최가족발치피떡,일반가맹점,한식,강원특별자치도,춘천시,4181000,"강원특별자치도춘천시 승지골길13번길 7-4, 1층 (퇴계동)",033-252-9745,강원특별자치도 춘천시청,033-250-4043,2025-07-14
학곡다슬기장칼국수,일반가맹점,한식,강원특별자치도,춘천시,4181000,강원특별자치도 춘천시 우묵길70번길 26 1층,033-263-1038,강원특별자치도 춘천시청,033-250-4043,2025-07-14
학곡리막국수닭갈비,일반가맹점,한식,강원특별자치도,춘천시,4181000,강원특별자치도춘천시 공지로 29 (석사동),033-261-9478,강원특별자치도 춘천시청,033-250-4043,2025-07-14
학곡리순대,일반가맹점,한식,강원특별자치도,춘천시,4181000,강원특별자치도 춘천시 동내면 영서로 1789 1층,,강원특별자치도 춘천시청,033-250-4043,2025-07-14
학곡리옛날통닭,일반가맹점,한식,강원특별자치도,춘천시,4181000,강원특별자치도 춘천시 동내면 영서로 1776 1층,033-264-6985,강원특별자치도 춘천시청,033-250-4043,2025-07-14
학곡사거리막국수닭갈비,일반가맹점,한식,강원특별자치도,춘천시,4181000,강원특별자치도춘천시 동내면 영서로 1801,033-261-7477,강원특별자치도 춘천시청,033-250-4043,2025-07-14
한가족숯불닭갈비,일반가맹점,한식,강원특별자치도,춘천시,4181000,강원특별자치도춘천시 신동면 실레길 10,033-263-8300,강원특별자치도 춘천시청,033-250-4043,2025-07-14
한결축산,일반가맹점,정육점,강원특별자치도,춘천시,4181000,강원특별자치도 춘천시 춘천로17번길 21 104호 춘천강남하이엔드,033-257-8384,강원특별자치도 춘천시청,033-250-4043,2025-07-14
한국맥도날드 (유) 춘천퇴계DT점,일반가맹점,패스트푸드,강원특별자치도,춘천시,4181000,강원특별자치도 춘천시 영서로 2173 퇴계동,070-7209-1062,강원특별자치도 춘천시청,033-250-4043,2025-07-14
한국맥도날드 (유)춘천퇴계DT점,일반가맹점,패스트푸드,강원특별자치도,춘천시,4181000,강원특별자치도 춘천시 영서로 2173 퇴계동,02-1600-5252,강원특별자치도 춘천시청,033-250-4043,2025-07-14
한국맥도날드 (유)춘천후평DT점,일반가맹점,패스트푸드,강원특별자치도,춘천시,4181000,강원특별자치도 춘천시 후석로 334 후평동,,강원특별자치도 춘천시청,033-250-4043,2025-07-14
한국맥도날드(유) 춘천퇴계DT점,일반가맹점,패스트푸드,강원특별자치도,춘천시,4181000,강원특별자치도 춘천시 영서로 2173 퇴계동,033-910-5000,강원특별자치도 춘천시청,033-250-4043,2025-07-14
한국맥도날드(유) 춘천후평DT점,일반가맹점,패스트푸드,강원특별자치도,춘천시,4181000,강원특별자치도 춘천시 후석로 334 후평동,070-7209-0662,강원특별자치도 춘천시청,033-250-4043,2025-07-14
한국맥도날드(유) 춘천후평DT점,일반가맹점,패스트푸드,강원특별자치도,춘천시,4181000,강원특별자치도춘천시 후석로 334 (후평동),070-7209-0662,강원특별자치도 춘천시청,033-250-4043,2025-07-14
한국맥도날드(유) 춘천후평DT점,일반가맹점,패스트푸드,강원특별자치도,춘천시,4181000,강원특별자치도 춘천시 후석로 334 후평동,033-911-9000,강원특별자치도 춘천시청,033-250-4043,2025-07-14
한국맥도날드(유)춘천퇴계DT점,일반가맹점,패스트푸드,강원특별자치도,춘천시,4181000,강원특별자치도춘천시 영서로 2173 (퇴계동),070-7209-1062,강원특별자치도 춘천시청,033-250-4043,2025-07-14
한국폴리텍대학춘천캠퍼스,일반가맹점,일반대중음식,강원특별자치도,춘천시,4181000,강원특별자치도 춘천시 동산면 영서로 1290-31 영서로 1290-31,,강원특별자치도 춘천시청,033-250-4043,2025-07-14
한국폴리텍대학춘천캠퍼스,일반가맹점,한식,강원특별자치도,춘천시,4181000,강원특별자치도 춘천시 동산면 영서로 1290-31 한국폴리텍대학춘천캠퍼스,033-260-7635,강원특별자치도 춘천시청,033-250-4043,2025-07-14
한끼의미학,일반가맹점,한식,강원특별자치도,춘천시,4181000,강원특별자치도 춘천시 공지로 254 1층,,강원특별자치도 춘천시청,033-250-4043,2025-07-14
한남순대,일반가맹점,한식,강원특별자치도,춘천시,4181000,강원특별자치도춘천시 춘천로 285 (후평동),033-243-9788,강원특별자치도 춘천시청,033-250-4043,2025-07-14
한들가든,일반가맹점,한식,강원특별자치도,춘천시,4181000,강원특별자치도춘천시 신동면 김유정로 1263-13,033-261-6167,강원특별자치도 춘천시청,033-250-4043,2025-07-14
한뚝수육국밥,일반가맹점,한식,강원특별자치도,춘천시,4181000,강원특별자치도 춘천시 퇴계로 80 1층,033-255-9882,강원특별자치도 춘천시청,033-250-4043,2025-07-14
한라풍천 장어,일반가맹점,일반대중음식,강원특별자치도,춘천시,4181000,강원특별자치도 춘천시 영서로 2883 .,033-242-9344,강원특별자치도 춘천시청,033-250-4043,2025-07-14
한림대학교학생식당,일반가맹점,한식,강원특별자치도,춘천시,4181000,강원특별자치도춘천시 옥천동 1번지,033-248-1129,강원특별자치도 춘천시청,033-250-4043,2025-07-14
한림밥상,일반가맹점,한식,강원특별자치도,춘천시,4181000,강원특별자치도춘천시 동면 만천양지길 149,033-251-5534,강원특별자치도 춘천시청,033-250-4043,2025-07-14
한림성,일반가맹점,중식,강원특별자치도,춘천시,4181000,강원특별자치도 춘천시 교동길 58 (교동),033-256-0054,강원특별자치도 춘천시청,033-250-4043,2025-07-14
한림식당,일반가맹점,한식,강원특별자치도,춘천시,4181000,강원특별자치도춘천시 삭주로94번길 13-3 (후평동),033-257-1176,강원특별자치도 춘천시청,033-250-4043,2025-07-14
한방장수왕족발,일반가맹점,일반대중음식,강원특별자치도,춘천시,4181000,강원특별자치도 춘천시 충열로16번길 27-1 1층,033-254-6619,강원특별자치도 춘천시청,033-250-4043,2025-07-14
한방전주콩나물국밥효자점,일반가맹점,한식,강원특별자치도,춘천시,4181000,강원특별자치도 춘천시 공지로 216 1층,,강원특별자치도 춘천시청,033-250-4043,2025-07-14
한별관,일반가맹점,한식,강원특별자치도,춘천시,4181000,강원특별자치도 춘천시 우묵길78번길 26 1층,,강원특별자치도 춘천시청,033-250-4043,2025-07-14
한삼실업(양평해장국 전주생태탕),일반가맹점,한식,강원특별자치도,춘천시,4181000,강원특별자치도 춘천시 동산면 종자리로 183 동산면,,강원특별자치도 춘천시청,033-250-4043,2025-07-14
한상가득,일반가맹점,한식,강원특별자치도,춘천시,4181000,강원특별자치도 춘천시 동내면 거두택지길26번길 18 1층,033-262-5485,강원특별자치도 춘천시청,033-250-4043,2025-07-14
한상차림,일반가맹점,한식,강원특별자치도,춘천시,4181000,강원특별자치도춘천시 남산면 한치로 91-1 창촌식당,033-262-1815,강원특별자치도 춘천시청,033-250-4043,2025-07-14
한송반찬,일반가맹점,한식,강원특별자치도,춘천시,4181000,"강원특별자치도춘천시 영서로 2352-20, 춘천풍물시장 8동 38호 (온의동)",033-253-9731,강원특별자치도 춘천시청,033-250-4043,2025-07-14
한솥도시락,일반가맹점,일반대중음식,강원특별자치도,춘천시,4181000,강원특별자치도춘천시 서부대성로 251 (효자동),033-251-4661,강원특별자치도 춘천시청,033-250-4043,2025-07-14
한솥도시락 춘천한림성심대점,일반가맹점,한식,강원특별자치도,춘천시,4181000,"강원특별자치도춘천시 동면 장학길 29, 2층",033-257-6233,강원특별자치도 춘천시청,033-250-4043,2025-07-14
한솥도시락한림대앞점,일반가맹점,한식,강원특별자치도,춘천시,4181000,강원특별자치도춘천시 성심로 11 (교동),033-242-4333,강원특별자치도 춘천시청,033-250-4043,2025-07-14
한스앤수작카츠 춘천명동점,일반가맹점,양식,강원특별자치도,춘천시,4181000,강원특별자치도 춘천시 중앙로67번길 9 2층,033-911-7473,강원특별자치도 춘천시청,033-250-4043,2025-07-14
한식명가,일반가맹점,한식,강원특별자치도,춘천시,4181000,강원특별자치도 춘천시 효석로9번길 16 1층 가운데호,033-262-1305,강원특별자치도 춘천시청,033-250-4043,2025-07-14
한식뷔폐,일반가맹점,한식,강원특별자치도,춘천시,4181000,강원특별자치도 춘천시 약사고개길 13 제일종합시장 지하3층 3BL1,033-252-5268,강원특별자치도 춘천시청,033-250-4043,2025-07-14
한식식당,일반가맹점,한식,강원특별자치도,춘천시,4181000,"강원특별자치도 춘천시 중앙로 136 ,6층(소양로4가)",,강원특별자치도 춘천시청,033-250-4043,2025-07-14
한식식당,일반가맹점,한식,강원특별자치도,춘천시,4181000,"강원특별자치도춘천시 부평길 5, 2호 (후평동)",033-241-4494,강원특별자치도 춘천시청,033-250-4043,2025-07-14
한신각,일반가맹점,중식,강원특별자치도,춘천시,4181000,강원특별자치도 춘천시 후석로250번길 19 (후평동),033-242-6708,강원특별자치도 춘천시청,033-250-4043,2025-07-14
한신마트,주부식가맹점,할인점/슈퍼마켓,강원특별자치도,춘천시,4181000,강원특별자치도춘천시 서부대성로 38 (요선동),033-256-0895,강원특별자치도 춘천시청,033-250-4043,2025-07-14
한신흑염소,일반가맹점,한식,강원특별자치도,춘천시,4181000,강원특별자치도춘천시 부평길 5 (후평동),033-243-8882,강원특별자치도 춘천시청,033-250-4043,2025-07-14
한씨네집,일반가맹점,한식,강원특별자치도,춘천시,4181000,강원특별자치도춘천시 남산면 강촌문배길 534,033-261-3766,강원특별자치도 춘천시청,033-250-4043,2025-07-14
한아름마트,주부식가맹점,식품잡화,강원특별자치도,춘천시,4181000,강원특별자치도춘천시 후석로45번길 24 (석사동),033-262-8862,강원특별자치도 춘천시청,033-250-4043,2025-07-14
한아름밥상,일반가맹점,한식,강원특별자치도,춘천시,4181000,강원특별자치도춘천시 남춘로51번길 9-1 (효자동),033-254-7189,강원특별자치도 춘천시청,033-250-4043,2025-07-14
한양고깃집 춘천후평점,일반가맹점,한식,강원특별자치도,춘천시,4181000,강원특별자치도 춘천시 후석로326번길 5 1층,033-257-1119,강원특별자치도 춘천시청,033-250-4043,2025-07-14
한양고깃집춘천한숲시티점,일반가맹점,일반대중음식,강원특별자치도,춘천시,4181000,"강원특별자치도 춘천시 안마산로 107-1 ,1층101~103호(퇴계동)",033-257-6646,강원특별자치도 춘천시청,033-250-4043,2025-07-14
한양시래기명태조림춘천점,일반가맹점,한식,강원특별자치도,춘천시,4181000,강원특별자치도 춘천시 영서로 2195 2층,033-256-8886,강원특별자치도 춘천시청,033-250-4043,2025-07-14
한양왕족발보쌈,일반가맹점,한식,강원특별자치도,춘천시,4181000,강원특별자치도춘천시 새롬공원길5번길 31 (석사동),033-254-3247,강원특별자치도 춘천시청,033-250-4043,2025-07-14
한양화로춘천삼천점,일반가맹점,일반대중음식,강원특별자치도,춘천시,4181000,"강원특별자치도 춘천시 스포츠타운길 432 1층106,107호",033-255-8592,강원특별자치도 춘천시청,033-250-4043,2025-07-14
한어울,일반가맹점,한식,강원특별자치도,춘천시,4181000,강원특별자치도춘천시 옥천길 35 (옥천동),033-254-2421,강원특별자치도 춘천시청,033-250-4043,2025-07-14
한옥갈비,일반가맹점,한식,강원특별자치도,춘천시,4181000,강원특별자치도춘천시 약사고개길 17-1 (죽림동),033-255-8862,강원특별자치도 춘천시청,033-250-4043,2025-07-14
한우가,일반가맹점,한식,강원특별자치도,춘천시,4181000,강원특별자치도춘천시 스무숲길 34 (석사동),033-261-2621,강원특별자치도 춘천시청,033-250-4043,2025-07-14
한우마을,일반가맹점,한식,강원특별자치도,춘천시,4181000,강원특별자치도춘천시 동면 만천로 173,033-256-3466,강원특별자치도 춘천시청,033-250-4043,2025-07-14
한우우리곰탕집,일반가맹점,한식,강원특별자치도,춘천시,4181000,"강원특별자치도춘천시 공단로 44, 1층 (후평동)",033-252-2490,강원특별자치도 춘천시청,033-250-4043,2025-07-14
한우참맛갈비,일반가맹점,한식,강원특별자치도,춘천시,4181000,강원특별자치도춘천시 만천로239번길 3 (후평동),033-251-2888,강원특별자치도 춘천시청,033-250-4043,2025-07-14
한입당,일반가맹점,일반대중음식,강원특별자치도,춘천시,4181000,강원특별자치도 춘천시 가연길16번길 7 1층,,강원특별자치도 춘천시청,033-250-4043,2025-07-14
한장금요리교실,일반가맹점,한식,강원특별자치도,춘천시,4181000,강원특별자치도 춘천시 송암길 12-5 1층,,강원특별자치도 춘천시청,033-250-4043,2025-07-14
한전앞집,일반가맹점,한식,강원특별자치도,춘천시,4181000,강원특별자치도 춘천시 수풍골길 5 1층,,강원특별자치도 춘천시청,033-250-4043,2025-07-14
한점,일반가맹점,한식,강원특별자치도,춘천시,4181000,강원특별자치도춘천시 우묵길70번길 9 (퇴계동),033-252-2301,강원특별자치도 춘천시청,033-250-4043,2025-07-14
한지붕갈비,일반가맹점,한식,강원특별자치도,춘천시,4181000,강원특별자치도 춘천시 벌말길 74-1 .,033-263-9205,강원특별자치도 춘천시청,033-250-4043,2025-07-14
할매삼계탕,일반가맹점,한식,강원특별자치도,춘천시,4181000,강원특별자치도춘천시 퇴계동 815-2번지,033-242-9650,강원특별자치도 춘천시청,033-250-4043,2025-07-14
할머니순대국,일반가맹점,한식,강원특별자치도,춘천시,4181000,강원특별자치도춘천시 후평1동 846-1번지 현대연립상가 205,033-255-4811,강원특별자치도 춘천시청,033-250-4043,2025-07-14
할머니집,일반가맹점,한식,강원특별자치도,춘천시,4181000,강원특별자치도 춘천시 명동길29번길 11 죽림동,,강원특별자치도 춘천시청,033-250-4043,2025-07-14
함바식당,일반가맹점,한식,강원특별자치도,춘천시,4181000,강원특별자치도 춘천시 소양로 148 1층,033-257-7122,강원특별자치도 춘천시청,033-250-4043,2025-07-14
함바집,일반가맹점,한식,강원특별자치도,춘천시,4181000,"강원특별자치도춘천시 퇴계농공로 12, 107호 (석사동, 로얄프라자)",033-264-8881,강원특별자치도 춘천시청,033-250-4043,2025-07-14
함부자집,일반가맹점,한식,강원특별자치도,춘천시,4181000,강원특별자치도 춘천시 춘주로92번길 13 .,033-252-2234,강원특별자치도 춘천시청,033-250-4043,2025-07-14
함지,일반가맹점,한식,강원특별자치도,춘천시,4181000,강원특별자치도 춘천시 동부시장길 8 4호,033-5555-5555,강원특별자치도 춘천시청,033-250-4043,2025-07-14
함지레스토랑,일반가맹점,양식,강원특별자치도,춘천시,4181000,강원특별자치도춘천시 중앙로3가 60번지,033-254-5221,강원특별자치도 춘천시청,033-250-4043,2025-07-14
함지박,일반가맹점,한식,강원특별자치도,춘천시,4181000,강원특별자치도춘천시 만천로199번길 30 (후평동),033-241-1195,강원특별자치도 춘천시청,033-250-4043,2025-07-14
함지박2호점,일반가맹점,한식,강원특별자치도,춘천시,4181000,강원특별자치도 춘천시 효제길 11 1층,033-242-5777,강원특별자치도 춘천시청,033-250-4043,2025-07-14
함채,일반가맹점,한식,강원특별자치도,춘천시,4181000,"강원특별자치도 춘천시 지석로 74-11 A1, B12호(퇴계동)",033-262-6050,강원특별자치도 춘천시청,033-250-4043,2025-07-14
함평한우,일반가맹점,한식,강원특별자치도,춘천시,4181000,강원특별자치도 춘천시 스포츠타운길 431 1층(삼천동),,강원특별자치도 춘천시청,033-250-4043,2025-07-14
함흥냉면옥,일반가맹점,한식,강원특별자치도,춘천시,4181000,강원특별자치도 춘천시 시청길 16-1 (조양동),033-254-4994,강원특별자치도 춘천시청,033-250-4043,2025-07-14
함흥냉면옥퇴계점,일반가맹점,한식,강원특별자치도,춘천시,4181000,강원특별자치도 춘천시 효자로24번길 8 1층,033-252-4994,강원특별자치도 춘천시청,033-250-4043,2025-07-14
함흥집,일반가맹점,한식,강원특별자치도,춘천시,4181000,"강원특별자치도춘천시 스포츠타운길 529-7, 1층 (온의동)",033-242-5947,강원특별자치도 춘천시청,033-250-4043,2025-07-14
항아리,일반가맹점,한식,강원특별자치도,춘천시,4181000,강원특별자치도 춘천시 후석로 268 1층,033-252-1443,강원특별자치도 춘천시청,033-250-4043,2025-07-14
항아리,일반가맹점,한식,강원특별자치도,춘천시,4181000,강원특별자치도 춘천시 서면 신매길 3 1층,033-255-5545,강원특별자치도 춘천시청,033-250-4043,2025-07-14
항아리닭갈비막국수,일반가맹점,한식,강원특별자치도,춘천시,4181000,강원특별자치도춘천시 신북읍 32-4,033-242-1411,강원특별자치도 춘천시청,033-250-4043,2025-07-14
항아리집설렁탕,일반가맹점,한식,강원특별자치도,춘천시,4181000,강원특별자치도춘천시 충열로 78-2 (우두동),033-252-7921,강원특별자치도 춘천시청,033-250-4043,2025-07-14
해가빛,일반가맹점,한식,강원특별자치도,춘천시,4181000,강원특별자치도 춘천시 동면 하일길 186-5 .,033-252-7434,강원특별자치도 춘천시청,033-250-4043,2025-07-14
해강DC마트,주부식가맹점,할인점/슈퍼마켓,강원특별자치도,춘천시,4181000,강원특별자치도춘천시 신북읍 천전리 1351번지,033-241-2060,강원특별자치도 춘천시청,033-250-4043,2025-07-14
해남댁나루터거두점,일반가맹점,한식,강원특별자치도,춘천시,4181000,"강원특별자치도춘천시 동내면 춘천순환로 134, 4층",033-264-6622,강원특별자치도 춘천시청,033-250-4043,2025-07-14
해닭칼국수,일반가맹점,한식,강원특별자치도,춘천시,4181000,강원특별자치도 춘천시 동내면 거두택지길26번길 32-1 1층 해닭칼국수,033-263-8988,강원특별자치도 춘천시청,033-250-4043,2025-07-14
해돋이,일반가맹점,한식,강원특별자치도,춘천시,4181000,"강원특별자치도춘천시 후만로 119, 금호빌리지상가 102호 (후평동)",033-253-7218,강원특별자치도 춘천시청,033-250-4043,2025-07-14
해두리치킨후평점,일반가맹점,일반대중음식,강원특별자치도,춘천시,4181000,강원특별자치도춘천시 보안길 60 (후평동),033-253-9482,강원특별자치도 춘천시청,033-250-4043,2025-07-14
해마,일반가맹점,한식,강원특별자치도,춘천시,4181000,강원특별자치도춘천시 보안길 19 (후평동),033-255-1625,강원특별자치도 춘천시청,033-250-4043,2025-07-14
해마루스무숲점,일반가맹점,일반대중음식,강원특별자치도,춘천시,4181000,강원특별자치도 춘천시 스무숲길 38 1층,033-264-6278,강원특별자치도 춘천시청,033-250-4043,2025-07-14
해몽,일반가맹점,한식,강원특별자치도,춘천시,4181000,"강원특별자치도춘천시 승지골길 11, 1층 (퇴계동)",033-261-5592,강원특별자치도 춘천시청,033-250-4043,2025-07-14
해물도,일반가맹점,한식,강원특별자치도,춘천시,4181000,강원특별자치도 춘천시 스무숲3길 26 1층,,강원특별자치도 춘천시청,033-250-4043,2025-07-14
해물마루,일반가맹점,한식,강원특별자치도,춘천시,4181000,강원특별자치도춘천시 충혼길 9 (퇴계동),033-252-7878,강원특별자치도 춘천시청,033-250-4043,2025-07-14
해물화짬뽕,일반가맹점,중식,강원특별자치도,춘천시,4181000,강원특별자치도 춘천시 춘천로 287 1층(후평동),033-242-6513,강원특별자치도 춘천시청,033-250-4043,2025-07-14
해미 연풍우가,일반가맹점,일식,강원특별자치도,춘천시,4181000,"강원특별자치도춘천시 퇴계농공로 14, 2층 (석사동)",033-262-0606,강원특별자치도 춘천시청,033-250-4043,2025-07-14
해미담,일반가맹점,한식,강원특별자치도,춘천시,4181000,강원특별자치도춘천시 효자로24번길 12 (퇴계동),033-241-7376,강원특별자치도 춘천시청,033-250-4043,2025-07-14
해밀,일반가맹점,한식,강원특별자치도,춘천시,4181000,강원특별자치도 춘천시 성심로47번길 62 1층,033-256-4863,강원특별자치도 춘천시청,033-250-4043,2025-07-14
해븐,일반가맹점,양식,강원특별자치도,춘천시,4181000,강원특별자치도 춘천시 성심로 100 1층,033-243-4100,강원특별자치도 춘천시청,033-250-4043,2025-07-14
해븐,일반가맹점,양식,강원특별자치도,춘천시,4181000,강원특별자치도 춘천시 퇴계로93번길 4-3 1층,033-263-1893,강원특별자치도 춘천시청,033-250-4043,2025-07-14
해산해물찜,일반가맹점,한식,강원특별자치도,춘천시,4181000,강원특별자치도춘천시 후석로 433 (후평동),033-244-8252,강원특별자치도 춘천시청,033-250-4043,2025-07-14
해성장어구이,일반가맹점,일반대중음식,강원특별자치도,춘천시,4181000,강원특별자치도 춘천시 남산면 강촌구곡길 218 1층,070-1429-0396,강원특별자치도 춘천시청,033-250-4043,2025-07-14
해송,일반가맹점,한식,강원특별자치도,춘천시,4181000,강원특별자치도춘천시 퇴계로 207-1 (석사동),033-263-5980,강원특별자치도 춘천시청,033-250-4043,2025-07-14
해신탕능이마을,일반가맹점,한식,강원특별자치도,춘천시,4181000,강원특별자치도 춘천시 영서로 2508 1층,033-262-4544,강원특별자치도 춘천시청,033-250-4043,2025-07-14
해안막국수,일반가맹점,한식,강원특별자치도,춘천시,4181000,강원특별자치도춘천시 백령로147번길 10 (효자동),033-256-0427,강원특별자치도 춘천시청,033-250-4043,2025-07-14
해안막국수,일반가맹점,한식,강원특별자치도,춘천시,4181000,강원특별자치도 춘천시 백령로147번길 10 1츠,033-253-0427,강원특별자치도 춘천시청,033-250-4043,2025-07-14
해오름,일반가맹점,일반대중음식,강원특별자치도,춘천시,4181000,강원특별자치도 춘천시 춘천로 290 1층,033-252-3244,강원특별자치도 춘천시청,033-250-4043,2025-07-14
해온닭갈비,일반가맹점,한식,강원특별자치도,춘천시,4181000,강원특별자치도 춘천시 영서로2279번길 24 1층,033-251-7127,강원특별자치도 춘천시청,033-250-4043,2025-07-14
해피버터데이(Happy butter day),일반가맹점,제과점,강원특별자치도,춘천시,4181000,강원특별자치도 춘천시 우석로85번길 7 1층,,강원특별자치도 춘천시청,033-250-4043,2025-07-14
핵밥 춘천강원대점,일반가맹점,한식,강원특별자치도,춘천시,4181000,강원특별자치도 춘천시 백령로 113 1층,033-243-9990,강원특별자치도 춘천시청,033-250-4043,2025-07-14
핵밥 춘천시청점,일반가맹점,한식,강원특별자치도,춘천시,4181000,강원특별자치도 춘천시 중앙로 32 106호,,강원특별자치도 춘천시청,033-250-4043,2025-07-14
핵밥 춘천장학점,일반가맹점,한식,강원특별자치도,춘천시,4181000,강원특별자치도 춘천시 동면 춘천로449번길 16-2 101호,033-255-4490,강원특별자치도 춘천시청,033-250-4043,2025-07-14
핵밥춘천명동점,일반가맹점,한식,강원특별자치도,춘천시,4181000,강원특별자치도 춘천시 중앙로67번길 18 6동 6101호,033-818-0818,강원특별자치도 춘천시청,033-250-4043,2025-07-14
핸디우디,일반가맹점,일반대중음식,강원특별자치도,춘천시,4181000,강원특별자치도 춘천시 동면 춘천순환로 340-20 1층,033-257-0212,강원특별자치도 춘천시청,033-250-4043,2025-07-14
햇고을,일반가맹점,한식,강원특별자치도,춘천시,4181000,강원특별자치도춘천시 남산면 햇골길 30,033-263-9282,강원특별자치도 춘천시청,033-250-4043,2025-07-14
행복반점,일반가맹점,중식,강원특별자치도,춘천시,4181000,강원특별자치도 춘천시 백령로 63 1층,033-252-9267,강원특별자치도 춘천시청,033-250-4043,2025-07-14
행복식당,일반가맹점,한식,강원특별자치도,춘천시,4181000,강원특별자치도 춘천시 효제길 33 1층,,강원특별자치도 춘천시청,033-250-4043,2025-07-14
행복식당,일반가맹점,한식,강원특별자치도,춘천시,4181000,강원특별자치도 춘천시 춘천로17번길 21 1층 101호,033-254-0117,강원특별자치도 춘천시청,033-250-4043,2025-07-14
"행복이벤트,행복한도시락",일반가맹점,한식,강원특별자치도,춘천시,4181000,강원특별자치도춘천시 송암동 124-1번지 스포츠타운길 실내탱크장 2층 송암카페테리아 행복이벤트,033-257-1282,강원특별자치도 춘천시청,033-250-4043,2025-07-14
행복한 밥상,일반가맹점,한식,강원특별자치도,춘천시,4181000,강원특별자치도춘천시 중앙로 59 (중앙로2가),033-252-9245,강원특별자치도 춘천시청,033-250-4043,2025-07-14
행복한두부,일반가맹점,한식,강원특별자치도,춘천시,4181000,강원특별자치도춘천시 둥지길 4 (효자동),033-255-7710,강원특별자치도 춘천시청,033-250-4043,2025-07-14
행복한마라탕,일반가맹점,한식,강원특별자치도,춘천시,4181000,강원특별자치도 춘천시 공지로 108 1층,,강원특별자치도 춘천시청,033-250-4043,2025-07-14
행복한왕족발보쌈,일반가맹점,한식,강원특별자치도,춘천시,4181000,강원특별자치도 춘천시 충열로16번길 31-1 1층,033-256-9693,강원특별자치도 춘천시청,033-250-4043,2025-07-14
행복한찜닭춘천점,일반가맹점,일반대중음식,강원특별자치도,춘천시,4181000,강원특별자치도 춘천시 남춘로5번길 28-2 1층(퇴계동),033-243-2333,강원특별자치도 춘천시청,033-250-4043,2025-07-14
행운각,일반가맹점,중식,강원특별자치도,춘천시,4181000,강원특별자치도춘천시 춘주로193번길 8-1 (퇴계동),033-243-9255,강원특별자치도 춘천시청,033-250-4043,2025-07-14
향리원 마라탕,일반가맹점,중식,강원특별자치도,춘천시,4181000,강원특별자치도 춘천시 성심로 8 (교동),,강원특별자치도 춘천시청,033-250-4043,2025-07-14
향리원마라탕춘천우두점,일반가맹점,중식,강원특별자치도,춘천시,4181000,강원특별자치도 춘천시 우두1길 101 2층 206호(우두동),033-251-9486,강원특별자치도 춘천시청,033-250-4043,2025-07-14
향어막회,일반가맹점,한식,강원특별자치도,춘천시,4181000,"강원특별자치도춘천시 동내면 춘천순환로72번길 33-4, 1층 향어막회",033-262-2023,강원특별자치도 춘천시청,033-250-4043,2025-07-14
향원,일반가맹점,중식,강원특별자치도,춘천시,4181000,강원특별자치도춘천시 춘천로68번길 16-1 (효자동),033-243-0142,강원특별자치도 춘천시청,033-250-4043,2025-07-14
향원식당,일반가맹점,한식,강원특별자치도,춘천시,4181000,강원특별자치도 춘천시 효석로9번길 9 1층,033-264-3443,강원특별자치도 춘천시청,033-250-4043,2025-07-14
향원외갓집손두부,일반가맹점,한식,강원특별자치도,춘천시,4181000,강원특별자치도춘천시 동면 세실로317번길 3,033-253-5583,강원특별자치도 춘천시청,033-250-4043,2025-07-14
향촌 식당,일반가맹점,한식,강원특별자치도,춘천시,4181000,강원특별자치도춘천시 우두동 1065-4,033-252-9565,강원특별자치도 춘천시청,033-250-4043,2025-07-14
향토마을,일반가맹점,한식,강원특별자치도,춘천시,4181000,강원특별자치도춘천시 석사동 645,033-261-3553,강원특별자치도 춘천시청,033-250-4043,2025-07-14
향토숯불닭갈비막국수,일반가맹점,한식,강원특별자치도,춘천시,4181000,강원특별자치도춘천시 칠전동 17블럭5롯트,033-263-0980,강원특별자치도 춘천시청,033-250-4043,2025-07-14
향토원앙닭갈비,일반가맹점,한식,강원특별자치도,춘천시,4181000,강원특별자치도춘천시 벌말길 98 (석사동),033-262-9080,강원특별자치도 춘천시청,033-250-4043,2025-07-14
향희,일반가맹점,중식,강원특별자치도,춘천시,4181000,강원특별자치도춘천시 효자동 757-9,033-242-1618,강원특별자치도 춘천시청,033-250-4043,2025-07-14
허밍면옥,일반가맹점,한식,강원특별자치도,춘천시,4181000,강원특별자치도 춘천시 충열로16번길 29 1층,,강원특별자치도 춘천시청,033-250-4043,2025-07-14
헬로(HelRO),일반가맹점,제과점,강원특별자치도,춘천시,4181000,강원특별자치도 춘천시 성심로 51 2동1층(효자동),070-4010-2599,강원특별자치도 춘천시청,033-250-4043,2025-07-14
헬로데일리그린,일반가맹점,일반대중음식,강원특별자치도,춘천시,4181000,강원특별자치도 춘천시 낙원길33번길 2 ..,033-020-1111,강원특별자치도 춘천시청,033-250-4043,2025-07-14
현대뚝배기,일반가맹점,일반대중음식,강원특별자치도,춘천시,4181000,강원특별자치도 춘천시 후석로455번길 55-3 1층,033-255-5852,강원특별자치도 춘천시청,033-250-4043,2025-07-14
현대메밀,일반가맹점,한식,강원특별자치도,춘천시,4181000,강원특별자치도 춘천시 남춘로5번길 29-1 1층,,강원특별자치도 춘천시청,033-250-4043,2025-07-14
현대반점,일반가맹점,중식,강원특별자치도,춘천시,4181000,강원특별자치도춘천시 소양로2가 현대상가 B-7,033-257-7575,강원특별자치도 춘천시청,033-250-4043,2025-07-14
현대식당,일반가맹점,한식,강원특별자치도,춘천시,4181000,강원특별자치도춘천시 운교동 183-1번지,033-251-2939,강원특별자치도 춘천시청,033-250-4043,2025-07-14
현암막국수,일반가맹점,한식,강원특별자치도,춘천시,4181000,강원특별자치도 춘천시 서면 박사로 863 .,033-243-7361,강원특별자치도 춘천시청,033-250-4043,2025-07-14
현이네,일반가맹점,한식,강원특별자치도,춘천시,4181000,강원특별자치도춘천시 동내면 동내로 84,033-262-5834,강원특별자치도 춘천시청,033-250-4043,2025-07-14
현지네 전집,일반가맹점,한식,강원특별자치도,춘천시,4181000,강원특별자치도 춘천시 춘천로310번길 23 후평동 1단지 시장 내,033-251-8279,강원특별자치도 춘천시청,033-250-4043,2025-07-14
협동조합 빅샌,일반가맹점,일반대중음식,강원특별자치도,춘천시,4181000,강원특별자치도춘천시 봉의산길22번길 29 (옥천동),033-251-2727,강원특별자치도 춘천시청,033-250-4043,2025-07-14
형과아우,일반가맹점,한식,강원특별자치도,춘천시,4181000,강원특별자치도춘천시 애막골길 21 (석사동),033-261-2939,강원특별자치도 춘천시청,033-250-4043,2025-07-14
형제반점,일반가맹점,중식,강원특별자치도,춘천시,4181000,강원특별자치도 춘천시 춘천로 65 1 층,033-254-1365,강원특별자치도 춘천시청,033-250-4043,2025-07-14
형제숯불닭갈비,일반가맹점,한식,강원특별자치도,춘천시,4181000,강원특별자치도춘천시 후만로 79 (후평동),033-255-1888,강원특별자치도 춘천시청,033-250-4043,2025-07-14
형제식당,일반가맹점,한식,강원특별자치도,춘천시,4181000,강원특별자치도 춘천시 공지로 295 1층,033-255-6147,강원특별자치도 춘천시청,033-250-4043,2025-07-14
형제육회,일반가맹점,한식,강원특별자치도,춘천시,4181000,강원특별자치도 춘천시 스무숲길 34 1층,033-264-6489,강원특별자치도 춘천시청,033-250-4043,2025-07-14
혜리네스낵,일반가맹점,일반대중음식,강원특별자치도,춘천시,4181000,강원특별자치도춘천시 석사동 726-7번지 1층,033-262-4030,강원특별자치도 춘천시청,033-250-4043,2025-07-14
혜윰,일반가맹점,일반대중음식,강원특별자치도,춘천시,4181000,강원특별자치도 춘천시 신동면 옛경춘로 116 .,,강원특별자치도 춘천시청,033-250-4043,2025-07-14
혜정닭갈비,일반가맹점,일반대중음식,강원특별자치도,춘천시,4181000,강원특별자치도 춘천시 금강로62번길 11-1 1층,033-256-5910,강원특별자치도 춘천시청,033-250-4043,2025-07-14
호남식당원조1호닭갈비막국수,일반가맹점,한식,강원특별자치도,춘천시,4181000,강원특별자치도춘천시 공지로 603-4 (근화동),033-257-6611,강원특별자치도 춘천시청,033-250-4043,2025-07-14
호돈,일반가맹점,한식,강원특별자치도,춘천시,4181000,"강원특별자치도춘천시 춘천로44번길 18, 1동 (퇴계동)",033-244-9288,강원특별자치도 춘천시청,033-250-4043,2025-07-14
호동김밥,일반가맹점,한식,강원특별자치도,춘천시,4181000,"강원특별자치도 춘천시 사우로 38 105,106동",,강원특별자치도 춘천시청,033-250-4043,2025-07-14
호두멜로우,일반가맹점,일반대중음식,강원특별자치도,춘천시,4181000,강원특별자치도 춘천시 동면 춘천순환로 630 1층,,강원특별자치도 춘천시청,033-250-4043,2025-07-14
호두앤미온의점,일반가맹점,제과점,강원특별자치도,춘천시,4181000,강원특별자치도 춘천시 스포츠타운길 496 지하1층B104호(온의동),,강원특별자치도 춘천시청,033-250-4043,2025-07-14
호로록건진국수,일반가맹점,한식,강원특별자치도,춘천시,4181000,강원특별자치도 춘천시 서면 박사로 939 1층,033-241-5402,강원특별자치도 춘천시청,033-250-4043,2025-07-14
호미앤멜로우,일반가맹점,일반대중음식,강원특별자치도,춘천시,4181000,"강원특별자치도 춘천시 솟발1길 4-53 1,2층(퇴계동)",,강원특별자치도 춘천시청,033-250-4043,2025-07-14
호밀호두,일반가맹점,일반대중음식,강원특별자치도,춘천시,4181000,강원특별자치도 춘천시 김유정로 1887 1층(퇴계동),033-262-5259,강원특별자치도 춘천시청,033-250-4043,2025-07-14
호반기사식당,일반가맹점,한식,강원특별자치도,춘천시,4181000,강원특별자치도춘천시 퇴계동 684번지,033-255-8121,강원특별자치도 춘천시청,033-250-4043,2025-07-14
호반닭갈비,일반가맹점,한식,강원특별자치도,춘천시,4181000,강원특별자치도춘천시 세실로 202-1 (후평동),033-252-8983,강원특별자치도 춘천시청,033-250-4043,2025-07-14
호반닭갈비.막국수,일반가맹점,한식,강원특별자치도,춘천시,4181000,강원특별자치도 춘천시 춘주로92번길 35 1층,033-255-3999,강원특별자치도 춘천시청,033-250-4043,2025-07-14
호반송어회 배당전문점,일반가맹점,일반대중음식,강원특별자치도,춘천시,4181000,강원특별자치도 춘천시 후석로 65 1층,033-263-5698,강원특별자치도 춘천시청,033-250-4043,2025-07-14
호반식당,일반가맹점,한식,강원특별자치도,춘천시,4181000,강원특별자치도춘천시 당간지주길 81 (소양로1가),033-256-0848,강원특별자치도 춘천시청,033-250-4043,2025-07-14
호반중식뷔폐,일반가맹점,중식,강원특별자치도,춘천시,4181000,"강원특별자치도춘천시 공지로 605-6, 외 1필지 (근화동)",033-244-8311,강원특별자치도 춘천시청,033-250-4043,2025-07-14
호반추어탕,일반가맹점,한식,강원특별자치도,춘천시,4181000,강원특별자치도춘천시 퇴계동 680-2번지,033-251-5999,강원특별자치도 춘천시청,033-250-4043,2025-07-14
호반푸드,일반가맹점,한식,강원특별자치도,춘천시,4181000,"강원특별자치도 춘천시 스무숲1길 32-9 ,1층",033-263-8886,강원특별자치도 춘천시청,033-250-4043,2025-07-14
호봉이네,일반가맹점,일반대중음식,강원특별자치도,춘천시,4181000,강원특별자치도 춘천시 후석로326번길 5 1층103호,,강원특별자치도 춘천시청,033-250-4043,2025-07-14
호손만두,일반가맹점,한식,강원특별자치도,춘천시,4181000,강원특별자치도 춘천시 춘천로296번길 4 1층 (후평동),070-7547-3200,강원특별자치도 춘천시청,033-250-4043,2025-07-14
호수식당,일반가맹점,한식,강원특별자치도,춘천시,4181000,강원특별자치도춘천시 북산면 오봉산길 658,033-244-3452,강원특별자치도 춘천시청,033-250-4043,2025-07-14
호식이두마리치킨,일반가맹점,일반대중음식,강원특별자치도,춘천시,4181000,"강원특별자치도춘천시 춘천로296번길 21, 1동 105호 (후평동, 춘천더샵아파트)",033-255-9009,강원특별자치도 춘천시청,033-250-4043,2025-07-14
호식이두마리치킨(신사우동점),일반가맹점,일반대중음식,강원특별자치도,춘천시,4181000,강원특별자치도춘천시 신흥길5번길 4-20 (우두동),033-253-6662,강원특별자치도 춘천시청,033-250-4043,2025-07-14
호식이두마리치킨남춘천점,일반가맹점,일반대중음식,강원특별자치도,춘천시,4181000,"강원특별자치도춘천시 충혼길52번길 6-4, 1층 (온의동)",033-254-4999,강원특별자치도 춘천시청,033-250-4043,2025-07-14
호식이두마리치킨퇴계점,일반가맹점,일반대중음식,강원특별자치도,춘천시,4181000,강원특별자치도춘천시 퇴계동 945번지 퇴계금호타운상가 지하 20-22호,033-262-9022,강원특별자치도 춘천시청,033-250-4043,2025-07-14
호앤호,일반가맹점,한식,강원특별자치도,춘천시,4181000,강원특별자치도 춘천시 효자로 146 4층,033-911-8211,강원특별자치도 춘천시청,033-250-4043,2025-07-14
호야네,일반가맹점,한식,강원특별자치도,춘천시,4181000,강원특별자치도 춘천시 보안길 15 1층,033-252-8612,강원특별자치도 춘천시청,033-250-4043,2025-07-14
호원식당,일반가맹점,한식,강원특별자치도,춘천시,4181000,"강원특별자치도춘천시 남산면 북한강변길 346, 1층",033-263-9235,강원특별자치도 춘천시청,033-250-4043,2025-07-14
호주에서온스시,일반가맹점,일식,강원특별자치도,춘천시,4181000,강원특별자치도 춘천시 공지로 153 1층,033-257-0112,강원특별자치도 춘천시청,033-250-4043,2025-07-14
호주에서온스시춘천우두점,일반가맹점,일식,강원특별자치도,춘천시,4181000,강원특별자치도 춘천시 우두1길 70 .,033-257-0112,강원특별자치도 춘천시청,033-250-4043,2025-07-14
호천당춘천퇴계점,일반가맹점,일식,강원특별자치도,춘천시,4181000,강원특별자치도 춘천시 남춘로36번길 69 2층(퇴계동),033-261-9987,강원특별자치도 춘천시청,033-250-4043,2025-07-14
호호식당,일반가맹점,한식,강원특별자치도,춘천시,4181000,강원특별자치도 춘천시 퇴계농공로 13 1층,033-263-9233,강원특별자치도 춘천시청,033-250-4043,2025-07-14
혼,일반가맹점,한식,강원특별자치도,춘천시,4181000,강원특별자치도 춘천시 춘천로204번길 54 (효자동),070-7517-6700,강원특별자치도 춘천시청,033-250-4043,2025-07-14
홍가네,일반가맹점,일반대중음식,강원특별자치도,춘천시,4181000,강원특별자치도 춘천시 춘천로310번길 25 1층,,강원특별자치도 춘천시청,033-250-4043,2025-07-14
홍가네,일반가맹점,한식,강원특별자치도,춘천시,4181000,강원특별자치도 춘천시 춘주로187번길 20-7 1층,033-256-4072,강원특별자치도 춘천시청,033-250-4043,2025-07-14
홍골솔밭집,일반가맹점,한식,강원특별자치도,춘천시,4181000,강원특별자치도 춘천시 서면 신숭겸로 272-93 1층,033-243-2309,강원특별자치도 춘천시청,033-250-4043,2025-07-14
홍대김밥,일반가맹점,일반대중음식,강원특별자치도,춘천시,4181000,강원특별자치도 춘천시 삭주로 104 후평동,033-256-5936,강원특별자치도 춘천시청,033-250-4043,2025-07-14
홍대무라,일반가맹점,일식,강원특별자치도,춘천시,4181000,강원특별자치도 춘천시 성심로 11 1층,,강원특별자치도 춘천시청,033-250-4043,2025-07-14
홍두깨장칼국수,일반가맹점,한식,강원특별자치도,춘천시,4181000,강원특별자치도춘천시 춘주로147번길 11-1 (퇴계동),033-255-5954,강원특별자치도 춘천시청,033-250-4043,2025-07-14
홍두깨해물칼국수,일반가맹점,한식,강원특별자치도,춘천시,4181000,강원특별자치도 춘천시 동면 만천로 86 .,033-253-9945,강원특별자치도 춘천시청,033-250-4043,2025-07-14
홍루이젠퇴계점,일반가맹점,일반대중음식,강원특별자치도,춘천시,4181000,"강원특별자치도 춘천시 김유정로 1864 , 춘천퇴계세영리첼아파트 301동 1층 107호 (퇴계동)",032-263-2323,강원특별자치도 춘천시청,033-250-4043,2025-07-14
홍삼청국장,일반가맹점,한식,강원특별자치도,춘천시,4181000,강원특별자치도춘천시 동면 구룡당길 45,033-242-1616,강원특별자치도 춘천시청,033-250-4043,2025-07-14
홍어랑돼지랑,일반가맹점,한식,강원특별자치도,춘천시,4181000,강원특별자치도 춘천시 춘천로282번길 3 1층,033-252-4101,강원특별자치도 춘천시청,033-250-4043,2025-07-14
홍어짱,일반가맹점,한식,강원특별자치도,춘천시,4181000,"강원특별자치도춘천시 춘주로195번길 3, 1층 (퇴계동)",033-241-9387,강원특별자치도 춘천시청,033-250-4043,2025-07-14
홍익돈까스,일반가맹점,양식,강원특별자치도,춘천시,4181000,강원특별자치도 춘천시 새롬공원길5번길 11 (석사동),033-264-6585,강원특별자치도 춘천시청,033-250-4043,2025-07-14
홍천가보자 토종순대국밥,일반가맹점,한식,강원특별자치도,춘천시,4181000,강원특별자치도 춘천시 동내면 춘천순환로94번길 25 .,033-261-0877,강원특별자치도 춘천시청,033-250-4043,2025-07-14
홍천강다슬기해장국,일반가맹점,한식,강원특별자치도,춘천시,4181000,강원특별자치도춘천시 스포츠타운길 443-1 (삼천동),033-244-0048,강원특별자치도 춘천시청,033-250-4043,2025-07-14
홍천메밀부침,일반가맹점,한식,강원특별자치도,춘천시,4181000,"강원특별자치도춘천시 효자로 108, 1층 (효자동)",033-256-5195,강원특별자치도 춘천시청,033-250-4043,2025-07-14
홍천메밀부침,일반가맹점,한식,강원특별자치도,춘천시,4181000,강원특별자치도춘천시 온의동 29-3번지 외2필지,033-242-3275,강원특별자치도 춘천시청,033-250-4043,2025-07-14
홍청다슬기해장국,일반가맹점,한식,강원특별자치도,춘천시,4181000,강원특별자치도 춘천시 퇴계로 95 1층,033-261-3256,강원특별자치도 춘천시청,033-250-4043,2025-07-14
홍콩반점,일반가맹점,중식,강원특별자치도,춘천시,4181000,강원특별자치도춘천시 동내면 영서로 1778,033-254-2674,강원특별자치도 춘천시청,033-250-4043,2025-07-14
홍콩치킨아빠가만든집밥,일반가맹점,일반대중음식,강원특별자치도,춘천시,4181000,강원특별자치도 춘천시 후석로 393 1츤 (후평동),,강원특별자치도 춘천시청,033-250-4043,2025-07-14
홍탁삼합,일반가맹점,한식,강원특별자치도,춘천시,4181000,강원특별자치도 춘천시 스무숲3길 35 1층,033-261-8359,강원특별자치도 춘천시청,033-250-4043,2025-07-14
홍해아,일반가맹점,중식,강원특별자치도,춘천시,4181000,강원특별자치도춘천시 후만로116번길 4 (후평동),033-252-4577,강원특별자치도 춘천시청,033-250-4043,2025-07-14
화가마순대국,일반가맹점,한식,강원특별자치도,춘천시,4181000,강원특별자치도 춘천시 승지골길13번길 7-6 1층,,강원특별자치도 춘천시청,033-250-4043,2025-07-14
화가마순대국,일반가맹점,한식,강원특별자치도,춘천시,4181000,강원특별자치도 춘천시 충열로20번길 6 (우두동),070-4119-0481,강원특별자치도 춘천시청,033-250-4043,2025-07-14
화계닭갈비,일반가맹점,한식,강원특별자치도,춘천시,4181000,"강원특별자치도 춘천시 신북읍 신샘밭로 721 1동,2동",033-252-8001,강원특별자치도 춘천시청,033-250-4043,2025-07-14
화구박스,일반가맹점,일반대중음식,강원특별자치도,춘천시,4181000,강원특별자치도 춘천시 효자로 130 1층(효자동),,강원특별자치도 춘천시청,033-250-4043,2025-07-14
화덕생선구이청아랑,일반가맹점,한식,강원특별자치도,춘천시,4181000,강원특별자치도 춘천시 동면 만천로 81 1층,033-253-3792,강원특별자치도 춘천시청,033-250-4043,2025-07-14
화돈가든,일반가맹점,한식,강원특별자치도,춘천시,4181000,강원특별자치도 춘천시 우묵길78번길 11 1층,,강원특별자치도 춘천시청,033-250-4043,2025-07-14
화동손칼국수,일반가맹점,한식,강원특별자치도,춘천시,4181000,강원특별자치도춘천시 효자3동 640-5,033-251-4819,강원특별자치도 춘천시청,033-250-4043,2025-07-14
화락바베큐치킨 후평점,일반가맹점,일반대중음식,강원특별자치도,춘천시,4181000,강원특별자치도 춘천시 보안길 50-1 102호,032-257-7779,강원특별자치도 춘천시청,033-250-4043,2025-07-14
화락바베큐치킨춘천퇴계점,일반가맹점,일반대중음식,강원특별자치도,춘천시,4181000,강원특별자치도 춘천시 퇴계로 142 1층(퇴계동),033-261-9233,강원특별자치도 춘천시청,033-250-4043,2025-07-14
화람한우,일반가맹점,한식,강원특별자치도,춘천시,4181000,강원특별자치도 춘천시 수변공원길 11 삼천동 대호빌딩 3동4동,033-242-1510,강원특별자치도 춘천시청,033-250-4043,2025-07-14
화랑갈비,일반가맹점,한식,강원특별자치도,춘천시,4181000,강원특별자치도춘천시 춘천순환로 28 (석사동),033-910-9004,강원특별자치도 춘천시청,033-250-4043,2025-07-14
화로불,일반가맹점,한식,강원특별자치도,춘천시,4181000,"강원특별자치도춘천시 백령로 171, 3동 1층 (효자동)",033-251-2937,강원특별자치도 춘천시청,033-250-4043,2025-07-14
화로상회남춘천역점,일반가맹점,한식,강원특별자치도,춘천시,4181000,강원특별자치도 춘천시 우묵길52번길 10 1층,,강원특별자치도 춘천시청,033-250-4043,2025-07-14
화롯불,일반가맹점,한식,강원특별자치도,춘천시,4181000,강원특별자치도춘천시 충열로 166 (우두동),033-243-9289,강원특별자치도 춘천시청,033-250-4043,2025-07-14
화룡양꼬치,일반가맹점,한식,강원특별자치도,춘천시,4181000,강원특별자치도 춘천시 영서로 2763 (우두동),,강원특별자치도 춘천시청,033-250-4043,2025-07-14
화목오양족발,일반가맹점,일반대중음식,강원특별자치도,춘천시,4181000,강원특별자치도 춘천시 동내면 거두택지길 87-16 1층 101호,033-261-7772,강원특별자치도 춘천시청,033-250-4043,2025-07-14
화목원앞,일반가맹점,일반대중음식,강원특별자치도,춘천시,4181000,강원특별자치도 춘천시 화목원길 9 1층,,강원특별자치도 춘천시청,033-250-4043,2025-07-14
화산마라탕,일반가맹점,중식,강원특별자치도,춘천시,4181000,강원특별자치도 춘천시 삭주로 74 2층,,강원특별자치도 춘천시청,033-250-4043,2025-07-14
화산스파랜드3층매점,일반가맹점,일반대중음식,강원특별자치도,춘천시,4181000,강원특별자치도 춘천시 영서로 2309 3층,033-242-4011,강원특별자치도 춘천시청,033-250-4043,2025-07-14
화산해물찜,일반가맹점,한식,강원특별자치도,춘천시,4181000,강원특별자치도 춘천시 스포츠타운길 506 1층 (온의동),033-252-6464,강원특별자치도 춘천시청,033-250-4043,2025-07-14
화신매운갈비찜,일반가맹점,한식,강원특별자치도,춘천시,4181000,강원특별자치도춘천시 동내면 거두택지길14번길 5 화신매운갈비찜,033-261-1155,강원특별자치도 춘천시청,033-250-4043,2025-07-14
화양객잔,일반가맹점,한식,강원특별자치도,춘천시,4181000,강원특별자치도 춘천시 삭주로47번길 3 1층 (교동),070-997-9970,강원특별자치도 춘천시청,033-250-4043,2025-07-14
화정,일반가맹점,중식,강원특별자치도,춘천시,4181000,강원특별자치도춘천시 사북면 지촌리 471-3번지,033-243-7474,강원특별자치도 춘천시청,033-250-4043,2025-07-14
화천집,일반가맹점,한식,강원특별자치도,춘천시,4181000,강원특별자치도춘천시 우석로85번길 19-4 (석사동),033-241-0939,강원특별자치도 춘천시청,033-250-4043,2025-07-14
화포식당 춘천점,일반가맹점,한식,강원특별자치도,춘천시,4181000,강원특별자치도 춘천시 춘천로 306-5 105호106호,033-257-3697,강원특별자치도 춘천시청,033-250-4043,2025-07-14
화화돼지왕갈비퇴계점,일반가맹점,한식,강원특별자치도,춘천시,4181000,강원특별자치도 춘천시 남춘천길 33-1 퇴계동,033-244-1300,강원특별자치도 춘천시청,033-250-4043,2025-07-14
환이네부대찌개 왕감자탕,일반가맹점,한식,강원특별자치도,춘천시,4181000,강원특별자치도 춘천시 경춘로 2038-5 환이네,033-263-6786,강원특별자치도 춘천시청,033-250-4043,2025-07-14
환희관,일반가맹점,일반대중음식,강원특별자치도,춘천시,4181000,강원특별자치도 춘천시 애막골길11번길 19 (석사동),033-262-8486,강원특별자치도 춘천시청,033-250-4043,2025-07-14
황가네,일반가맹점,한식,강원특별자치도,춘천시,4181000,강원특별자치도춘천시 충혼길5번길 9-1 (퇴계동),033-254-6692,강원특별자치도 춘천시청,033-250-4043,2025-07-14
황가네 감자옹심이,일반가맹점,한식,강원특별자치도,춘천시,4181000,강원특별자치도 춘천시 춘천로255번길 2 1층,033-911-8881,강원특별자치도 춘천시청,033-250-4043,2025-07-14
황가네돈까스,일반가맹점,한식,강원특별자치도,춘천시,4181000,강원특별자치도춘천시 벌말길 86-1 (석사동),033-263-3353,강원특별자치도 춘천시청,033-250-4043,2025-07-14
황가네영양탕,일반가맹점,한식,강원특별자치도,춘천시,4181000,강원특별자치도춘천시 공지로441번길 10 (근화동),033-256-3302,강원특별자치도 춘천시청,033-250-4043,2025-07-14
황골막국수,일반가맹점,한식,강원특별자치도,춘천시,4181000,강원특별자치도춘천시 백령로 217-16 (후평동),033-257-7436,강원특별자치도 춘천시청,033-250-4043,2025-07-14
황골흑염소,일반가맹점,한식,강원특별자치도,춘천시,4181000,강원특별자치도춘천시 명주길5번길 29-1 (효자동),033-257-5991,강원특별자치도 춘천시청,033-250-4043,2025-07-14
황구마을,일반가맹점,한식,강원특별자치도,춘천시,4181000,강원특별자치도춘천시 퇴계동 11블럭2-3롯트,033-252-8292,강원특별자치도 춘천시청,033-250-4043,2025-07-14
황궁쟁반짜장우두점,일반가맹점,중식,강원특별자치도,춘천시,4181000,강원특별자치도춘천시 충열로 160 (우두동),033-241-0346,강원특별자치도 춘천시청,033-250-4043,2025-07-14
황금돼지저금통,일반가맹점,한식,강원특별자치도,춘천시,4181000,강원특별자치도춘천시 춘주로187번길 6-1 (퇴계동),033-255-9004,강원특별자치도 춘천시청,033-250-4043,2025-07-14
황금보쌈,일반가맹점,한식,강원특별자치도,춘천시,4181000,강원특별자치도 춘천시 후석로 395 1층,033-252-5585,강원특별자치도 춘천시청,033-250-4043,2025-07-14
황금불판삼겹살,일반가맹점,한식,강원특별자치도,춘천시,4181000,강원특별자치도 춘천시 행촌로32번길 5-14 1층,033-252-9233,강원특별자치도 춘천시청,033-250-4043,2025-07-14
황금어장,일반가맹점,한식,강원특별자치도,춘천시,4181000,"강원특별자치도춘천시 애막골길11번길 31-1, 1층 황금어장 (석사동)",033-244-2114,강원특별자치도 춘천시청,033-250-4043,2025-07-14
황대박숯불구이,일반가맹점,한식,강원특별자치도,춘천시,4181000,강원특별자치도 춘천시 사우벌길 21 1층(사농동),033-255-8999,강원특별자치도 춘천시청,033-250-4043,2025-07-14
황산차이나,일반가맹점,중식,강원특별자치도,춘천시,4181000,강원특별자치도춘천시 공지로 149-1 (석사동),033-263-8286,강원특별자치도 춘천시청,033-250-4043,2025-07-14
황소가마솥육개장,일반가맹점,한식,강원특별자치도,춘천시,4181000,강원특별자치도 춘천시 동내면 영서로 1759 1층,033-262-2395,강원특별자치도 춘천시청,033-250-4043,2025-07-14
황소닭갈비,일반가맹점,한식,강원특별자치도,춘천시,4181000,"강원특별자치도춘천시 안마산로 26, 1층 (온의동)",033-254-3040,강원특별자치도 춘천시청,033-250-4043,2025-07-14
황소닭갈비본점,일반가맹점,한식,강원특별자치도,춘천시,4181000,강원특별자치도 춘천시 안마산로 34-16 1층 온의동,033-242-6445,강원특별자치도 춘천시청,033-250-4043,2025-07-14
황소돌곱창구이,일반가맹점,일반대중음식,강원특별자치도,춘천시,4181000,강원특별자치도 춘천시 우석로67번길 17 1층,033-262-1592,강원특별자치도 춘천시청,033-250-4043,2025-07-14
황소돌곱창구이 삼천점,일반가맹점,한식,강원특별자치도,춘천시,4181000,강원특별자치도 춘천시 옛경춘로 804 1층,033-255-0246,강원특별자치도 춘천시청,033-250-4043,2025-07-14
황소한우곰탕,일반가맹점,한식,강원특별자치도,춘천시,4181000,강원특별자치도 춘천시 동면 금촌로 398 .,033-256-0093,강원특별자치도 춘천시청,033-250-4043,2025-07-14
황쓰도깨비집숯불닭갈비,일반가맹점,한식,강원특별자치도,춘천시,4181000,"강원특별자치도 춘천시 금강로62번길 11 ,",033-241-0052,강원특별자치도 춘천시청,033-250-4043,2025-07-14
황씨보쌈,일반가맹점,한식,강원특별자치도,춘천시,4181000,강원특별자치도춘천시 우석로79번길 16-16 (석사동),033-256-8633,강원특별자치도 춘천시청,033-250-4043,2025-07-14
황제 돼지갈비 효자점,일반가맹점,한식,강원특별자치도,춘천시,4181000,강원특별자치도 춘천시 춘천로176번길 9-1 1층,,강원특별자치도 춘천시청,033-250-4043,2025-07-14
황제돼지갈비,일반가맹점,한식,강원특별자치도,춘천시,4181000,강원특별자치도 춘천시 동내면 춘천순환로72번길 42 1층,033-261-4729,강원특별자치도 춘천시청,033-250-4043,2025-07-14
황제돼지갈비만천점,일반가맹점,한식,강원특별자치도,춘천시,4181000,강원특별자치도 춘천시 동면 만군길 12 .,,강원특별자치도 춘천시청,033-250-4043,2025-07-14
황제치킨,일반가맹점,한식,강원특별자치도,춘천시,4181000,강원특별자치도춘천시 삭주로128번길 20 (후평동),033-252-6766,강원특별자치도 춘천시청,033-250-4043,2025-07-14
황종안스시,일반가맹점,일식,강원특별자치도,춘천시,4181000,강원특별자치도 춘천시 동내면 춘천순환로116번길 7 지하1층,033-262-7789,강원특별자치도 춘천시청,033-250-4043,2025-07-14
황태마을,일반가맹점,한식,강원특별자치도,춘천시,4181000,강원특별자치도춘천시 충혼길8번길 20-1 (온의동),033-251-8253,강원특별자치도 춘천시청,033-250-4043,2025-07-14
황태와미꾸리네,일반가맹점,한식,강원특별자치도,춘천시,4181000,"강원특별자치도춘천시 퇴계로69번길 3, 1층 (퇴계동)",033-252-3790,강원특별자치도 춘천시청,033-250-4043,2025-07-14
황토숯불닭갈비,일반가맹점,한식,강원특별자치도,춘천시,4181000,강원특별자치도춘천시 보안길 15 (후평동),033-244-4595,강원특별자치도 춘천시청,033-250-4043,2025-07-14
황토숯불닭갈비,일반가맹점,한식,강원특별자치도,춘천시,4181000,강원특별자치도춘천시 공지로 438 (근화동),033-254-8055,강원특별자치도 춘천시청,033-250-4043,2025-07-14
황토영광장어,일반가맹점,한식,강원특별자치도,춘천시,4181000,강원특별자치도춘천시 애막골길3번길 30-1 (석사동),033-263-4705,강원특별자치도 춘천시청,033-250-4043,2025-07-14
황토오리집,일반가맹점,한식,강원특별자치도,춘천시,4181000,강원특별자치도춘천시 남산면 강촌구곡길 9,033-261-5940,강원특별자치도 춘천시청,033-250-4043,2025-07-14
황토집,일반가맹점,한식,강원특별자치도,춘천시,4181000,강원특별자치도춘천시 벌말길 54-1 (석사동),033-257-7792,강원특별자치도 춘천시청,033-250-4043,2025-07-14
황토집 숯불닭갈비,일반가맹점,한식,강원특별자치도,춘천시,4181000,강원특별자치도춘천시 신북읍 신샘밭로 656-9,033-243-4705,강원특별자치도 춘천시청,033-250-4043,2025-07-14
황후가만들다,일반가맹점,일반대중음식,강원특별자치도,춘천시,4181000,강원특별자치도 춘천시 동면 한솔만천로 15-5 1층,033-243-4567,강원특별자치도 춘천시청,033-250-4043,2025-07-14
황후네뒷고기,일반가맹점,한식,강원특별자치도,춘천시,4181000,강원특별자치도춘천시 춘주로187번길 10 (퇴계동),,강원특별자치도 춘천시청,033-250-4043,2025-07-14
회빈장,일반가맹점,중식,강원특별자치도,춘천시,4181000,강원특별자치도춘천시 남춘로36번길 54 (퇴계동),033-261-1879,강원특별자치도 춘천시청,033-250-4043,2025-07-14
회사랑,일반가맹점,일식,강원특별자치도,춘천시,4181000,강원특별자치도 춘천시 스무숲3길 6 1층,,강원특별자치도 춘천시청,033-250-4043,2025-07-14
회솜씨,일반가맹점,일반대중음식,강원특별자치도,춘천시,4181000,강원특별자치도 춘천시 후석로 253-1 1층,033-256-9700,강원특별자치도 춘천시청,033-250-4043,2025-07-14
회양횟집,일반가맹점,한식,강원특별자치도,춘천시,4181000,강원특별자치도춘천시 서면 삿갓봉길 21,033-244-2172,강원특별자치도 춘천시청,033-250-4043,2025-07-14
회영루,일반가맹점,중식,강원특별자치도,춘천시,4181000,강원특별자치도춘천시 소양로3가 180-6번지,033-254-3841,강원특별자치도 춘천시청,033-250-4043,2025-07-14
회장메,일반가맹점,일반대중음식,강원특별자치도,춘천시,4181000,강원특별자치도춘천시 화목원길 21 (사농동),033-255-2521,강원특별자치도 춘천시청,033-250-4043,2025-07-14
회향,일반가맹점,일식,강원특별자치도,춘천시,4181000,강원특별자치도 춘천시 백령로138번길 16 .,,강원특별자치도 춘천시청,033-250-4043,2025-07-14
횡성기사식당,일반가맹점,한식,강원특별자치도,춘천시,4181000,"강원특별자치도춘천시 동내면 영서로 1768, 횡성기사식당",033-261-5199,강원특별자치도 춘천시청,033-250-4043,2025-07-14
효당칼국수,일반가맹점,한식,강원특별자치도,춘천시,4181000,강원특별자치도 춘천시 남면 충효로 865 .,,강원특별자치도 춘천시청,033-250-4043,2025-07-14
효자골,일반가맹점,한식,강원특별자치도,춘천시,4181000,강원특별자치도 춘천시 춘천로67번길 8 1층(효자동),,강원특별자치도 춘천시청,033-250-4043,2025-07-14
효자골영양탕,일반가맹점,한식,강원특별자치도,춘천시,4181000,강원특별자치도춘천시 새롬공원길9번길 6-5 (석사동),033-254-4100,강원특별자치도 춘천시청,033-250-4043,2025-07-14
효자누룽지백숙,일반가맹점,한식,강원특별자치도,춘천시,4181000,강원특별자치도 춘천시 효자문길19번길 1-2 1층,070-8691-1119,강원특별자치도 춘천시청,033-250-4043,2025-07-14
효자동 돼지갈비,일반가맹점,한식,강원특별자치도,춘천시,4181000,강원특별자치도 춘천시 백령로138번길 28 1층,033-252-5838,강원특별자치도 춘천시청,033-250-4043,2025-07-14
효자동디저트,일반가맹점,제과점,강원특별자치도,춘천시,4181000,강원특별자치도 춘천시 공지로 276 1층,,강원특별자치도 춘천시청,033-250-4043,2025-07-14
효자동설렁탕효자점,일반가맹점,한식,강원특별자치도,춘천시,4181000,강원특별자치도 춘천시 남춘로61번길 4 1층 효자동설렁탕효자점,033-256-2561,강원특별자치도 춘천시청,033-250-4043,2025-07-14
효자동솥뚜껑애막골점,일반가맹점,한식,강원특별자치도,춘천시,4181000,강원특별자치도 춘천시 애막골길3번길 22 1층,,강원특별자치도 춘천시청,033-250-4043,2025-07-14
효자동해물칼국수,일반가맹점,한식,강원특별자치도,춘천시,4181000,강원특별자치도춘천시 남춘로51번길 34 (효자동),033-255-2714,강원특별자치도 춘천시청,033-250-4043,2025-07-14
효자양과점,일반가맹점,일반대중음식,강원특별자치도,춘천시,4181000,강원특별자치도 춘천시 백령로 138 103호,,강원특별자치도 춘천시청,033-250-4043,2025-07-14
효자집,일반가맹점,한식,강원특별자치도,춘천시,4181000,강원특별자치도춘천시 온의동 29-3번지 외29필지상가 11동 73호,033-254-1094,강원특별자치도 춘천시청,033-250-4043,2025-07-14
효자황태구이(해장국),일반가맹점,한식,강원특별자치도,춘천시,4181000,강원특별자치도춘천시 공지로297번길 24 (효자동),033-253-9988,강원특별자치도 춘천시청,033-250-4043,2025-07-14
후다다닭,일반가맹점,일반대중음식,강원특별자치도,춘천시,4181000,"강원특별자치도춘천시 공지로218번길 26 , 상가동 105호 (효자동, 효자코아루웰라움)",033-261-1833,강원특별자치도 춘천시청,033-250-4043,2025-07-14
후동리닭갈비,일반가맹점,한식,강원특별자치도,춘천시,4181000,강원특별자치도 춘천시 남면 소주고개로 181-6 1층,033-262-1110,강원특별자치도 춘천시청,033-250-4043,2025-07-14
후라이드 참 잘하는 집,일반가맹점,일반대중음식,강원특별자치도,춘천시,4181000,강원특별자치도 춘천시 춘천로 222 1층,033-254-7997,강원특별자치도 춘천시청,033-250-4043,2025-07-14
후라이드바삭킹(강원대점),일반가맹점,일반대중음식,강원특별자치도,춘천시,4181000,"강원특별자치도 춘천시 백령로 5 , 1층",033-263-9971,강원특별자치도 춘천시청,033-250-4043,2025-07-14
후라이드참잘하는집 퇴계석사점,일반가맹점,일반대중음식,강원특별자치도,춘천시,4181000,강원특별자치도 춘천시 퇴계로 139-1 102 호,033-263-9294,강원특별자치도 춘천시청,033-250-4043,2025-07-14
후루후루,일반가맹점,일반대중음식,강원특별자치도,춘천시,4181000,강원특별자치도 춘천시 후석로 298 1층 103호(후평동),033-255-1117,강원특별자치도 춘천시청,033-250-4043,2025-07-14
후평1번지닭갈비,일반가맹점,한식,강원특별자치도,춘천시,4181000,"강원특별자치도 춘천시 후석로 247 2층(후평동, 후평플라자)",033-256-5033,강원특별자치도 춘천시청,033-250-4043,2025-07-14
후평2동페리카나,일반가맹점,일반대중음식,강원특별자치도,춘천시,4181000,"강원특별자치도춘천시 후만로 37, 일반점포동 1층 1호 (후평동, 주공6단지아파트)",033-251-9253,강원특별자치도 춘천시청,033-250-4043,2025-07-14
후평각,일반가맹점,중식,강원특별자치도,춘천시,4181000,강원특별자치도춘천시 춘천로 292 (후평동),033-254-2049,강원특별자치도 춘천시청,033-250-4043,2025-07-14
후평고깃집,일반가맹점,한식,강원특별자치도,춘천시,4181000,"강원특별자치도춘천시 삭주로 110, 1층 103호 (후평동)",033-262-9289,강원특별자치도 춘천시청,033-250-4043,2025-07-14
후평김밥나라,일반가맹점,한식,강원특별자치도,춘천시,4181000,강원특별자치도춘천시 후석로 298 (후평동),033-243-2131,강원특별자치도 춘천시청,033-250-4043,2025-07-14
후평당,일반가맹점,일반대중음식,강원특별자치도,춘천시,4181000,강원특별자치도 춘천시 삭주로 217 1층(후평동),,강원특별자치도 춘천시청,033-250-4043,2025-07-14
후평동,일반가맹점,한식,강원특별자치도,춘천시,4181000,강원특별자치도춘천시 뒷들길 46-1 (후평동),033-253-8744,강원특별자치도 춘천시청,033-250-4043,2025-07-14
후평별식,일반가맹점,일반대중음식,강원특별자치도,춘천시,4181000,강원특별자치도 춘천시 후석로 415-1 1층,033-242-3863,강원특별자치도 춘천시청,033-250-4043,2025-07-14
후평옛날통닭,일반가맹점,일반대중음식,강원특별자치도,춘천시,4181000,"강원특별자치도 춘천시 보안길 36 1층(후평동, 우미린뉴시티)",033-242-1022,강원특별자치도 춘천시청,033-250-4043,2025-07-14
후평왕족발,일반가맹점,한식,강원특별자치도,춘천시,4181000,강원특별자치도춘천시 춘천로 293 (후평동),033-242-2926,강원특별자치도 춘천시청,033-250-4043,2025-07-14
후평칼국수,일반가맹점,한식,강원특별자치도,춘천시,4181000,강원특별자치도 춘천시 춘천로 384 1층,033-252-1772,강원특별자치도 춘천시청,033-250-4043,2025-07-14
훈연고기,일반가맹점,한식,강원특별자치도,춘천시,4181000,강원특별자치도 춘천시 춘천로281번길 1 1층,033-242-0710,강원특별자치도 춘천시청,033-250-4043,2025-07-14
훈이꽃게장 춘천점,일반가맹점,일반대중음식,강원특별자치도,춘천시,4181000,"강원특별자치도 춘천시 스포츠타운길 432 1층 103,4,5호",033-243-1119,강원특별자치도 춘천시청,033-250-4043,2025-07-14
훈이네식당,일반가맹점,한식,강원특별자치도,춘천시,4181000,강원특별자치도춘천시 우묵길70번길 7 (퇴계동),033-241-5027,강원특별자치도 춘천시청,033-250-4043,2025-07-14
훈짬뽕,일반가맹점,중식,강원특별자치도,춘천시,4181000,강원특별자치도 춘천시 효자로14번길 7 (퇴계동),033-256-5438,강원특별자치도 춘천시청,033-250-4043,2025-07-14
훌랄라숯불바베큐후평점,일반가맹점,일반대중음식,강원특별자치도,춘천시,4181000,강원특별자치도 춘천시 후석로 318 1층 102호,070-4006-1948,강원특별자치도 춘천시청,033-250-4043,2025-07-14
훌랄라참숯바베큐치킨 춘천퇴계점,일반가맹점,일반대중음식,강원특별자치도,춘천시,4181000,강원특별자치도 춘천시 퇴계로145번길 3-4 1층,033-262-8292,강원특별자치도 춘천시청,033-250-4043,2025-07-14
훗(hoot),일반가맹점,일반대중음식,강원특별자치도,춘천시,4181000,강원특별자치도 춘천시 중앙로 32 104호,,강원특별자치도 춘천시청,033-250-4043,2025-07-14
휘게(HYGGE),일반가맹점,일반대중음식,강원특별자치도,춘천시,4181000,강원특별자치도 춘천시 퇴계로 140 상가동 1층(퇴계동),,강원특별자치도 춘천시청,033-250-4043,2025-07-14
휴게대게직판장,일반가맹점,일반대중음식,강원특별자치도,춘천시,4181000,강원특별자치도 춘천시 공지로 256 1층,033-818-9221,강원특별자치도 춘천시청,033-250-4043,2025-07-14
휴게소춘천점,일반가맹점,일반대중음식,강원특별자치도,춘천시,4181000,강원특별자치도 춘천시 서부대성로205번길 4 1층,,강원특별자치도 춘천시청,033-250-4043,2025-07-14
휴더테이블,일반가맹점,일식,강원특별자치도,춘천시,4181000,강원특별자치도 춘천시 서부대성로44번길 19-1 요선동,,강원특별자치도 춘천시청,033-250-4043,2025-07-14
흙고을,일반가맹점,한식,강원특별자치도,춘천시,4181000,강원특별자치도춘천시 동면 가산로 160-69,033-242-0308,강원특별자치도 춘천시청,033-250-4043,2025-07-14
흥부곱창,일반가맹점,한식,강원특별자치도,춘천시,4181000,"강원특별자치도춘천시 스무숲1길 38, 1층 (석사동)",033-252-4978,강원특별자치도 춘천시청,033-250-4043,2025-07-14
흥부밥상,일반가맹점,한식,강원특별자치도,춘천시,4181000,강원특별자치도춘천시 신동면 250,033-261-6750,강원특별자치도 춘천시청,033-250-4043,2025-07-14
흥부왕족발,일반가맹점,한식,강원특별자치도,춘천시,4181000,강원특별자치도춘천시 후석로390번길 23-1 (후평동),033-241-8286,강원특별자치도 춘천시청,033-250-4043,2025-07-14
흥부전,일반가맹점,한식,강원특별자치도,춘천시,4181000,강원특별자치도춘천시 벌말길 93 (석사동),033-253-1566,강원특별자치도 춘천시청,033-250-4043,2025-07-14
흥부찜닭춘천효자점,일반가맹점,일반대중음식,강원특별자치도,춘천시,4181000,강원특별자치도춘천시 둥지길 34 (효자동),,강원특별자치도 춘천시청,033-250-4043,2025-07-14
흥주선비국밥,일반가맹점,한식,강원특별자치도,춘천시,4181000,"강원특별자치도춘천시 동면 춘천로449번길 24-5, 1층",033-242-9987,강원특별자치도 춘천시청,033-250-4043,2025-07-14
흥주선비국밥,일반가맹점,중식,강원특별자치도,춘천시,4181000,강원특별자치도 춘천시 동면 만천로 67 1층,,강원특별자치도 춘천시청,033-250-4043,2025-07-14
흥주푸드,일반가맹점,한식,강원특별자치도,춘천시,4181000,강원특별자치도 춘천시 동면 춘천로449번길 26-2 1층,033-244-7111,강원특별자치도 춘천시청,033-250-4043,2025-07-14
희락,일반가맹점,일식,강원특별자치도,춘천시,4181000,강원특별자치도 춘천시 세실로 198 1층,033-253-1258,강원특별자치도 춘천시청,033-250-4043,2025-07-14
희야네솥뚜껑삼겹살,일반가맹점,한식,강원특별자치도,춘천시,4181000,강원특별자치도 춘천시 옛경춘로 806 1층,033-251-5150,강원특별자치도 춘천시청,033-250-4043,2025-07-14
희정장어구이,일반가맹점,한식,강원특별자치도,춘천시,4181000,강원특별자치도춘천시 시청길 26 (조양동),033-254-2385,강원특별자치도 춘천시청,033-250-4043,2025-07-14
힐링엔 집밥,일반가맹점,일반대중음식,강원특별자치도,춘천시,4181000,강원특별자치도 춘천시 동내면 학곡서3길 58 .,,강원특별자치도 춘천시청,033-250-4043,2025-07-14
힘난다버거 롯데마트춘천점,일반가맹점,패스트푸드,강원특별자치도,춘천시,4181000,강원특별자치도 춘천시 방송길 84 롯데마트 2층,033-257-2105,강원특별자치도 춘천시청,033-250-4043,2025-07-14
